Copyright 1986-2017 Xilinx, Inc. All Rights Reserved.
-----------------------------------------------------------------------------------------------------------------------------------------------------------
| Tool Version : Vivado v.2017.4 (win64) Build 2086221 Fri Dec 15 20:55:39 MST 2017
| Date         : Wed Dec  4 23:06:00 2024
| Host         : LAPTOP-8FN33LQG running 64-bit major release  (build 9200)
| Command      : report_timing_summary -max_paths 10 -file rs485_top_timing_summary_routed.rpt -rpx rs485_top_timing_summary_routed.rpx -warn_on_violation
| Design       : rs485_top
| Device       : 7z020-clg400
| Speed File   : -2  PRODUCTION 1.11 2014-09-11
-----------------------------------------------------------------------------------------------------------------------------------------------------------

Timing Summary Report

------------------------------------------------------------------------------------------------
| Timer Settings
| --------------
------------------------------------------------------------------------------------------------

  Enable Multi Corner Analysis               :  Yes
  Enable Pessimism Removal                   :  Yes
  Pessimism Removal Resolution               :  Nearest Common Node
  Enable Input Delay Default Clock           :  No
  Enable Preset / Clear Arcs                 :  No
  Disable Flight Delays                      :  No
  Ignore I/O Paths                           :  No
  Timing Early Launch at Borrowing Latches   :  false

  Corner  Analyze    Analyze    
  Name    Max Paths  Min Paths  
  ------  ---------  ---------  
  Slow    Yes        Yes        
  Fast    Yes        Yes        



check_timing report

Table of Contents
-----------------
1. checking no_clock
2. checking constant_clock
3. checking pulse_width_clock
4. checking unconstrained_internal_endpoints
5. checking no_input_delay
6. checking no_output_delay
7. checking multiple_clock
8. checking generated_clocks
9. checking loops
10. checking partial_input_delay
11. checking partial_output_delay
12. checking latch_loops

1. checking no_clock
--------------------
 There are 0 register/latch pins with no clock.


2. checking constant_clock
--------------------------
 There are 0 register/latch pins with constant_clock.


3. checking pulse_width_clock
-----------------------------
 There are 0 register/latch pins which need pulse_width check


4. checking unconstrained_internal_endpoints
--------------------------------------------
 There are 0 pins that are not constrained for maximum delay.

 There are 0 pins that are not constrained for maximum delay due to constant clock.


5. checking no_input_delay
--------------------------
 There are 3 input ports with no input delay specified. (HIGH)

 There are 0 input ports with no input delay but user has a false path constraint.


6. checking no_output_delay
---------------------------
 There are 4 ports with no output delay specified. (HIGH)

 There are 0 ports with no output delay but user has a false path constraint

 There are 0 ports with no output delay but with a timing clock defined on it or propagating through it


7. checking multiple_clock
--------------------------
 There are 0 register/latch pins with multiple clocks.


8. checking generated_clocks
----------------------------
 There are 0 generated clocks that are not connected to a clock source.


9. checking loops
-----------------
 There are 0 combinational loops in the design.


10. checking partial_input_delay
--------------------------------
 There are 0 input ports with partial input delay specified.


11. checking partial_output_delay
---------------------------------
 There are 0 ports with partial output delay specified.


12. checking latch_loops
------------------------
 There are 0 combinational latch loops in the design through latch input



------------------------------------------------------------------------------------------------
| Design Timing Summary
| ---------------------
------------------------------------------------------------------------------------------------

    WNS(ns)      TNS(ns)  TNS Failing Endpoints  TNS Total Endpoints      WHS(ns)      THS(ns)  THS Failing Endpoints  THS Total Endpoints     WPWS(ns)     TPWS(ns)  TPWS Failing Endpoints  TPWS Total Endpoints  
    -------      -------  ---------------------  -------------------      -------      -------  ---------------------  -------------------     --------     --------  ----------------------  --------------------  
     14.437        0.000                      0                  584        0.059        0.000                      0                  584        9.500        0.000                       0                   335  


All user specified timing constraints are met.


------------------------------------------------------------------------------------------------
| Clock Summary
| -------------
------------------------------------------------------------------------------------------------

Clock    Waveform(ns)       Period(ns)      Frequency(MHz)
-----    ------------       ----------      --------------
sys_clk  {0.000 10.000}     20.000          50.000          


------------------------------------------------------------------------------------------------
| Intra Clock Table
| -----------------
------------------------------------------------------------------------------------------------

Clock             WNS(ns)      TNS(ns)  TNS Failing Endpoints  TNS Total Endpoints      WHS(ns)      THS(ns)  THS Failing Endpoints  THS Total Endpoints     WPWS(ns)     TPWS(ns)  TPWS Failing Endpoints  TPWS Total Endpoints  
-----             -------      -------  ---------------------  -------------------      -------      -------  ---------------------  -------------------     --------     --------  ----------------------  --------------------  
sys_clk            14.437        0.000                      0                  584        0.059        0.000                      0                  584        9.500        0.000                       0                   335  


------------------------------------------------------------------------------------------------
| Inter Clock Table
| -----------------
------------------------------------------------------------------------------------------------

From Clock    To Clock          WNS(ns)      TNS(ns)  TNS Failing Endpoints  TNS Total Endpoints      WHS(ns)      THS(ns)  THS Failing Endpoints  THS Total Endpoints  
----------    --------          -------      -------  ---------------------  -------------------      -------      -------  ---------------------  -------------------  


------------------------------------------------------------------------------------------------
| Other Path Groups Table
| -----------------------
------------------------------------------------------------------------------------------------

Path Group    From Clock    To Clock          WNS(ns)      TNS(ns)  TNS Failing Endpoints  TNS Total Endpoints      WHS(ns)      THS(ns)  THS Failing Endpoints  THS Total Endpoints  
----------    ----------    --------          -------      -------  ---------------------  -------------------      -------      -------  ---------------------  -------------------  


------------------------------------------------------------------------------------------------
| Timing Details
| --------------
------------------------------------------------------------------------------------------------


---------------------------------------------------------------------------------------------------
From Clock:  sys_clk
  To Clock:  sys_clk

Setup :            0  Failing Endpoints,  Worst Slack       14.437ns,  Total Violation        0.000ns
Hold  :            0  Failing Endpoints,  Worst Slack        0.059ns,  Total Violation        0.000ns
PW    :            0  Failing Endpoints,  Worst Slack        9.500ns,  Total Violation        0.000ns
---------------------------------------------------------------------------------------------------


Max Delay Paths
--------------------------------------------------------------------------------------
Slack (MET) :             14.437ns  (required time - arrival time)
  Source:                 rs485_m0/data_count_reg[1]/C
                            (rising edge-triggered cell FDCE clocked by sys_clk  {rise@0.000ns fall@10.000ns period=20.000ns})
  Destination:            rs485_m0/rs485_de_reg/CE
                            (rising edge-triggered cell FDCE clocked by sys_clk  {rise@0.000ns fall@10.000ns period=20.000ns})
  Path Group:             sys_clk
  Path Type:              Setup (Max at Slow Process Corner)
  Requirement:            20.000ns  (sys_clk rise@20.000ns - sys_clk rise@0.000ns)
  Data Path Delay:        5.336ns  (logic 1.767ns (33.117%)  route 3.569ns (66.883%))
  Logic Levels:           6  (CARRY4=3 LUT4=1 LUT5=1 LUT6=1)
  Clock Path Skew:        -0.024ns (DCD - SCD + CPR)
    Destination Clock Delay (DCD):    4.545ns = ( 24.545 - 20.000 ) 
    Source Clock Delay      (SCD):    4.947ns
    Clock Pessimism Removal (CPR):    0.379ns
  Clock Uncertainty:      0.035ns  ((TSJ^2 + TIJ^2)^1/2 + DJ) / 2 + PE
    Total System Jitter     (TSJ):    0.071ns
    Total Input Jitter      (TIJ):    0.000ns
    Discrete Jitter          (DJ):    0.000ns
    Phase Error              (PE):    0.000ns

    Location             Delay type                Incr(ns)  Path(ns)    Netlist Resource(s)
  -------------------------------------------------------------------    -------------------
                         (clock sys_clk rise edge)    0.000     0.000 r  
    U18                                               0.000     0.000 r  sys_clk (IN)
                         net (fo=0)                   0.000     0.000    sys_clk
    U18                  IBUF (Prop_ibuf_I_O)         1.429     1.429 r  sys_clk_IBUF_inst/O
                         net (fo=1, routed)           1.873     3.302    sys_clk_IBUF
    BUFGCTRL_X0Y16       BUFG (Prop_bufg_I_O)         0.085     3.387 r  sys_clk_IBUF_BUFG_inst/O
                         net (fo=334, routed)         1.560     4.947    rs485_m0/sys_clk_IBUF_BUFG
    SLICE_X107Y70        FDCE                                         r  rs485_m0/data_count_reg[1]/C
  -------------------------------------------------------------------    -------------------
    SLICE_X107Y70        FDCE (Prop_fdce_C_Q)         0.379     5.326 r  rs485_m0/data_count_reg[1]/Q
                         net (fo=7, routed)           1.388     6.714    rs485_m0/data_count[1]
    SLICE_X102Y73        LUT4 (Prop_lut4_I2_O)        0.118     6.832 r  rs485_m0/state0_carry_i_6/O
                         net (fo=1, routed)           0.488     7.320    rs485_m0/state0_carry_i_6_n_0
    SLICE_X103Y73        LUT6 (Prop_lut6_I3_O)        0.264     7.584 r  rs485_m0/state0_carry_i_3/O
                         net (fo=1, routed)           0.000     7.584    rs485_m0/state0_carry_i_3_n_0
    SLICE_X103Y73        CARRY4 (Prop_carry4_S[1]_CO[3])
                                                      0.457     8.041 r  rs485_m0/state0_carry/CO[3]
                         net (fo=1, routed)           0.000     8.041    rs485_m0/state0_carry_n_0
    SLICE_X103Y74        CARRY4 (Prop_carry4_CI_CO[3])
                                                      0.098     8.139 r  rs485_m0/state0_carry__0/CO[3]
                         net (fo=1, routed)           0.008     8.147    rs485_m0/state0_carry__0_n_0
    SLICE_X103Y75        CARRY4 (Prop_carry4_CI_CO[2])
                                                      0.190     8.337 r  rs485_m0/state0_carry__1/CO[2]
                         net (fo=11, routed)          1.291     9.628    rs485_m0/uart_rx_inst/CO[0]
    SLICE_X106Y70        LUT5 (Prop_lut5_I2_O)        0.261     9.889 r  rs485_m0/uart_rx_inst/rs485_de_i_1/O
                         net (fo=1, routed)           0.394    10.283    rs485_m0/uart_rx_inst_n_13
    SLICE_X106Y70        FDCE                                         r  rs485_m0/rs485_de_reg/CE
  -------------------------------------------------------------------    -------------------

                         (clock sys_clk rise edge)   20.000    20.000 r  
    U18                                               0.000    20.000 r  sys_clk (IN)
                         net (fo=0)                   0.000    20.000    sys_clk
    U18                  IBUF (Prop_ibuf_I_O)         1.363    21.363 r  sys_clk_IBUF_inst/O
                         net (fo=1, routed)           1.701    23.064    sys_clk_IBUF
    BUFGCTRL_X0Y16       BUFG (Prop_bufg_I_O)         0.077    23.141 r  sys_clk_IBUF_BUFG_inst/O
                         net (fo=334, routed)         1.403    24.545    rs485_m0/sys_clk_IBUF_BUFG
    SLICE_X106Y70        FDCE                                         r  rs485_m0/rs485_de_reg/C
                         clock pessimism              0.379    24.923    
                         clock uncertainty           -0.035    24.888    
    SLICE_X106Y70        FDCE (Setup_fdce_C_CE)      -0.168    24.720    rs485_m0/rs485_de_reg
  -------------------------------------------------------------------
                         required time                         24.720    
                         arrival time                         -10.283    
  -------------------------------------------------------------------
                         slack                                 14.437    

Slack (MET) :             14.683ns  (required time - arrival time)
  Source:                 rs485_m0/data_count_reg[1]/C
                            (rising edge-triggered cell FDCE clocked by sys_clk  {rise@0.000ns fall@10.000ns period=20.000ns})
  Destination:            rs485_m0/FSM_sequential_state_reg[0]/D
                            (rising edge-triggered cell FDCE clocked by sys_clk  {rise@0.000ns fall@10.000ns period=20.000ns})
  Path Group:             sys_clk
  Path Type:              Setup (Max at Slow Process Corner)
  Requirement:            20.000ns  (sys_clk rise@20.000ns - sys_clk rise@0.000ns)
  Data Path Delay:        5.287ns  (logic 1.872ns (35.407%)  route 3.415ns (64.593%))
  Logic Levels:           7  (CARRY4=3 LUT4=1 LUT5=2 LUT6=1)
  Clock Path Skew:        -0.024ns (DCD - SCD + CPR)
    Destination Clock Delay (DCD):    4.546ns = ( 24.546 - 20.000 ) 
    Source Clock Delay      (SCD):    4.947ns
    Clock Pessimism Removal (CPR):    0.378ns
  Clock Uncertainty:      0.035ns  ((TSJ^2 + TIJ^2)^1/2 + DJ) / 2 + PE
    Total System Jitter     (TSJ):    0.071ns
    Total Input Jitter      (TIJ):    0.000ns
    Discrete Jitter          (DJ):    0.000ns
    Phase Error              (PE):    0.000ns

    Location             Delay type                Incr(ns)  Path(ns)    Netlist Resource(s)
  -------------------------------------------------------------------    -------------------
                         (clock sys_clk rise edge)    0.000     0.000 r  
    U18                                               0.000     0.000 r  sys_clk (IN)
                         net (fo=0)                   0.000     0.000    sys_clk
    U18                  IBUF (Prop_ibuf_I_O)         1.429     1.429 r  sys_clk_IBUF_inst/O
                         net (fo=1, routed)           1.873     3.302    sys_clk_IBUF
    BUFGCTRL_X0Y16       BUFG (Prop_bufg_I_O)         0.085     3.387 r  sys_clk_IBUF_BUFG_inst/O
                         net (fo=334, routed)         1.560     4.947    rs485_m0/sys_clk_IBUF_BUFG
    SLICE_X107Y70        FDCE                                         r  rs485_m0/data_count_reg[1]/C
  -------------------------------------------------------------------    -------------------
    SLICE_X107Y70        FDCE (Prop_fdce_C_Q)         0.379     5.326 r  rs485_m0/data_count_reg[1]/Q
                         net (fo=7, routed)           1.388     6.714    rs485_m0/data_count[1]
    SLICE_X102Y73        LUT4 (Prop_lut4_I2_O)        0.118     6.832 r  rs485_m0/state0_carry_i_6/O
                         net (fo=1, routed)           0.488     7.320    rs485_m0/state0_carry_i_6_n_0
    SLICE_X103Y73        LUT6 (Prop_lut6_I3_O)        0.264     7.584 r  rs485_m0/state0_carry_i_3/O
                         net (fo=1, routed)           0.000     7.584    rs485_m0/state0_carry_i_3_n_0
    SLICE_X103Y73        CARRY4 (Prop_carry4_S[1]_CO[3])
                                                      0.457     8.041 r  rs485_m0/state0_carry/CO[3]
                         net (fo=1, routed)           0.000     8.041    rs485_m0/state0_carry_n_0
    SLICE_X103Y74        CARRY4 (Prop_carry4_CI_CO[3])
                                                      0.098     8.139 r  rs485_m0/state0_carry__0/CO[3]
                         net (fo=1, routed)           0.008     8.147    rs485_m0/state0_carry__0_n_0
    SLICE_X103Y75        CARRY4 (Prop_carry4_CI_CO[2])
                                                      0.190     8.337 r  rs485_m0/state0_carry__1/CO[2]
                         net (fo=11, routed)          1.141     9.478    rs485_m0/uart_rx_inst/CO[0]
    SLICE_X106Y70        LUT5 (Prop_lut5_I0_O)        0.261     9.739 r  rs485_m0/uart_rx_inst/FSM_sequential_state[2]_i_4/O
                         net (fo=3, routed)           0.391    10.130    rs485_m0/uart_rx_inst/FSM_sequential_state_reg[1]_1
    SLICE_X106Y69        LUT5 (Prop_lut5_I4_O)        0.105    10.235 r  rs485_m0/uart_rx_inst/FSM_sequential_state[0]_i_1__1/O
                         net (fo=1, routed)           0.000    10.235    rs485_m0/uart_rx_inst_n_12
    SLICE_X106Y69        FDCE                                         r  rs485_m0/FSM_sequential_state_reg[0]/D
  -------------------------------------------------------------------    -------------------

                         (clock sys_clk rise edge)   20.000    20.000 r  
    U18                                               0.000    20.000 r  sys_clk (IN)
                         net (fo=0)                   0.000    20.000    sys_clk
    U18                  IBUF (Prop_ibuf_I_O)         1.363    21.363 r  sys_clk_IBUF_inst/O
                         net (fo=1, routed)           1.701    23.064    sys_clk_IBUF
    BUFGCTRL_X0Y16       BUFG (Prop_bufg_I_O)         0.077    23.141 r  sys_clk_IBUF_BUFG_inst/O
                         net (fo=334, routed)         1.404    24.546    rs485_m0/sys_clk_IBUF_BUFG
    SLICE_X106Y69        FDCE                                         r  rs485_m0/FSM_sequential_state_reg[0]/C
                         clock pessimism              0.378    24.923    
                         clock uncertainty           -0.035    24.888    
    SLICE_X106Y69        FDCE (Setup_fdce_C_D)        0.030    24.918    rs485_m0/FSM_sequential_state_reg[0]
  -------------------------------------------------------------------
                         required time                         24.918    
                         arrival time                         -10.235    
  -------------------------------------------------------------------
                         slack                                 14.683    

Slack (MET) :             14.687ns  (required time - arrival time)
  Source:                 rs485_m0/data_count_reg[1]/C
                            (rising edge-triggered cell FDCE clocked by sys_clk  {rise@0.000ns fall@10.000ns period=20.000ns})
  Destination:            rs485_m0/FSM_sequential_state_reg[2]/D
                            (rising edge-triggered cell FDCE clocked by sys_clk  {rise@0.000ns fall@10.000ns period=20.000ns})
  Path Group:             sys_clk
  Path Type:              Setup (Max at Slow Process Corner)
  Requirement:            20.000ns  (sys_clk rise@20.000ns - sys_clk rise@0.000ns)
  Data Path Delay:        5.285ns  (logic 1.872ns (35.419%)  route 3.413ns (64.581%))
  Logic Levels:           7  (CARRY4=3 LUT4=2 LUT5=1 LUT6=1)
  Clock Path Skew:        -0.024ns (DCD - SCD + CPR)
    Destination Clock Delay (DCD):    4.546ns = ( 24.546 - 20.000 ) 
    Source Clock Delay      (SCD):    4.947ns
    Clock Pessimism Removal (CPR):    0.378ns
  Clock Uncertainty:      0.035ns  ((TSJ^2 + TIJ^2)^1/2 + DJ) / 2 + PE
    Total System Jitter     (TSJ):    0.071ns
    Total Input Jitter      (TIJ):    0.000ns
    Discrete Jitter          (DJ):    0.000ns
    Phase Error              (PE):    0.000ns

    Location             Delay type                Incr(ns)  Path(ns)    Netlist Resource(s)
  -------------------------------------------------------------------    -------------------
                         (clock sys_clk rise edge)    0.000     0.000 r  
    U18                                               0.000     0.000 r  sys_clk (IN)
                         net (fo=0)                   0.000     0.000    sys_clk
    U18                  IBUF (Prop_ibuf_I_O)         1.429     1.429 r  sys_clk_IBUF_inst/O
                         net (fo=1, routed)           1.873     3.302    sys_clk_IBUF
    BUFGCTRL_X0Y16       BUFG (Prop_bufg_I_O)         0.085     3.387 r  sys_clk_IBUF_BUFG_inst/O
                         net (fo=334, routed)         1.560     4.947    rs485_m0/sys_clk_IBUF_BUFG
    SLICE_X107Y70        FDCE                                         r  rs485_m0/data_count_reg[1]/C
  -------------------------------------------------------------------    -------------------
    SLICE_X107Y70        FDCE (Prop_fdce_C_Q)         0.379     5.326 r  rs485_m0/data_count_reg[1]/Q
                         net (fo=7, routed)           1.388     6.714    rs485_m0/data_count[1]
    SLICE_X102Y73        LUT4 (Prop_lut4_I2_O)        0.118     6.832 r  rs485_m0/state0_carry_i_6/O
                         net (fo=1, routed)           0.488     7.320    rs485_m0/state0_carry_i_6_n_0
    SLICE_X103Y73        LUT6 (Prop_lut6_I3_O)        0.264     7.584 r  rs485_m0/state0_carry_i_3/O
                         net (fo=1, routed)           0.000     7.584    rs485_m0/state0_carry_i_3_n_0
    SLICE_X103Y73        CARRY4 (Prop_carry4_S[1]_CO[3])
                                                      0.457     8.041 r  rs485_m0/state0_carry/CO[3]
                         net (fo=1, routed)           0.000     8.041    rs485_m0/state0_carry_n_0
    SLICE_X103Y74        CARRY4 (Prop_carry4_CI_CO[3])
                                                      0.098     8.139 r  rs485_m0/state0_carry__0/CO[3]
                         net (fo=1, routed)           0.008     8.147    rs485_m0/state0_carry__0_n_0
    SLICE_X103Y75        CARRY4 (Prop_carry4_CI_CO[2])
                                                      0.190     8.337 r  rs485_m0/state0_carry__1/CO[2]
                         net (fo=11, routed)          1.141     9.478    rs485_m0/uart_rx_inst/CO[0]
    SLICE_X106Y70        LUT5 (Prop_lut5_I0_O)        0.261     9.739 r  rs485_m0/uart_rx_inst/FSM_sequential_state[2]_i_4/O
                         net (fo=3, routed)           0.389    10.128    rs485_m0/uart_tx_inst/FSM_sequential_state_reg[0]_0
    SLICE_X106Y69        LUT4 (Prop_lut4_I3_O)        0.105    10.233 r  rs485_m0/uart_tx_inst/FSM_sequential_state[2]_i_1__0/O
                         net (fo=1, routed)           0.000    10.233    rs485_m0/uart_tx_inst_n_3
    SLICE_X106Y69        FDCE                                         r  rs485_m0/FSM_sequential_state_reg[2]/D
  -------------------------------------------------------------------    -------------------

                         (clock sys_clk rise edge)   20.000    20.000 r  
    U18                                               0.000    20.000 r  sys_clk (IN)
                         net (fo=0)                   0.000    20.000    sys_clk
    U18                  IBUF (Prop_ibuf_I_O)         1.363    21.363 r  sys_clk_IBUF_inst/O
                         net (fo=1, routed)           1.701    23.064    sys_clk_IBUF
    BUFGCTRL_X0Y16       BUFG (Prop_bufg_I_O)         0.077    23.141 r  sys_clk_IBUF_BUFG_inst/O
                         net (fo=334, routed)         1.404    24.546    rs485_m0/sys_clk_IBUF_BUFG
    SLICE_X106Y69        FDCE                                         r  rs485_m0/FSM_sequential_state_reg[2]/C
                         clock pessimism              0.378    24.923    
                         clock uncertainty           -0.035    24.888    
    SLICE_X106Y69        FDCE (Setup_fdce_C_D)        0.032    24.920    rs485_m0/FSM_sequential_state_reg[2]
  -------------------------------------------------------------------
                         required time                         24.920    
                         arrival time                         -10.233    
  -------------------------------------------------------------------
                         slack                                 14.687    

Slack (MET) :             14.741ns  (required time - arrival time)
  Source:                 rs485_m0/data_count_reg[1]/C
                            (rising edge-triggered cell FDCE clocked by sys_clk  {rise@0.000ns fall@10.000ns period=20.000ns})
  Destination:            rs485_m0/FSM_sequential_state_reg[1]/D
                            (rising edge-triggered cell FDCE clocked by sys_clk  {rise@0.000ns fall@10.000ns period=20.000ns})
  Path Group:             sys_clk
  Path Type:              Setup (Max at Slow Process Corner)
  Requirement:            20.000ns  (sys_clk rise@20.000ns - sys_clk rise@0.000ns)
  Data Path Delay:        5.231ns  (logic 1.872ns (35.784%)  route 3.359ns (64.216%))
  Logic Levels:           7  (CARRY4=3 LUT4=1 LUT5=2 LUT6=1)
  Clock Path Skew:        -0.024ns (DCD - SCD + CPR)
    Destination Clock Delay (DCD):    4.546ns = ( 24.546 - 20.000 ) 
    Source Clock Delay      (SCD):    4.947ns
    Clock Pessimism Removal (CPR):    0.378ns
  Clock Uncertainty:      0.035ns  ((TSJ^2 + TIJ^2)^1/2 + DJ) / 2 + PE
    Total System Jitter     (TSJ):    0.071ns
    Total Input Jitter      (TIJ):    0.000ns
    Discrete Jitter          (DJ):    0.000ns
    Phase Error              (PE):    0.000ns

    Location             Delay type                Incr(ns)  Path(ns)    Netlist Resource(s)
  -------------------------------------------------------------------    -------------------
                         (clock sys_clk rise edge)    0.000     0.000 r  
    U18                                               0.000     0.000 r  sys_clk (IN)
                         net (fo=0)                   0.000     0.000    sys_clk
    U18                  IBUF (Prop_ibuf_I_O)         1.429     1.429 r  sys_clk_IBUF_inst/O
                         net (fo=1, routed)           1.873     3.302    sys_clk_IBUF
    BUFGCTRL_X0Y16       BUFG (Prop_bufg_I_O)         0.085     3.387 r  sys_clk_IBUF_BUFG_inst/O
                         net (fo=334, routed)         1.560     4.947    rs485_m0/sys_clk_IBUF_BUFG
    SLICE_X107Y70        FDCE                                         r  rs485_m0/data_count_reg[1]/C
  -------------------------------------------------------------------    -------------------
    SLICE_X107Y70        FDCE (Prop_fdce_C_Q)         0.379     5.326 r  rs485_m0/data_count_reg[1]/Q
                         net (fo=7, routed)           1.388     6.714    rs485_m0/data_count[1]
    SLICE_X102Y73        LUT4 (Prop_lut4_I2_O)        0.118     6.832 r  rs485_m0/state0_carry_i_6/O
                         net (fo=1, routed)           0.488     7.320    rs485_m0/state0_carry_i_6_n_0
    SLICE_X103Y73        LUT6 (Prop_lut6_I3_O)        0.264     7.584 r  rs485_m0/state0_carry_i_3/O
                         net (fo=1, routed)           0.000     7.584    rs485_m0/state0_carry_i_3_n_0
    SLICE_X103Y73        CARRY4 (Prop_carry4_S[1]_CO[3])
                                                      0.457     8.041 r  rs485_m0/state0_carry/CO[3]
                         net (fo=1, routed)           0.000     8.041    rs485_m0/state0_carry_n_0
    SLICE_X103Y74        CARRY4 (Prop_carry4_CI_CO[3])
                                                      0.098     8.139 r  rs485_m0/state0_carry__0/CO[3]
                         net (fo=1, routed)           0.008     8.147    rs485_m0/state0_carry__0_n_0
    SLICE_X103Y75        CARRY4 (Prop_carry4_CI_CO[2])
                                                      0.190     8.337 r  rs485_m0/state0_carry__1/CO[2]
                         net (fo=11, routed)          1.141     9.478    rs485_m0/uart_rx_inst/CO[0]
    SLICE_X106Y70        LUT5 (Prop_lut5_I0_O)        0.261     9.739 r  rs485_m0/uart_rx_inst/FSM_sequential_state[2]_i_4/O
                         net (fo=3, routed)           0.335    10.074    rs485_m0/uart_rx_inst/FSM_sequential_state_reg[1]_1
    SLICE_X106Y69        LUT5 (Prop_lut5_I3_O)        0.105    10.179 r  rs485_m0/uart_rx_inst/FSM_sequential_state[1]_i_1__1/O
                         net (fo=1, routed)           0.000    10.179    rs485_m0/uart_rx_inst_n_10
    SLICE_X106Y69        FDCE                                         r  rs485_m0/FSM_sequential_state_reg[1]/D
  -------------------------------------------------------------------    -------------------

                         (clock sys_clk rise edge)   20.000    20.000 r  
    U18                                               0.000    20.000 r  sys_clk (IN)
                         net (fo=0)                   0.000    20.000    sys_clk
    U18                  IBUF (Prop_ibuf_I_O)         1.363    21.363 r  sys_clk_IBUF_inst/O
                         net (fo=1, routed)           1.701    23.064    sys_clk_IBUF
    BUFGCTRL_X0Y16       BUFG (Prop_bufg_I_O)         0.077    23.141 r  sys_clk_IBUF_BUFG_inst/O
                         net (fo=334, routed)         1.404    24.546    rs485_m0/sys_clk_IBUF_BUFG
    SLICE_X106Y69        FDCE                                         r  rs485_m0/FSM_sequential_state_reg[1]/C
                         clock pessimism              0.378    24.923    
                         clock uncertainty           -0.035    24.888    
    SLICE_X106Y69        FDCE (Setup_fdce_C_D)        0.032    24.920    rs485_m0/FSM_sequential_state_reg[1]
  -------------------------------------------------------------------
                         required time                         24.920    
                         arrival time                         -10.179    
  -------------------------------------------------------------------
                         slack                                 14.741    

Slack (MET) :             15.021ns  (required time - arrival time)
  Source:                 rs485_m0/data_count_reg[1]/C
                            (rising edge-triggered cell FDCE clocked by sys_clk  {rise@0.000ns fall@10.000ns period=20.000ns})
  Destination:            rs485_m0/rs485_de_reg/D
                            (rising edge-triggered cell FDCE clocked by sys_clk  {rise@0.000ns fall@10.000ns period=20.000ns})
  Path Group:             sys_clk
  Path Type:              Setup (Max at Slow Process Corner)
  Requirement:            20.000ns  (sys_clk rise@20.000ns - sys_clk rise@0.000ns)
  Data Path Delay:        4.949ns  (logic 1.767ns (35.703%)  route 3.182ns (64.297%))
  Logic Levels:           6  (CARRY4=3 LUT2=1 LUT4=1 LUT6=1)
  Clock Path Skew:        -0.024ns (DCD - SCD + CPR)
    Destination Clock Delay (DCD):    4.545ns = ( 24.545 - 20.000 ) 
    Source Clock Delay      (SCD):    4.947ns
    Clock Pessimism Removal (CPR):    0.379ns
  Clock Uncertainty:      0.035ns  ((TSJ^2 + TIJ^2)^1/2 + DJ) / 2 + PE
    Total System Jitter     (TSJ):    0.071ns
    Total Input Jitter      (TIJ):    0.000ns
    Discrete Jitter          (DJ):    0.000ns
    Phase Error              (PE):    0.000ns

    Location             Delay type                Incr(ns)  Path(ns)    Netlist Resource(s)
  -------------------------------------------------------------------    -------------------
                         (clock sys_clk rise edge)    0.000     0.000 r  
    U18                                               0.000     0.000 r  sys_clk (IN)
                         net (fo=0)                   0.000     0.000    sys_clk
    U18                  IBUF (Prop_ibuf_I_O)         1.429     1.429 r  sys_clk_IBUF_inst/O
                         net (fo=1, routed)           1.873     3.302    sys_clk_IBUF
    BUFGCTRL_X0Y16       BUFG (Prop_bufg_I_O)         0.085     3.387 r  sys_clk_IBUF_BUFG_inst/O
                         net (fo=334, routed)         1.560     4.947    rs485_m0/sys_clk_IBUF_BUFG
    SLICE_X107Y70        FDCE                                         r  rs485_m0/data_count_reg[1]/C
  -------------------------------------------------------------------    -------------------
    SLICE_X107Y70        FDCE (Prop_fdce_C_Q)         0.379     5.326 r  rs485_m0/data_count_reg[1]/Q
                         net (fo=7, routed)           1.388     6.714    rs485_m0/data_count[1]
    SLICE_X102Y73        LUT4 (Prop_lut4_I2_O)        0.118     6.832 r  rs485_m0/state0_carry_i_6/O
                         net (fo=1, routed)           0.488     7.320    rs485_m0/state0_carry_i_6_n_0
    SLICE_X103Y73        LUT6 (Prop_lut6_I3_O)        0.264     7.584 r  rs485_m0/state0_carry_i_3/O
                         net (fo=1, routed)           0.000     7.584    rs485_m0/state0_carry_i_3_n_0
    SLICE_X103Y73        CARRY4 (Prop_carry4_S[1]_CO[3])
                                                      0.457     8.041 r  rs485_m0/state0_carry/CO[3]
                         net (fo=1, routed)           0.000     8.041    rs485_m0/state0_carry_n_0
    SLICE_X103Y74        CARRY4 (Prop_carry4_CI_CO[3])
                                                      0.098     8.139 r  rs485_m0/state0_carry__0/CO[3]
                         net (fo=1, routed)           0.008     8.147    rs485_m0/state0_carry__0_n_0
    SLICE_X103Y75        CARRY4 (Prop_carry4_CI_CO[2])
                                                      0.190     8.337 r  rs485_m0/state0_carry__1/CO[2]
                         net (fo=11, routed)          1.298     9.636    rs485_m0/state0
    SLICE_X106Y70        LUT2 (Prop_lut2_I1_O)        0.261     9.897 r  rs485_m0/rs485_de_i_2/O
                         net (fo=1, routed)           0.000     9.897    rs485_m0/rs485_de_i_2_n_0
    SLICE_X106Y70        FDCE                                         r  rs485_m0/rs485_de_reg/D
  -------------------------------------------------------------------    -------------------

                         (clock sys_clk rise edge)   20.000    20.000 r  
    U18                                               0.000    20.000 r  sys_clk (IN)
                         net (fo=0)                   0.000    20.000    sys_clk
    U18                  IBUF (Prop_ibuf_I_O)         1.363    21.363 r  sys_clk_IBUF_inst/O
                         net (fo=1, routed)           1.701    23.064    sys_clk_IBUF
    BUFGCTRL_X0Y16       BUFG (Prop_bufg_I_O)         0.077    23.141 r  sys_clk_IBUF_BUFG_inst/O
                         net (fo=334, routed)         1.403    24.545    rs485_m0/sys_clk_IBUF_BUFG
    SLICE_X106Y70        FDCE                                         r  rs485_m0/rs485_de_reg/C
                         clock pessimism              0.379    24.923    
                         clock uncertainty           -0.035    24.888    
    SLICE_X106Y70        FDCE (Setup_fdce_C_D)        0.030    24.918    rs485_m0/rs485_de_reg
  -------------------------------------------------------------------
                         required time                         24.918    
                         arrival time                          -9.897    
  -------------------------------------------------------------------
                         slack                                 15.021    

Slack (MET) :             15.253ns  (required time - arrival time)
  Source:                 rs485_m0/uart_rx_inst/cycle_cnt_reg[3]/C
                            (rising edge-triggered cell FDCE clocked by sys_clk  {rise@0.000ns fall@10.000ns period=20.000ns})
  Destination:            rs485_m0/uart_rx_inst/rx_data_reg[0]/CE
                            (rising edge-triggered cell FDCE clocked by sys_clk  {rise@0.000ns fall@10.000ns period=20.000ns})
  Path Group:             sys_clk
  Path Type:              Setup (Max at Slow Process Corner)
  Requirement:            20.000ns  (sys_clk rise@20.000ns - sys_clk rise@0.000ns)
  Data Path Delay:        4.477ns  (logic 0.799ns (17.846%)  route 3.678ns (82.154%))
  Logic Levels:           4  (LUT5=2 LUT6=2)
  Clock Path Skew:        -0.067ns (DCD - SCD + CPR)
    Destination Clock Delay (DCD):    4.545ns = ( 24.545 - 20.000 ) 
    Source Clock Delay      (SCD):    4.953ns
    Clock Pessimism Removal (CPR):    0.342ns
  Clock Uncertainty:      0.035ns  ((TSJ^2 + TIJ^2)^1/2 + DJ) / 2 + PE
    Total System Jitter     (TSJ):    0.071ns
    Total Input Jitter      (TIJ):    0.000ns
    Discrete Jitter          (DJ):    0.000ns
    Phase Error              (PE):    0.000ns

    Location             Delay type                Incr(ns)  Path(ns)    Netlist Resource(s)
  -------------------------------------------------------------------    -------------------
                         (clock sys_clk rise edge)    0.000     0.000 r  
    U18                                               0.000     0.000 r  sys_clk (IN)
                         net (fo=0)                   0.000     0.000    sys_clk
    U18                  IBUF (Prop_ibuf_I_O)         1.429     1.429 r  sys_clk_IBUF_inst/O
                         net (fo=1, routed)           1.873     3.302    sys_clk_IBUF
    BUFGCTRL_X0Y16       BUFG (Prop_bufg_I_O)         0.085     3.387 r  sys_clk_IBUF_BUFG_inst/O
                         net (fo=334, routed)         1.566     4.953    rs485_m0/uart_rx_inst/sys_clk_IBUF_BUFG
    SLICE_X110Y67        FDCE                                         r  rs485_m0/uart_rx_inst/cycle_cnt_reg[3]/C
  -------------------------------------------------------------------    -------------------
    SLICE_X110Y67        FDCE (Prop_fdce_C_Q)         0.379     5.332 r  rs485_m0/uart_rx_inst/cycle_cnt_reg[3]/Q
                         net (fo=6, routed)           1.102     6.434    rs485_m0/uart_rx_inst/cycle_cnt[3]
    SLICE_X109Y69        LUT5 (Prop_lut5_I0_O)        0.105     6.539 r  rs485_m0/uart_rx_inst/cycle_cnt[0]_i_4/O
                         net (fo=4, routed)           1.023     7.562    rs485_m0/uart_rx_inst/cycle_cnt[0]_i_4_n_0
    SLICE_X112Y71        LUT6 (Prop_lut6_I0_O)        0.105     7.667 r  rs485_m0/uart_rx_inst/cycle_cnt[15]_i_10/O
                         net (fo=1, routed)           0.552     8.219    rs485_m0/uart_rx_inst/cycle_cnt[15]_i_10_n_0
    SLICE_X112Y71        LUT6 (Prop_lut6_I1_O)        0.105     8.324 r  rs485_m0/uart_rx_inst/cycle_cnt[15]_i_4/O
                         net (fo=16, routed)          0.492     8.816    rs485_m0/uart_rx_inst/cycle_cnt[15]_i_4_n_0
    SLICE_X110Y70        LUT5 (Prop_lut5_I0_O)        0.105     8.921 r  rs485_m0/uart_rx_inst/rx_data[7]_i_1/O
                         net (fo=8, routed)           0.509     9.431    rs485_m0/uart_rx_inst/rx_data_valid01_out
    SLICE_X109Y70        FDCE                                         r  rs485_m0/uart_rx_inst/rx_data_reg[0]/CE
  -------------------------------------------------------------------    -------------------

                         (clock sys_clk rise edge)   20.000    20.000 r  
    U18                                               0.000    20.000 r  sys_clk (IN)
                         net (fo=0)                   0.000    20.000    sys_clk
    U18                  IBUF (Prop_ibuf_I_O)         1.363    21.363 r  sys_clk_IBUF_inst/O
                         net (fo=1, routed)           1.701    23.064    sys_clk_IBUF
    BUFGCTRL_X0Y16       BUFG (Prop_bufg_I_O)         0.077    23.141 r  sys_clk_IBUF_BUFG_inst/O
                         net (fo=334, routed)         1.403    24.545    rs485_m0/uart_rx_inst/sys_clk_IBUF_BUFG
    SLICE_X109Y70        FDCE                                         r  rs485_m0/uart_rx_inst/rx_data_reg[0]/C
                         clock pessimism              0.342    24.886    
                         clock uncertainty           -0.035    24.851    
    SLICE_X109Y70        FDCE (Setup_fdce_C_CE)      -0.168    24.683    rs485_m0/uart_rx_inst/rx_data_reg[0]
  -------------------------------------------------------------------
                         required time                         24.683    
                         arrival time                          -9.431    
  -------------------------------------------------------------------
                         slack                                 15.253    

Slack (MET) :             15.253ns  (required time - arrival time)
  Source:                 rs485_m0/uart_rx_inst/cycle_cnt_reg[3]/C
                            (rising edge-triggered cell FDCE clocked by sys_clk  {rise@0.000ns fall@10.000ns period=20.000ns})
  Destination:            rs485_m0/uart_rx_inst/rx_data_reg[2]/CE
                            (rising edge-triggered cell FDCE clocked by sys_clk  {rise@0.000ns fall@10.000ns period=20.000ns})
  Path Group:             sys_clk
  Path Type:              Setup (Max at Slow Process Corner)
  Requirement:            20.000ns  (sys_clk rise@20.000ns - sys_clk rise@0.000ns)
  Data Path Delay:        4.477ns  (logic 0.799ns (17.846%)  route 3.678ns (82.154%))
  Logic Levels:           4  (LUT5=2 LUT6=2)
  Clock Path Skew:        -0.067ns (DCD - SCD + CPR)
    Destination Clock Delay (DCD):    4.545ns = ( 24.545 - 20.000 ) 
    Source Clock Delay      (SCD):    4.953ns
    Clock Pessimism Removal (CPR):    0.342ns
  Clock Uncertainty:      0.035ns  ((TSJ^2 + TIJ^2)^1/2 + DJ) / 2 + PE
    Total System Jitter     (TSJ):    0.071ns
    Total Input Jitter      (TIJ):    0.000ns
    Discrete Jitter          (DJ):    0.000ns
    Phase Error              (PE):    0.000ns

    Location             Delay type                Incr(ns)  Path(ns)    Netlist Resource(s)
  -------------------------------------------------------------------    -------------------
                         (clock sys_clk rise edge)    0.000     0.000 r  
    U18                                               0.000     0.000 r  sys_clk (IN)
                         net (fo=0)                   0.000     0.000    sys_clk
    U18                  IBUF (Prop_ibuf_I_O)         1.429     1.429 r  sys_clk_IBUF_inst/O
                         net (fo=1, routed)           1.873     3.302    sys_clk_IBUF
    BUFGCTRL_X0Y16       BUFG (Prop_bufg_I_O)         0.085     3.387 r  sys_clk_IBUF_BUFG_inst/O
                         net (fo=334, routed)         1.566     4.953    rs485_m0/uart_rx_inst/sys_clk_IBUF_BUFG
    SLICE_X110Y67        FDCE                                         r  rs485_m0/uart_rx_inst/cycle_cnt_reg[3]/C
  -------------------------------------------------------------------    -------------------
    SLICE_X110Y67        FDCE (Prop_fdce_C_Q)         0.379     5.332 r  rs485_m0/uart_rx_inst/cycle_cnt_reg[3]/Q
                         net (fo=6, routed)           1.102     6.434    rs485_m0/uart_rx_inst/cycle_cnt[3]
    SLICE_X109Y69        LUT5 (Prop_lut5_I0_O)        0.105     6.539 r  rs485_m0/uart_rx_inst/cycle_cnt[0]_i_4/O
                         net (fo=4, routed)           1.023     7.562    rs485_m0/uart_rx_inst/cycle_cnt[0]_i_4_n_0
    SLICE_X112Y71        LUT6 (Prop_lut6_I0_O)        0.105     7.667 r  rs485_m0/uart_rx_inst/cycle_cnt[15]_i_10/O
                         net (fo=1, routed)           0.552     8.219    rs485_m0/uart_rx_inst/cycle_cnt[15]_i_10_n_0
    SLICE_X112Y71        LUT6 (Prop_lut6_I1_O)        0.105     8.324 r  rs485_m0/uart_rx_inst/cycle_cnt[15]_i_4/O
                         net (fo=16, routed)          0.492     8.816    rs485_m0/uart_rx_inst/cycle_cnt[15]_i_4_n_0
    SLICE_X110Y70        LUT5 (Prop_lut5_I0_O)        0.105     8.921 r  rs485_m0/uart_rx_inst/rx_data[7]_i_1/O
                         net (fo=8, routed)           0.509     9.431    rs485_m0/uart_rx_inst/rx_data_valid01_out
    SLICE_X109Y70        FDCE                                         r  rs485_m0/uart_rx_inst/rx_data_reg[2]/CE
  -------------------------------------------------------------------    -------------------

                         (clock sys_clk rise edge)   20.000    20.000 r  
    U18                                               0.000    20.000 r  sys_clk (IN)
                         net (fo=0)                   0.000    20.000    sys_clk
    U18                  IBUF (Prop_ibuf_I_O)         1.363    21.363 r  sys_clk_IBUF_inst/O
                         net (fo=1, routed)           1.701    23.064    sys_clk_IBUF
    BUFGCTRL_X0Y16       BUFG (Prop_bufg_I_O)         0.077    23.141 r  sys_clk_IBUF_BUFG_inst/O
                         net (fo=334, routed)         1.403    24.545    rs485_m0/uart_rx_inst/sys_clk_IBUF_BUFG
    SLICE_X109Y70        FDCE                                         r  rs485_m0/uart_rx_inst/rx_data_reg[2]/C
                         clock pessimism              0.342    24.886    
                         clock uncertainty           -0.035    24.851    
    SLICE_X109Y70        FDCE (Setup_fdce_C_CE)      -0.168    24.683    rs485_m0/uart_rx_inst/rx_data_reg[2]
  -------------------------------------------------------------------
                         required time                         24.683    
                         arrival time                          -9.431    
  -------------------------------------------------------------------
                         slack                                 15.253    

Slack (MET) :             15.253ns  (required time - arrival time)
  Source:                 rs485_m0/uart_rx_inst/cycle_cnt_reg[3]/C
                            (rising edge-triggered cell FDCE clocked by sys_clk  {rise@0.000ns fall@10.000ns period=20.000ns})
  Destination:            rs485_m0/uart_rx_inst/rx_data_reg[4]/CE
                            (rising edge-triggered cell FDCE clocked by sys_clk  {rise@0.000ns fall@10.000ns period=20.000ns})
  Path Group:             sys_clk
  Path Type:              Setup (Max at Slow Process Corner)
  Requirement:            20.000ns  (sys_clk rise@20.000ns - sys_clk rise@0.000ns)
  Data Path Delay:        4.477ns  (logic 0.799ns (17.846%)  route 3.678ns (82.154%))
  Logic Levels:           4  (LUT5=2 LUT6=2)
  Clock Path Skew:        -0.067ns (DCD - SCD + CPR)
    Destination Clock Delay (DCD):    4.545ns = ( 24.545 - 20.000 ) 
    Source Clock Delay      (SCD):    4.953ns
    Clock Pessimism Removal (CPR):    0.342ns
  Clock Uncertainty:      0.035ns  ((TSJ^2 + TIJ^2)^1/2 + DJ) / 2 + PE
    Total System Jitter     (TSJ):    0.071ns
    Total Input Jitter      (TIJ):    0.000ns
    Discrete Jitter          (DJ):    0.000ns
    Phase Error              (PE):    0.000ns

    Location             Delay type                Incr(ns)  Path(ns)    Netlist Resource(s)
  -------------------------------------------------------------------    -------------------
                         (clock sys_clk rise edge)    0.000     0.000 r  
    U18                                               0.000     0.000 r  sys_clk (IN)
                         net (fo=0)                   0.000     0.000    sys_clk
    U18                  IBUF (Prop_ibuf_I_O)         1.429     1.429 r  sys_clk_IBUF_inst/O
                         net (fo=1, routed)           1.873     3.302    sys_clk_IBUF
    BUFGCTRL_X0Y16       BUFG (Prop_bufg_I_O)         0.085     3.387 r  sys_clk_IBUF_BUFG_inst/O
                         net (fo=334, routed)         1.566     4.953    rs485_m0/uart_rx_inst/sys_clk_IBUF_BUFG
    SLICE_X110Y67        FDCE                                         r  rs485_m0/uart_rx_inst/cycle_cnt_reg[3]/C
  -------------------------------------------------------------------    -------------------
    SLICE_X110Y67        FDCE (Prop_fdce_C_Q)         0.379     5.332 r  rs485_m0/uart_rx_inst/cycle_cnt_reg[3]/Q
                         net (fo=6, routed)           1.102     6.434    rs485_m0/uart_rx_inst/cycle_cnt[3]
    SLICE_X109Y69        LUT5 (Prop_lut5_I0_O)        0.105     6.539 r  rs485_m0/uart_rx_inst/cycle_cnt[0]_i_4/O
                         net (fo=4, routed)           1.023     7.562    rs485_m0/uart_rx_inst/cycle_cnt[0]_i_4_n_0
    SLICE_X112Y71        LUT6 (Prop_lut6_I0_O)        0.105     7.667 r  rs485_m0/uart_rx_inst/cycle_cnt[15]_i_10/O
                         net (fo=1, routed)           0.552     8.219    rs485_m0/uart_rx_inst/cycle_cnt[15]_i_10_n_0
    SLICE_X112Y71        LUT6 (Prop_lut6_I1_O)        0.105     8.324 r  rs485_m0/uart_rx_inst/cycle_cnt[15]_i_4/O
                         net (fo=16, routed)          0.492     8.816    rs485_m0/uart_rx_inst/cycle_cnt[15]_i_4_n_0
    SLICE_X110Y70        LUT5 (Prop_lut5_I0_O)        0.105     8.921 r  rs485_m0/uart_rx_inst/rx_data[7]_i_1/O
                         net (fo=8, routed)           0.509     9.431    rs485_m0/uart_rx_inst/rx_data_valid01_out
    SLICE_X109Y70        FDCE                                         r  rs485_m0/uart_rx_inst/rx_data_reg[4]/CE
  -------------------------------------------------------------------    -------------------

                         (clock sys_clk rise edge)   20.000    20.000 r  
    U18                                               0.000    20.000 r  sys_clk (IN)
                         net (fo=0)                   0.000    20.000    sys_clk
    U18                  IBUF (Prop_ibuf_I_O)         1.363    21.363 r  sys_clk_IBUF_inst/O
                         net (fo=1, routed)           1.701    23.064    sys_clk_IBUF
    BUFGCTRL_X0Y16       BUFG (Prop_bufg_I_O)         0.077    23.141 r  sys_clk_IBUF_BUFG_inst/O
                         net (fo=334, routed)         1.403    24.545    rs485_m0/uart_rx_inst/sys_clk_IBUF_BUFG
    SLICE_X109Y70        FDCE                                         r  rs485_m0/uart_rx_inst/rx_data_reg[4]/C
                         clock pessimism              0.342    24.886    
                         clock uncertainty           -0.035    24.851    
    SLICE_X109Y70        FDCE (Setup_fdce_C_CE)      -0.168    24.683    rs485_m0/uart_rx_inst/rx_data_reg[4]
  -------------------------------------------------------------------
                         required time                         24.683    
                         arrival time                          -9.431    
  -------------------------------------------------------------------
                         slack                                 15.253    

Slack (MET) :             15.253ns  (required time - arrival time)
  Source:                 rs485_m0/uart_rx_inst/cycle_cnt_reg[3]/C
                            (rising edge-triggered cell FDCE clocked by sys_clk  {rise@0.000ns fall@10.000ns period=20.000ns})
  Destination:            rs485_m0/uart_rx_inst/rx_data_reg[6]/CE
                            (rising edge-triggered cell FDCE clocked by sys_clk  {rise@0.000ns fall@10.000ns period=20.000ns})
  Path Group:             sys_clk
  Path Type:              Setup (Max at Slow Process Corner)
  Requirement:            20.000ns  (sys_clk rise@20.000ns - sys_clk rise@0.000ns)
  Data Path Delay:        4.477ns  (logic 0.799ns (17.846%)  route 3.678ns (82.154%))
  Logic Levels:           4  (LUT5=2 LUT6=2)
  Clock Path Skew:        -0.067ns (DCD - SCD + CPR)
    Destination Clock Delay (DCD):    4.545ns = ( 24.545 - 20.000 ) 
    Source Clock Delay      (SCD):    4.953ns
    Clock Pessimism Removal (CPR):    0.342ns
  Clock Uncertainty:      0.035ns  ((TSJ^2 + TIJ^2)^1/2 + DJ) / 2 + PE
    Total System Jitter     (TSJ):    0.071ns
    Total Input Jitter      (TIJ):    0.000ns
    Discrete Jitter          (DJ):    0.000ns
    Phase Error              (PE):    0.000ns

    Location             Delay type                Incr(ns)  Path(ns)    Netlist Resource(s)
  -------------------------------------------------------------------    -------------------
                         (clock sys_clk rise edge)    0.000     0.000 r  
    U18                                               0.000     0.000 r  sys_clk (IN)
                         net (fo=0)                   0.000     0.000    sys_clk
    U18                  IBUF (Prop_ibuf_I_O)         1.429     1.429 r  sys_clk_IBUF_inst/O
                         net (fo=1, routed)           1.873     3.302    sys_clk_IBUF
    BUFGCTRL_X0Y16       BUFG (Prop_bufg_I_O)         0.085     3.387 r  sys_clk_IBUF_BUFG_inst/O
                         net (fo=334, routed)         1.566     4.953    rs485_m0/uart_rx_inst/sys_clk_IBUF_BUFG
    SLICE_X110Y67        FDCE                                         r  rs485_m0/uart_rx_inst/cycle_cnt_reg[3]/C
  -------------------------------------------------------------------    -------------------
    SLICE_X110Y67        FDCE (Prop_fdce_C_Q)         0.379     5.332 r  rs485_m0/uart_rx_inst/cycle_cnt_reg[3]/Q
                         net (fo=6, routed)           1.102     6.434    rs485_m0/uart_rx_inst/cycle_cnt[3]
    SLICE_X109Y69        LUT5 (Prop_lut5_I0_O)        0.105     6.539 r  rs485_m0/uart_rx_inst/cycle_cnt[0]_i_4/O
                         net (fo=4, routed)           1.023     7.562    rs485_m0/uart_rx_inst/cycle_cnt[0]_i_4_n_0
    SLICE_X112Y71        LUT6 (Prop_lut6_I0_O)        0.105     7.667 r  rs485_m0/uart_rx_inst/cycle_cnt[15]_i_10/O
                         net (fo=1, routed)           0.552     8.219    rs485_m0/uart_rx_inst/cycle_cnt[15]_i_10_n_0
    SLICE_X112Y71        LUT6 (Prop_lut6_I1_O)        0.105     8.324 r  rs485_m0/uart_rx_inst/cycle_cnt[15]_i_4/O
                         net (fo=16, routed)          0.492     8.816    rs485_m0/uart_rx_inst/cycle_cnt[15]_i_4_n_0
    SLICE_X110Y70        LUT5 (Prop_lut5_I0_O)        0.105     8.921 r  rs485_m0/uart_rx_inst/rx_data[7]_i_1/O
                         net (fo=8, routed)           0.509     9.431    rs485_m0/uart_rx_inst/rx_data_valid01_out
    SLICE_X109Y70        FDCE                                         r  rs485_m0/uart_rx_inst/rx_data_reg[6]/CE
  -------------------------------------------------------------------    -------------------

                         (clock sys_clk rise edge)   20.000    20.000 r  
    U18                                               0.000    20.000 r  sys_clk (IN)
                         net (fo=0)                   0.000    20.000    sys_clk
    U18                  IBUF (Prop_ibuf_I_O)         1.363    21.363 r  sys_clk_IBUF_inst/O
                         net (fo=1, routed)           1.701    23.064    sys_clk_IBUF
    BUFGCTRL_X0Y16       BUFG (Prop_bufg_I_O)         0.077    23.141 r  sys_clk_IBUF_BUFG_inst/O
                         net (fo=334, routed)         1.403    24.545    rs485_m0/uart_rx_inst/sys_clk_IBUF_BUFG
    SLICE_X109Y70        FDCE                                         r  rs485_m0/uart_rx_inst/rx_data_reg[6]/C
                         clock pessimism              0.342    24.886    
                         clock uncertainty           -0.035    24.851    
    SLICE_X109Y70        FDCE (Setup_fdce_C_CE)      -0.168    24.683    rs485_m0/uart_rx_inst/rx_data_reg[6]
  -------------------------------------------------------------------
                         required time                         24.683    
                         arrival time                          -9.431    
  -------------------------------------------------------------------
                         slack                                 15.253    

Slack (MET) :             15.274ns  (required time - arrival time)
  Source:                 rs485_m0/data_count_reg[1]/C
                            (rising edge-triggered cell FDCE clocked by sys_clk  {rise@0.000ns fall@10.000ns period=20.000ns})
  Destination:            rs485_m0/rx_cnt_reg[0]/D
                            (rising edge-triggered cell FDCE clocked by sys_clk  {rise@0.000ns fall@10.000ns period=20.000ns})
  Path Group:             sys_clk
  Path Type:              Setup (Max at Slow Process Corner)
  Requirement:            20.000ns  (sys_clk rise@20.000ns - sys_clk rise@0.000ns)
  Data Path Delay:        4.594ns  (logic 1.767ns (38.463%)  route 2.827ns (61.537%))
  Logic Levels:           6  (CARRY4=3 LUT2=1 LUT4=1 LUT6=1)
  Clock Path Skew:        -0.127ns (DCD - SCD + CPR)
    Destination Clock Delay (DCD):    4.479ns = ( 24.479 - 20.000 ) 
    Source Clock Delay      (SCD):    4.947ns
    Clock Pessimism Removal (CPR):    0.342ns
  Clock Uncertainty:      0.035ns  ((TSJ^2 + TIJ^2)^1/2 + DJ) / 2 + PE
    Total System Jitter     (TSJ):    0.071ns
    Total Input Jitter      (TIJ):    0.000ns
    Discrete Jitter          (DJ):    0.000ns
    Phase Error              (PE):    0.000ns

    Location             Delay type                Incr(ns)  Path(ns)    Netlist Resource(s)
  -------------------------------------------------------------------    -------------------
                         (clock sys_clk rise edge)    0.000     0.000 r  
    U18                                               0.000     0.000 r  sys_clk (IN)
                         net (fo=0)                   0.000     0.000    sys_clk
    U18                  IBUF (Prop_ibuf_I_O)         1.429     1.429 r  sys_clk_IBUF_inst/O
                         net (fo=1, routed)           1.873     3.302    sys_clk_IBUF
    BUFGCTRL_X0Y16       BUFG (Prop_bufg_I_O)         0.085     3.387 r  sys_clk_IBUF_BUFG_inst/O
                         net (fo=334, routed)         1.560     4.947    rs485_m0/sys_clk_IBUF_BUFG
    SLICE_X107Y70        FDCE                                         r  rs485_m0/data_count_reg[1]/C
  -------------------------------------------------------------------    -------------------
    SLICE_X107Y70        FDCE (Prop_fdce_C_Q)         0.379     5.326 r  rs485_m0/data_count_reg[1]/Q
                         net (fo=7, routed)           1.388     6.714    rs485_m0/data_count[1]
    SLICE_X102Y73        LUT4 (Prop_lut4_I2_O)        0.118     6.832 r  rs485_m0/state0_carry_i_6/O
                         net (fo=1, routed)           0.488     7.320    rs485_m0/state0_carry_i_6_n_0
    SLICE_X103Y73        LUT6 (Prop_lut6_I3_O)        0.264     7.584 r  rs485_m0/state0_carry_i_3/O
                         net (fo=1, routed)           0.000     7.584    rs485_m0/state0_carry_i_3_n_0
    SLICE_X103Y73        CARRY4 (Prop_carry4_S[1]_CO[3])
                                                      0.457     8.041 r  rs485_m0/state0_carry/CO[3]
                         net (fo=1, routed)           0.000     8.041    rs485_m0/state0_carry_n_0
    SLICE_X103Y74        CARRY4 (Prop_carry4_CI_CO[3])
                                                      0.098     8.139 r  rs485_m0/state0_carry__0/CO[3]
                         net (fo=1, routed)           0.008     8.147    rs485_m0/state0_carry__0_n_0
    SLICE_X103Y75        CARRY4 (Prop_carry4_CI_CO[2])
                                                      0.190     8.337 f  rs485_m0/state0_carry__1/CO[2]
                         net (fo=11, routed)          0.943     9.280    rs485_m0/state0
    SLICE_X105Y72        LUT2 (Prop_lut2_I0_O)        0.261     9.541 r  rs485_m0/rx_cnt[0]_i_1/O
                         net (fo=1, routed)           0.000     9.541    rs485_m0/p_0_in__0[0]
    SLICE_X105Y72        FDCE                                         r  rs485_m0/rx_cnt_reg[0]/D
  -------------------------------------------------------------------    -------------------

                         (clock sys_clk rise edge)   20.000    20.000 r  
    U18                                               0.000    20.000 r  sys_clk (IN)
                         net (fo=0)                   0.000    20.000    sys_clk
    U18                  IBUF (Prop_ibuf_I_O)         1.363    21.363 r  sys_clk_IBUF_inst/O
                         net (fo=1, routed)           1.701    23.064    sys_clk_IBUF
    BUFGCTRL_X0Y16       BUFG (Prop_bufg_I_O)         0.077    23.141 r  sys_clk_IBUF_BUFG_inst/O
                         net (fo=334, routed)         1.337    24.479    rs485_m0/sys_clk_IBUF_BUFG
    SLICE_X105Y72        FDCE                                         r  rs485_m0/rx_cnt_reg[0]/C
                         clock pessimism              0.342    24.820    
                         clock uncertainty           -0.035    24.785    
    SLICE_X105Y72        FDCE (Setup_fdce_C_D)        0.030    24.815    rs485_m0/rx_cnt_reg[0]
  -------------------------------------------------------------------
                         required time                         24.815    
                         arrival time                          -9.541    
  -------------------------------------------------------------------
                         slack                                 15.274    





Min Delay Paths
--------------------------------------------------------------------------------------
Slack (MET) :             0.059ns  (arrival time - required time)
  Source:                 rs485_m1/fifo_wdata_reg[2]/C
                            (rising edge-triggered cell FDCE clocked by sys_clk  {rise@0.000ns fall@10.000ns period=20.000ns})
  Destination:            rs485_m1/fifo_inst/U0/inst_fifo_gen/gconvfifo.rf/grf.rf/gntv_or_sync_fifo.mem/gbm.gbmg.gbmga.ngecc.bmg/inst_blk_mem_gen/gnbram.gnativebmg.native_blk_mem_gen/valid.cstr/ramloop[0].ram.r/prim_noinit.ram/DEVICE_7SERIES.NO_BMM_INFO.SDP.WIDE_PRIM18.ram/DIADI[8]
                            (rising edge-triggered cell RAMB18E1 clocked by sys_clk  {rise@0.000ns fall@10.000ns period=20.000ns})
  Path Group:             sys_clk
  Path Type:              Hold (Min at Fast Process Corner)
  Requirement:            0.000ns  (sys_clk rise@0.000ns - sys_clk rise@0.000ns)
  Data Path Delay:        0.268ns  (logic 0.164ns (61.116%)  route 0.104ns (38.884%))
  Logic Levels:           0  
  Clock Path Skew:        0.055ns (DCD - SCD - CPR)
    Destination Clock Delay (DCD):    2.130ns
    Source Clock Delay      (SCD):    1.572ns
    Clock Pessimism Removal (CPR):    0.503ns

    Location             Delay type                Incr(ns)  Path(ns)    Netlist Resource(s)
  -------------------------------------------------------------------    -------------------
                         (clock sys_clk rise edge)    0.000     0.000 r  
    U18                                               0.000     0.000 r  sys_clk (IN)
                         net (fo=0)                   0.000     0.000    sys_clk
    U18                  IBUF (Prop_ibuf_I_O)         0.266     0.266 r  sys_clk_IBUF_inst/O
                         net (fo=1, routed)           0.674     0.940    sys_clk_IBUF
    BUFGCTRL_X0Y16       BUFG (Prop_bufg_I_O)         0.026     0.966 r  sys_clk_IBUF_BUFG_inst/O
                         net (fo=334, routed)         0.606     1.572    rs485_m1/sys_clk_IBUF_BUFG
    SLICE_X104Y60        FDCE                                         r  rs485_m1/fifo_wdata_reg[2]/C
  -------------------------------------------------------------------    -------------------
    SLICE_X104Y60        FDCE (Prop_fdce_C_Q)         0.164     1.736 r  rs485_m1/fifo_wdata_reg[2]/Q
                         net (fo=1, routed)           0.104     1.840    rs485_m1/fifo_inst/U0/inst_fifo_gen/gconvfifo.rf/grf.rf/gntv_or_sync_fifo.mem/gbm.gbmg.gbmga.ngecc.bmg/inst_blk_mem_gen/gnbram.gnativebmg.native_blk_mem_gen/valid.cstr/ramloop[0].ram.r/prim_noinit.ram/din[2]
    RAMB18_X5Y24         RAMB18E1                                     r  rs485_m1/fifo_inst/U0/inst_fifo_gen/gconvfifo.rf/grf.rf/gntv_or_sync_fifo.mem/gbm.gbmg.gbmga.ngecc.bmg/inst_blk_mem_gen/gnbram.gnativebmg.native_blk_mem_gen/valid.cstr/ramloop[0].ram.r/prim_noinit.ram/DEVICE_7SERIES.NO_BMM_INFO.SDP.WIDE_PRIM18.ram/DIADI[8]
  -------------------------------------------------------------------    -------------------

                         (clock sys_clk rise edge)    0.000     0.000 r  
    U18                                               0.000     0.000 r  sys_clk (IN)
                         net (fo=0)                   0.000     0.000    sys_clk
    U18                  IBUF (Prop_ibuf_I_O)         0.454     0.454 r  sys_clk_IBUF_inst/O
                         net (fo=1, routed)           0.731     1.185    sys_clk_IBUF
    BUFGCTRL_X0Y16       BUFG (Prop_bufg_I_O)         0.029     1.214 r  sys_clk_IBUF_BUFG_inst/O
                         net (fo=334, routed)         0.916     2.130    rs485_m1/fifo_inst/U0/inst_fifo_gen/gconvfifo.rf/grf.rf/gntv_or_sync_fifo.mem/gbm.gbmg.gbmga.ngecc.bmg/inst_blk_mem_gen/gnbram.gnativebmg.native_blk_mem_gen/valid.cstr/ramloop[0].ram.r/prim_noinit.ram/clk
    RAMB18_X5Y24         RAMB18E1                                     r  rs485_m1/fifo_inst/U0/inst_fifo_gen/gconvfifo.rf/grf.rf/gntv_or_sync_fifo.mem/gbm.gbmg.gbmga.ngecc.bmg/inst_blk_mem_gen/gnbram.gnativebmg.native_blk_mem_gen/valid.cstr/ramloop[0].ram.r/prim_noinit.ram/DEVICE_7SERIES.NO_BMM_INFO.SDP.WIDE_PRIM18.ram/CLKBWRCLK
                         clock pessimism             -0.503     1.627    
    RAMB18_X5Y24         RAMB18E1 (Hold_ramb18e1_CLKBWRCLK_DIADI[8])
                                                      0.155     1.782    rs485_m1/fifo_inst/U0/inst_fifo_gen/gconvfifo.rf/grf.rf/gntv_or_sync_fifo.mem/gbm.gbmg.gbmga.ngecc.bmg/inst_blk_mem_gen/gnbram.gnativebmg.native_blk_mem_gen/valid.cstr/ramloop[0].ram.r/prim_noinit.ram/DEVICE_7SERIES.NO_BMM_INFO.SDP.WIDE_PRIM18.ram
  -------------------------------------------------------------------
                         required time                         -1.782    
                         arrival time                           1.840    
  -------------------------------------------------------------------
                         slack                                  0.059    

Slack (MET) :             0.059ns  (arrival time - required time)
  Source:                 rs485_m1/fifo_wdata_reg[3]/C
                            (rising edge-triggered cell FDCE clocked by sys_clk  {rise@0.000ns fall@10.000ns period=20.000ns})
  Destination:            rs485_m1/fifo_inst/U0/inst_fifo_gen/gconvfifo.rf/grf.rf/gntv_or_sync_fifo.mem/gbm.gbmg.gbmga.ngecc.bmg/inst_blk_mem_gen/gnbram.gnativebmg.native_blk_mem_gen/valid.cstr/ramloop[0].ram.r/prim_noinit.ram/DEVICE_7SERIES.NO_BMM_INFO.SDP.WIDE_PRIM18.ram/DIADI[9]
                            (rising edge-triggered cell RAMB18E1 clocked by sys_clk  {rise@0.000ns fall@10.000ns period=20.000ns})
  Path Group:             sys_clk
  Path Type:              Hold (Min at Fast Process Corner)
  Requirement:            0.000ns  (sys_clk rise@0.000ns - sys_clk rise@0.000ns)
  Data Path Delay:        0.268ns  (logic 0.164ns (61.116%)  route 0.104ns (38.884%))
  Logic Levels:           0  
  Clock Path Skew:        0.055ns (DCD - SCD - CPR)
    Destination Clock Delay (DCD):    2.130ns
    Source Clock Delay      (SCD):    1.572ns
    Clock Pessimism Removal (CPR):    0.503ns

    Location             Delay type                Incr(ns)  Path(ns)    Netlist Resource(s)
  -------------------------------------------------------------------    -------------------
                         (clock sys_clk rise edge)    0.000     0.000 r  
    U18                                               0.000     0.000 r  sys_clk (IN)
                         net (fo=0)                   0.000     0.000    sys_clk
    U18                  IBUF (Prop_ibuf_I_O)         0.266     0.266 r  sys_clk_IBUF_inst/O
                         net (fo=1, routed)           0.674     0.940    sys_clk_IBUF
    BUFGCTRL_X0Y16       BUFG (Prop_bufg_I_O)         0.026     0.966 r  sys_clk_IBUF_BUFG_inst/O
                         net (fo=334, routed)         0.606     1.572    rs485_m1/sys_clk_IBUF_BUFG
    SLICE_X104Y60        FDCE                                         r  rs485_m1/fifo_wdata_reg[3]/C
  -------------------------------------------------------------------    -------------------
    SLICE_X104Y60        FDCE (Prop_fdce_C_Q)         0.164     1.736 r  rs485_m1/fifo_wdata_reg[3]/Q
                         net (fo=1, routed)           0.104     1.840    rs485_m1/fifo_inst/U0/inst_fifo_gen/gconvfifo.rf/grf.rf/gntv_or_sync_fifo.mem/gbm.gbmg.gbmga.ngecc.bmg/inst_blk_mem_gen/gnbram.gnativebmg.native_blk_mem_gen/valid.cstr/ramloop[0].ram.r/prim_noinit.ram/din[3]
    RAMB18_X5Y24         RAMB18E1                                     r  rs485_m1/fifo_inst/U0/inst_fifo_gen/gconvfifo.rf/grf.rf/gntv_or_sync_fifo.mem/gbm.gbmg.gbmga.ngecc.bmg/inst_blk_mem_gen/gnbram.gnativebmg.native_blk_mem_gen/valid.cstr/ramloop[0].ram.r/prim_noinit.ram/DEVICE_7SERIES.NO_BMM_INFO.SDP.WIDE_PRIM18.ram/DIADI[9]
  -------------------------------------------------------------------    -------------------

                         (clock sys_clk rise edge)    0.000     0.000 r  
    U18                                               0.000     0.000 r  sys_clk (IN)
                         net (fo=0)                   0.000     0.000    sys_clk
    U18                  IBUF (Prop_ibuf_I_O)         0.454     0.454 r  sys_clk_IBUF_inst/O
                         net (fo=1, routed)           0.731     1.185    sys_clk_IBUF
    BUFGCTRL_X0Y16       BUFG (Prop_bufg_I_O)         0.029     1.214 r  sys_clk_IBUF_BUFG_inst/O
                         net (fo=334, routed)         0.916     2.130    rs485_m1/fifo_inst/U0/inst_fifo_gen/gconvfifo.rf/grf.rf/gntv_or_sync_fifo.mem/gbm.gbmg.gbmga.ngecc.bmg/inst_blk_mem_gen/gnbram.gnativebmg.native_blk_mem_gen/valid.cstr/ramloop[0].ram.r/prim_noinit.ram/clk
    RAMB18_X5Y24         RAMB18E1                                     r  rs485_m1/fifo_inst/U0/inst_fifo_gen/gconvfifo.rf/grf.rf/gntv_or_sync_fifo.mem/gbm.gbmg.gbmga.ngecc.bmg/inst_blk_mem_gen/gnbram.gnativebmg.native_blk_mem_gen/valid.cstr/ramloop[0].ram.r/prim_noinit.ram/DEVICE_7SERIES.NO_BMM_INFO.SDP.WIDE_PRIM18.ram/CLKBWRCLK
                         clock pessimism             -0.503     1.627    
    RAMB18_X5Y24         RAMB18E1 (Hold_ramb18e1_CLKBWRCLK_DIADI[9])
                                                      0.155     1.782    rs485_m1/fifo_inst/U0/inst_fifo_gen/gconvfifo.rf/grf.rf/gntv_or_sync_fifo.mem/gbm.gbmg.gbmga.ngecc.bmg/inst_blk_mem_gen/gnbram.gnativebmg.native_blk_mem_gen/valid.cstr/ramloop[0].ram.r/prim_noinit.ram/DEVICE_7SERIES.NO_BMM_INFO.SDP.WIDE_PRIM18.ram
  -------------------------------------------------------------------
                         required time                         -1.782    
                         arrival time                           1.840    
  -------------------------------------------------------------------
                         slack                                  0.059    

Slack (MET) :             0.078ns  (arrival time - required time)
  Source:                 rs485_m1/fifo_wdata_reg[0]/C
                            (rising edge-triggered cell FDCE clocked by sys_clk  {rise@0.000ns fall@10.000ns period=20.000ns})
  Destination:            rs485_m1/fifo_inst/U0/inst_fifo_gen/gconvfifo.rf/grf.rf/gntv_or_sync_fifo.mem/gbm.gbmg.gbmga.ngecc.bmg/inst_blk_mem_gen/gnbram.gnativebmg.native_blk_mem_gen/valid.cstr/ramloop[0].ram.r/prim_noinit.ram/DEVICE_7SERIES.NO_BMM_INFO.SDP.WIDE_PRIM18.ram/DIADI[0]
                            (rising edge-triggered cell RAMB18E1 clocked by sys_clk  {rise@0.000ns fall@10.000ns period=20.000ns})
  Path Group:             sys_clk
  Path Type:              Hold (Min at Fast Process Corner)
  Requirement:            0.000ns  (sys_clk rise@0.000ns - sys_clk rise@0.000ns)
  Data Path Delay:        0.288ns  (logic 0.164ns (56.956%)  route 0.124ns (43.044%))
  Logic Levels:           0  
  Clock Path Skew:        0.055ns (DCD - SCD - CPR)
    Destination Clock Delay (DCD):    2.130ns
    Source Clock Delay      (SCD):    1.572ns
    Clock Pessimism Removal (CPR):    0.503ns

    Location             Delay type                Incr(ns)  Path(ns)    Netlist Resource(s)
  -------------------------------------------------------------------    -------------------
                         (clock sys_clk rise edge)    0.000     0.000 r  
    U18                                               0.000     0.000 r  sys_clk (IN)
                         net (fo=0)                   0.000     0.000    sys_clk
    U18                  IBUF (Prop_ibuf_I_O)         0.266     0.266 r  sys_clk_IBUF_inst/O
                         net (fo=1, routed)           0.674     0.940    sys_clk_IBUF
    BUFGCTRL_X0Y16       BUFG (Prop_bufg_I_O)         0.026     0.966 r  sys_clk_IBUF_BUFG_inst/O
                         net (fo=334, routed)         0.606     1.572    rs485_m1/sys_clk_IBUF_BUFG
    SLICE_X104Y60        FDCE                                         r  rs485_m1/fifo_wdata_reg[0]/C
  -------------------------------------------------------------------    -------------------
    SLICE_X104Y60        FDCE (Prop_fdce_C_Q)         0.164     1.736 r  rs485_m1/fifo_wdata_reg[0]/Q
                         net (fo=1, routed)           0.124     1.860    rs485_m1/fifo_inst/U0/inst_fifo_gen/gconvfifo.rf/grf.rf/gntv_or_sync_fifo.mem/gbm.gbmg.gbmga.ngecc.bmg/inst_blk_mem_gen/gnbram.gnativebmg.native_blk_mem_gen/valid.cstr/ramloop[0].ram.r/prim_noinit.ram/din[0]
    RAMB18_X5Y24         RAMB18E1                                     r  rs485_m1/fifo_inst/U0/inst_fifo_gen/gconvfifo.rf/grf.rf/gntv_or_sync_fifo.mem/gbm.gbmg.gbmga.ngecc.bmg/inst_blk_mem_gen/gnbram.gnativebmg.native_blk_mem_gen/valid.cstr/ramloop[0].ram.r/prim_noinit.ram/DEVICE_7SERIES.NO_BMM_INFO.SDP.WIDE_PRIM18.ram/DIADI[0]
  -------------------------------------------------------------------    -------------------

                         (clock sys_clk rise edge)    0.000     0.000 r  
    U18                                               0.000     0.000 r  sys_clk (IN)
                         net (fo=0)                   0.000     0.000    sys_clk
    U18                  IBUF (Prop_ibuf_I_O)         0.454     0.454 r  sys_clk_IBUF_inst/O
                         net (fo=1, routed)           0.731     1.185    sys_clk_IBUF
    BUFGCTRL_X0Y16       BUFG (Prop_bufg_I_O)         0.029     1.214 r  sys_clk_IBUF_BUFG_inst/O
                         net (fo=334, routed)         0.916     2.130    rs485_m1/fifo_inst/U0/inst_fifo_gen/gconvfifo.rf/grf.rf/gntv_or_sync_fifo.mem/gbm.gbmg.gbmga.ngecc.bmg/inst_blk_mem_gen/gnbram.gnativebmg.native_blk_mem_gen/valid.cstr/ramloop[0].ram.r/prim_noinit.ram/clk
    RAMB18_X5Y24         RAMB18E1                                     r  rs485_m1/fifo_inst/U0/inst_fifo_gen/gconvfifo.rf/grf.rf/gntv_or_sync_fifo.mem/gbm.gbmg.gbmga.ngecc.bmg/inst_blk_mem_gen/gnbram.gnativebmg.native_blk_mem_gen/valid.cstr/ramloop[0].ram.r/prim_noinit.ram/DEVICE_7SERIES.NO_BMM_INFO.SDP.WIDE_PRIM18.ram/CLKBWRCLK
                         clock pessimism             -0.503     1.627    
    RAMB18_X5Y24         RAMB18E1 (Hold_ramb18e1_CLKBWRCLK_DIADI[0])
                                                      0.155     1.782    rs485_m1/fifo_inst/U0/inst_fifo_gen/gconvfifo.rf/grf.rf/gntv_or_sync_fifo.mem/gbm.gbmg.gbmga.ngecc.bmg/inst_blk_mem_gen/gnbram.gnativebmg.native_blk_mem_gen/valid.cstr/ramloop[0].ram.r/prim_noinit.ram/DEVICE_7SERIES.NO_BMM_INFO.SDP.WIDE_PRIM18.ram
  -------------------------------------------------------------------
                         required time                         -1.782    
                         arrival time                           1.860    
  -------------------------------------------------------------------
                         slack                                  0.078    

Slack (MET) :             0.110ns  (arrival time - required time)
  Source:                 rs485_m1/fifo_wdata_reg[1]/C
                            (rising edge-triggered cell FDCE clocked by sys_clk  {rise@0.000ns fall@10.000ns period=20.000ns})
  Destination:            rs485_m1/fifo_inst/U0/inst_fifo_gen/gconvfifo.rf/grf.rf/gntv_or_sync_fifo.mem/gbm.gbmg.gbmga.ngecc.bmg/inst_blk_mem_gen/gnbram.gnativebmg.native_blk_mem_gen/valid.cstr/ramloop[0].ram.r/prim_noinit.ram/DEVICE_7SERIES.NO_BMM_INFO.SDP.WIDE_PRIM18.ram/DIADI[1]
                            (rising edge-triggered cell RAMB18E1 clocked by sys_clk  {rise@0.000ns fall@10.000ns period=20.000ns})
  Path Group:             sys_clk
  Path Type:              Hold (Min at Fast Process Corner)
  Requirement:            0.000ns  (sys_clk rise@0.000ns - sys_clk rise@0.000ns)
  Data Path Delay:        0.320ns  (logic 0.164ns (51.328%)  route 0.156ns (48.672%))
  Logic Levels:           0  
  Clock Path Skew:        0.055ns (DCD - SCD - CPR)
    Destination Clock Delay (DCD):    2.130ns
    Source Clock Delay      (SCD):    1.572ns
    Clock Pessimism Removal (CPR):    0.503ns

    Location             Delay type                Incr(ns)  Path(ns)    Netlist Resource(s)
  -------------------------------------------------------------------    -------------------
                         (clock sys_clk rise edge)    0.000     0.000 r  
    U18                                               0.000     0.000 r  sys_clk (IN)
                         net (fo=0)                   0.000     0.000    sys_clk
    U18                  IBUF (Prop_ibuf_I_O)         0.266     0.266 r  sys_clk_IBUF_inst/O
                         net (fo=1, routed)           0.674     0.940    sys_clk_IBUF
    BUFGCTRL_X0Y16       BUFG (Prop_bufg_I_O)         0.026     0.966 r  sys_clk_IBUF_BUFG_inst/O
                         net (fo=334, routed)         0.606     1.572    rs485_m1/sys_clk_IBUF_BUFG
    SLICE_X104Y60        FDCE                                         r  rs485_m1/fifo_wdata_reg[1]/C
  -------------------------------------------------------------------    -------------------
    SLICE_X104Y60        FDCE (Prop_fdce_C_Q)         0.164     1.736 r  rs485_m1/fifo_wdata_reg[1]/Q
                         net (fo=1, routed)           0.156     1.891    rs485_m1/fifo_inst/U0/inst_fifo_gen/gconvfifo.rf/grf.rf/gntv_or_sync_fifo.mem/gbm.gbmg.gbmga.ngecc.bmg/inst_blk_mem_gen/gnbram.gnativebmg.native_blk_mem_gen/valid.cstr/ramloop[0].ram.r/prim_noinit.ram/din[1]
    RAMB18_X5Y24         RAMB18E1                                     r  rs485_m1/fifo_inst/U0/inst_fifo_gen/gconvfifo.rf/grf.rf/gntv_or_sync_fifo.mem/gbm.gbmg.gbmga.ngecc.bmg/inst_blk_mem_gen/gnbram.gnativebmg.native_blk_mem_gen/valid.cstr/ramloop[0].ram.r/prim_noinit.ram/DEVICE_7SERIES.NO_BMM_INFO.SDP.WIDE_PRIM18.ram/DIADI[1]
  -------------------------------------------------------------------    -------------------

                         (clock sys_clk rise edge)    0.000     0.000 r  
    U18                                               0.000     0.000 r  sys_clk (IN)
                         net (fo=0)                   0.000     0.000    sys_clk
    U18                  IBUF (Prop_ibuf_I_O)         0.454     0.454 r  sys_clk_IBUF_inst/O
                         net (fo=1, routed)           0.731     1.185    sys_clk_IBUF
    BUFGCTRL_X0Y16       BUFG (Prop_bufg_I_O)         0.029     1.214 r  sys_clk_IBUF_BUFG_inst/O
                         net (fo=334, routed)         0.916     2.130    rs485_m1/fifo_inst/U0/inst_fifo_gen/gconvfifo.rf/grf.rf/gntv_or_sync_fifo.mem/gbm.gbmg.gbmga.ngecc.bmg/inst_blk_mem_gen/gnbram.gnativebmg.native_blk_mem_gen/valid.cstr/ramloop[0].ram.r/prim_noinit.ram/clk
    RAMB18_X5Y24         RAMB18E1                                     r  rs485_m1/fifo_inst/U0/inst_fifo_gen/gconvfifo.rf/grf.rf/gntv_or_sync_fifo.mem/gbm.gbmg.gbmga.ngecc.bmg/inst_blk_mem_gen/gnbram.gnativebmg.native_blk_mem_gen/valid.cstr/ramloop[0].ram.r/prim_noinit.ram/DEVICE_7SERIES.NO_BMM_INFO.SDP.WIDE_PRIM18.ram/CLKBWRCLK
                         clock pessimism             -0.503     1.627    
    RAMB18_X5Y24         RAMB18E1 (Hold_ramb18e1_CLKBWRCLK_DIADI[1])
                                                      0.155     1.782    rs485_m1/fifo_inst/U0/inst_fifo_gen/gconvfifo.rf/grf.rf/gntv_or_sync_fifo.mem/gbm.gbmg.gbmga.ngecc.bmg/inst_blk_mem_gen/gnbram.gnativebmg.native_blk_mem_gen/valid.cstr/ramloop[0].ram.r/prim_noinit.ram/DEVICE_7SERIES.NO_BMM_INFO.SDP.WIDE_PRIM18.ram
  -------------------------------------------------------------------
                         required time                         -1.782    
                         arrival time                           1.891    
  -------------------------------------------------------------------
                         slack                                  0.110    

Slack (MET) :             0.158ns  (arrival time - required time)
  Source:                 rs485_m0/fifo_inst/U0/inst_fifo_gen/gconvfifo.rf/grf.rf/gntv_or_sync_fifo.gl0.rd/rpntr/gc0.count_reg[0]/C
                            (rising edge-triggered cell FDSE clocked by sys_clk  {rise@0.000ns fall@10.000ns period=20.000ns})
  Destination:            rs485_m0/fifo_inst/U0/inst_fifo_gen/gconvfifo.rf/grf.rf/gntv_or_sync_fifo.gl0.rd/rpntr/gc0.count_d1_reg[0]/D
                            (rising edge-triggered cell FDRE clocked by sys_clk  {rise@0.000ns fall@10.000ns period=20.000ns})
  Path Group:             sys_clk
  Path Type:              Hold (Min at Fast Process Corner)
  Requirement:            0.000ns  (sys_clk rise@0.000ns - sys_clk rise@0.000ns)
  Data Path Delay:        0.229ns  (logic 0.141ns (61.472%)  route 0.088ns (38.528%))
  Logic Levels:           0  
  Clock Path Skew:        0.000ns (DCD - SCD - CPR)
    Destination Clock Delay (DCD):    2.112ns
    Source Clock Delay      (SCD):    1.596ns
    Clock Pessimism Removal (CPR):    0.516ns

    Location             Delay type                Incr(ns)  Path(ns)    Netlist Resource(s)
  -------------------------------------------------------------------    -------------------
                         (clock sys_clk rise edge)    0.000     0.000 r  
    U18                                               0.000     0.000 r  sys_clk (IN)
                         net (fo=0)                   0.000     0.000    sys_clk
    U18                  IBUF (Prop_ibuf_I_O)         0.266     0.266 r  sys_clk_IBUF_inst/O
                         net (fo=1, routed)           0.674     0.940    sys_clk_IBUF
    BUFGCTRL_X0Y16       BUFG (Prop_bufg_I_O)         0.026     0.966 r  sys_clk_IBUF_BUFG_inst/O
                         net (fo=334, routed)         0.630     1.596    rs485_m0/fifo_inst/U0/inst_fifo_gen/gconvfifo.rf/grf.rf/gntv_or_sync_fifo.gl0.rd/rpntr/clk
    SLICE_X106Y66        FDSE                                         r  rs485_m0/fifo_inst/U0/inst_fifo_gen/gconvfifo.rf/grf.rf/gntv_or_sync_fifo.gl0.rd/rpntr/gc0.count_reg[0]/C
  -------------------------------------------------------------------    -------------------
    SLICE_X106Y66        FDSE (Prop_fdse_C_Q)         0.141     1.737 r  rs485_m0/fifo_inst/U0/inst_fifo_gen/gconvfifo.rf/grf.rf/gntv_or_sync_fifo.gl0.rd/rpntr/gc0.count_reg[0]/Q
                         net (fo=9, routed)           0.088     1.825    rs485_m0/fifo_inst/U0/inst_fifo_gen/gconvfifo.rf/grf.rf/gntv_or_sync_fifo.gl0.rd/rpntr/Q[0]
    SLICE_X106Y66        FDRE                                         r  rs485_m0/fifo_inst/U0/inst_fifo_gen/gconvfifo.rf/grf.rf/gntv_or_sync_fifo.gl0.rd/rpntr/gc0.count_d1_reg[0]/D
  -------------------------------------------------------------------    -------------------

                         (clock sys_clk rise edge)    0.000     0.000 r  
    U18                                               0.000     0.000 r  sys_clk (IN)
                         net (fo=0)                   0.000     0.000    sys_clk
    U18                  IBUF (Prop_ibuf_I_O)         0.454     0.454 r  sys_clk_IBUF_inst/O
                         net (fo=1, routed)           0.731     1.185    sys_clk_IBUF
    BUFGCTRL_X0Y16       BUFG (Prop_bufg_I_O)         0.029     1.214 r  sys_clk_IBUF_BUFG_inst/O
                         net (fo=334, routed)         0.898     2.112    rs485_m0/fifo_inst/U0/inst_fifo_gen/gconvfifo.rf/grf.rf/gntv_or_sync_fifo.gl0.rd/rpntr/clk
    SLICE_X106Y66        FDRE                                         r  rs485_m0/fifo_inst/U0/inst_fifo_gen/gconvfifo.rf/grf.rf/gntv_or_sync_fifo.gl0.rd/rpntr/gc0.count_d1_reg[0]/C
                         clock pessimism             -0.516     1.596    
    SLICE_X106Y66        FDRE (Hold_fdre_C_D)         0.071     1.667    rs485_m0/fifo_inst/U0/inst_fifo_gen/gconvfifo.rf/grf.rf/gntv_or_sync_fifo.gl0.rd/rpntr/gc0.count_d1_reg[0]
  -------------------------------------------------------------------
                         required time                         -1.667    
                         arrival time                           1.825    
  -------------------------------------------------------------------
                         slack                                  0.158    

Slack (MET) :             0.164ns  (arrival time - required time)
  Source:                 rs485_m1/tx_cnt_reg[0]/C
                            (rising edge-triggered cell FDCE clocked by sys_clk  {rise@0.000ns fall@10.000ns period=20.000ns})
  Destination:            rs485_m1/tx_cnt_reg[2]/D
                            (rising edge-triggered cell FDCE clocked by sys_clk  {rise@0.000ns fall@10.000ns period=20.000ns})
  Path Group:             sys_clk
  Path Type:              Hold (Min at Fast Process Corner)
  Requirement:            0.000ns  (sys_clk rise@0.000ns - sys_clk rise@0.000ns)
  Data Path Delay:        0.269ns  (logic 0.186ns (69.271%)  route 0.083ns (30.729%))
  Logic Levels:           1  (LUT4=1)
  Clock Path Skew:        0.013ns (DCD - SCD - CPR)
    Destination Clock Delay (DCD):    2.118ns
    Source Clock Delay      (SCD):    1.600ns
    Clock Pessimism Removal (CPR):    0.505ns

    Location             Delay type                Incr(ns)  Path(ns)    Netlist Resource(s)
  -------------------------------------------------------------------    -------------------
                         (clock sys_clk rise edge)    0.000     0.000 r  
    U18                                               0.000     0.000 r  sys_clk (IN)
                         net (fo=0)                   0.000     0.000    sys_clk
    U18                  IBUF (Prop_ibuf_I_O)         0.266     0.266 r  sys_clk_IBUF_inst/O
                         net (fo=1, routed)           0.674     0.940    sys_clk_IBUF
    BUFGCTRL_X0Y16       BUFG (Prop_bufg_I_O)         0.026     0.966 r  sys_clk_IBUF_BUFG_inst/O
                         net (fo=334, routed)         0.634     1.600    rs485_m1/sys_clk_IBUF_BUFG
    SLICE_X106Y58        FDCE                                         r  rs485_m1/tx_cnt_reg[0]/C
  -------------------------------------------------------------------    -------------------
    SLICE_X106Y58        FDCE (Prop_fdce_C_Q)         0.141     1.741 r  rs485_m1/tx_cnt_reg[0]/Q
                         net (fo=10, routed)          0.083     1.823    rs485_m1/tx_cnt_reg_n_0_[0]
    SLICE_X107Y58        LUT4 (Prop_lut4_I1_O)        0.045     1.868 r  rs485_m1/tx_cnt[2]_i_1__0/O
                         net (fo=1, routed)           0.000     1.868    rs485_m1/tx_cnt[2]_i_1__0_n_0
    SLICE_X107Y58        FDCE                                         r  rs485_m1/tx_cnt_reg[2]/D
  -------------------------------------------------------------------    -------------------

                         (clock sys_clk rise edge)    0.000     0.000 r  
    U18                                               0.000     0.000 r  sys_clk (IN)
                         net (fo=0)                   0.000     0.000    sys_clk
    U18                  IBUF (Prop_ibuf_I_O)         0.454     0.454 r  sys_clk_IBUF_inst/O
                         net (fo=1, routed)           0.731     1.185    sys_clk_IBUF
    BUFGCTRL_X0Y16       BUFG (Prop_bufg_I_O)         0.029     1.214 r  sys_clk_IBUF_BUFG_inst/O
                         net (fo=334, routed)         0.904     2.118    rs485_m1/sys_clk_IBUF_BUFG
    SLICE_X107Y58        FDCE                                         r  rs485_m1/tx_cnt_reg[2]/C
                         clock pessimism             -0.505     1.613    
    SLICE_X107Y58        FDCE (Hold_fdce_C_D)         0.092     1.705    rs485_m1/tx_cnt_reg[2]
  -------------------------------------------------------------------
                         required time                         -1.705    
                         arrival time                           1.868    
  -------------------------------------------------------------------
                         slack                                  0.164    

Slack (MET) :             0.164ns  (arrival time - required time)
  Source:                 rs485_m1/fifo_inst/U0/inst_fifo_gen/gconvfifo.rf/grf.rf/gntv_or_sync_fifo.gl0.rd/rpntr/gc0.count_reg[0]/C
                            (rising edge-triggered cell FDSE clocked by sys_clk  {rise@0.000ns fall@10.000ns period=20.000ns})
  Destination:            rs485_m1/fifo_inst/U0/inst_fifo_gen/gconvfifo.rf/grf.rf/gntv_or_sync_fifo.gl0.rd/rpntr/gc0.count_d1_reg[0]/D
                            (rising edge-triggered cell FDRE clocked by sys_clk  {rise@0.000ns fall@10.000ns period=20.000ns})
  Path Group:             sys_clk
  Path Type:              Hold (Min at Fast Process Corner)
  Requirement:            0.000ns  (sys_clk rise@0.000ns - sys_clk rise@0.000ns)
  Data Path Delay:        0.239ns  (logic 0.141ns (58.926%)  route 0.098ns (41.074%))
  Logic Levels:           0  
  Clock Path Skew:        0.000ns (DCD - SCD - CPR)
    Destination Clock Delay (DCD):    2.121ns
    Source Clock Delay      (SCD):    1.601ns
    Clock Pessimism Removal (CPR):    0.520ns

    Location             Delay type                Incr(ns)  Path(ns)    Netlist Resource(s)
  -------------------------------------------------------------------    -------------------
                         (clock sys_clk rise edge)    0.000     0.000 r  
    U18                                               0.000     0.000 r  sys_clk (IN)
                         net (fo=0)                   0.000     0.000    sys_clk
    U18                  IBUF (Prop_ibuf_I_O)         0.266     0.266 r  sys_clk_IBUF_inst/O
                         net (fo=1, routed)           0.674     0.940    sys_clk_IBUF
    BUFGCTRL_X0Y16       BUFG (Prop_bufg_I_O)         0.026     0.966 r  sys_clk_IBUF_BUFG_inst/O
                         net (fo=334, routed)         0.635     1.601    rs485_m1/fifo_inst/U0/inst_fifo_gen/gconvfifo.rf/grf.rf/gntv_or_sync_fifo.gl0.rd/rpntr/clk
    SLICE_X111Y59        FDSE                                         r  rs485_m1/fifo_inst/U0/inst_fifo_gen/gconvfifo.rf/grf.rf/gntv_or_sync_fifo.gl0.rd/rpntr/gc0.count_reg[0]/C
  -------------------------------------------------------------------    -------------------
    SLICE_X111Y59        FDSE (Prop_fdse_C_Q)         0.141     1.742 r  rs485_m1/fifo_inst/U0/inst_fifo_gen/gconvfifo.rf/grf.rf/gntv_or_sync_fifo.gl0.rd/rpntr/gc0.count_reg[0]/Q
                         net (fo=9, routed)           0.098     1.840    rs485_m1/fifo_inst/U0/inst_fifo_gen/gconvfifo.rf/grf.rf/gntv_or_sync_fifo.gl0.rd/rpntr/Q[0]
    SLICE_X111Y59        FDRE                                         r  rs485_m1/fifo_inst/U0/inst_fifo_gen/gconvfifo.rf/grf.rf/gntv_or_sync_fifo.gl0.rd/rpntr/gc0.count_d1_reg[0]/D
  -------------------------------------------------------------------    -------------------

                         (clock sys_clk rise edge)    0.000     0.000 r  
    U18                                               0.000     0.000 r  sys_clk (IN)
                         net (fo=0)                   0.000     0.000    sys_clk
    U18                  IBUF (Prop_ibuf_I_O)         0.454     0.454 r  sys_clk_IBUF_inst/O
                         net (fo=1, routed)           0.731     1.185    sys_clk_IBUF
    BUFGCTRL_X0Y16       BUFG (Prop_bufg_I_O)         0.029     1.214 r  sys_clk_IBUF_BUFG_inst/O
                         net (fo=334, routed)         0.907     2.121    rs485_m1/fifo_inst/U0/inst_fifo_gen/gconvfifo.rf/grf.rf/gntv_or_sync_fifo.gl0.rd/rpntr/clk
    SLICE_X111Y59        FDRE                                         r  rs485_m1/fifo_inst/U0/inst_fifo_gen/gconvfifo.rf/grf.rf/gntv_or_sync_fifo.gl0.rd/rpntr/gc0.count_d1_reg[0]/C
                         clock pessimism             -0.520     1.601    
    SLICE_X111Y59        FDRE (Hold_fdre_C_D)         0.075     1.676    rs485_m1/fifo_inst/U0/inst_fifo_gen/gconvfifo.rf/grf.rf/gntv_or_sync_fifo.gl0.rd/rpntr/gc0.count_d1_reg[0]
  -------------------------------------------------------------------
                         required time                         -1.676    
                         arrival time                           1.840    
  -------------------------------------------------------------------
                         slack                                  0.164    

Slack (MET) :             0.170ns  (arrival time - required time)
  Source:                 rs485_m0/uart_rx_inst/rx_data_reg[7]/C
                            (rising edge-triggered cell FDCE clocked by sys_clk  {rise@0.000ns fall@10.000ns period=20.000ns})
  Destination:            rs485_m0/data_count_reg[7]/D
                            (rising edge-triggered cell FDCE clocked by sys_clk  {rise@0.000ns fall@10.000ns period=20.000ns})
  Path Group:             sys_clk
  Path Type:              Hold (Min at Fast Process Corner)
  Requirement:            0.000ns  (sys_clk rise@0.000ns - sys_clk rise@0.000ns)
  Data Path Delay:        0.256ns  (logic 0.141ns (55.059%)  route 0.115ns (44.941%))
  Logic Levels:           0  
  Clock Path Skew:        0.015ns (DCD - SCD - CPR)
    Destination Clock Delay (DCD):    2.108ns
    Source Clock Delay      (SCD):    1.591ns
    Clock Pessimism Removal (CPR):    0.502ns

    Location             Delay type                Incr(ns)  Path(ns)    Netlist Resource(s)
  -------------------------------------------------------------------    -------------------
                         (clock sys_clk rise edge)    0.000     0.000 r  
    U18                                               0.000     0.000 r  sys_clk (IN)
                         net (fo=0)                   0.000     0.000    sys_clk
    U18                  IBUF (Prop_ibuf_I_O)         0.266     0.266 r  sys_clk_IBUF_inst/O
                         net (fo=1, routed)           0.674     0.940    sys_clk_IBUF
    BUFGCTRL_X0Y16       BUFG (Prop_bufg_I_O)         0.026     0.966 r  sys_clk_IBUF_BUFG_inst/O
                         net (fo=334, routed)         0.625     1.591    rs485_m0/uart_rx_inst/sys_clk_IBUF_BUFG
    SLICE_X109Y71        FDCE                                         r  rs485_m0/uart_rx_inst/rx_data_reg[7]/C
  -------------------------------------------------------------------    -------------------
    SLICE_X109Y71        FDCE (Prop_fdce_C_Q)         0.141     1.732 r  rs485_m0/uart_rx_inst/rx_data_reg[7]/Q
                         net (fo=3, routed)           0.115     1.847    rs485_m0/rx_data[7]
    SLICE_X107Y70        FDCE                                         r  rs485_m0/data_count_reg[7]/D
  -------------------------------------------------------------------    -------------------

                         (clock sys_clk rise edge)    0.000     0.000 r  
    U18                                               0.000     0.000 r  sys_clk (IN)
                         net (fo=0)                   0.000     0.000    sys_clk
    U18                  IBUF (Prop_ibuf_I_O)         0.454     0.454 r  sys_clk_IBUF_inst/O
                         net (fo=1, routed)           0.731     1.185    sys_clk_IBUF
    BUFGCTRL_X0Y16       BUFG (Prop_bufg_I_O)         0.029     1.214 r  sys_clk_IBUF_BUFG_inst/O
                         net (fo=334, routed)         0.894     2.108    rs485_m0/sys_clk_IBUF_BUFG
    SLICE_X107Y70        FDCE                                         r  rs485_m0/data_count_reg[7]/C
                         clock pessimism             -0.502     1.606    
    SLICE_X107Y70        FDCE (Hold_fdce_C_D)         0.071     1.677    rs485_m0/data_count_reg[7]
  -------------------------------------------------------------------
                         required time                         -1.677    
                         arrival time                           1.847    
  -------------------------------------------------------------------
                         slack                                  0.170    

Slack (MET) :             0.171ns  (arrival time - required time)
  Source:                 rs485_m0/uart_rx_inst/rx_bits_reg[7]/C
                            (rising edge-triggered cell FDCE clocked by sys_clk  {rise@0.000ns fall@10.000ns period=20.000ns})
  Destination:            rs485_m0/uart_rx_inst/rx_data_reg[7]/D
                            (rising edge-triggered cell FDCE clocked by sys_clk  {rise@0.000ns fall@10.000ns period=20.000ns})
  Path Group:             sys_clk
  Path Type:              Hold (Min at Fast Process Corner)
  Requirement:            0.000ns  (sys_clk rise@0.000ns - sys_clk rise@0.000ns)
  Data Path Delay:        0.251ns  (logic 0.141ns (56.078%)  route 0.110ns (43.922%))
  Logic Levels:           0  
  Clock Path Skew:        0.014ns (DCD - SCD - CPR)
    Destination Clock Delay (DCD):    2.107ns
    Source Clock Delay      (SCD):    1.591ns
    Clock Pessimism Removal (CPR):    0.502ns

    Location             Delay type                Incr(ns)  Path(ns)    Netlist Resource(s)
  -------------------------------------------------------------------    -------------------
                         (clock sys_clk rise edge)    0.000     0.000 r  
    U18                                               0.000     0.000 r  sys_clk (IN)
                         net (fo=0)                   0.000     0.000    sys_clk
    U18                  IBUF (Prop_ibuf_I_O)         0.266     0.266 r  sys_clk_IBUF_inst/O
                         net (fo=1, routed)           0.674     0.940    sys_clk_IBUF
    BUFGCTRL_X0Y16       BUFG (Prop_bufg_I_O)         0.026     0.966 r  sys_clk_IBUF_BUFG_inst/O
                         net (fo=334, routed)         0.625     1.591    rs485_m0/uart_rx_inst/sys_clk_IBUF_BUFG
    SLICE_X109Y72        FDCE                                         r  rs485_m0/uart_rx_inst/rx_bits_reg[7]/C
  -------------------------------------------------------------------    -------------------
    SLICE_X109Y72        FDCE (Prop_fdce_C_Q)         0.141     1.732 r  rs485_m0/uart_rx_inst/rx_bits_reg[7]/Q
                         net (fo=1, routed)           0.110     1.842    rs485_m0/uart_rx_inst/rx_bits[7]
    SLICE_X109Y71        FDCE                                         r  rs485_m0/uart_rx_inst/rx_data_reg[7]/D
  -------------------------------------------------------------------    -------------------

                         (clock sys_clk rise edge)    0.000     0.000 r  
    U18                                               0.000     0.000 r  sys_clk (IN)
                         net (fo=0)                   0.000     0.000    sys_clk
    U18                  IBUF (Prop_ibuf_I_O)         0.454     0.454 r  sys_clk_IBUF_inst/O
                         net (fo=1, routed)           0.731     1.185    sys_clk_IBUF
    BUFGCTRL_X0Y16       BUFG (Prop_bufg_I_O)         0.029     1.214 r  sys_clk_IBUF_BUFG_inst/O
                         net (fo=334, routed)         0.893     2.107    rs485_m0/uart_rx_inst/sys_clk_IBUF_BUFG
    SLICE_X109Y71        FDCE                                         r  rs485_m0/uart_rx_inst/rx_data_reg[7]/C
                         clock pessimism             -0.502     1.605    
    SLICE_X109Y71        FDCE (Hold_fdce_C_D)         0.066     1.671    rs485_m0/uart_rx_inst/rx_data_reg[7]
  -------------------------------------------------------------------
                         required time                         -1.671    
                         arrival time                           1.842    
  -------------------------------------------------------------------
                         slack                                  0.171    

Slack (MET) :             0.172ns  (arrival time - required time)
  Source:                 rs485_m0/fifo_inst/U0/inst_fifo_gen/gconvfifo.rf/grf.rf/gntv_or_sync_fifo.gl0.wr/wpntr/gcc0.gc0.count_d1_reg[2]/C
                            (rising edge-triggered cell FDRE clocked by sys_clk  {rise@0.000ns fall@10.000ns period=20.000ns})
  Destination:            rs485_m0/fifo_inst/U0/inst_fifo_gen/gconvfifo.rf/grf.rf/gntv_or_sync_fifo.mem/gbm.gbmg.gbmga.ngecc.bmg/inst_blk_mem_gen/gnbram.gnativebmg.native_blk_mem_gen/valid.cstr/ramloop[0].ram.r/prim_noinit.ram/DEVICE_7SERIES.NO_BMM_INFO.SDP.WIDE_PRIM18.ram/ADDRBWRADDR[7]
                            (rising edge-triggered cell RAMB18E1 clocked by sys_clk  {rise@0.000ns fall@10.000ns period=20.000ns})
  Path Group:             sys_clk
  Path Type:              Hold (Min at Fast Process Corner)
  Requirement:            0.000ns  (sys_clk rise@0.000ns - sys_clk rise@0.000ns)
  Data Path Delay:        0.400ns  (logic 0.141ns (35.222%)  route 0.259ns (64.778%))
  Logic Levels:           0  
  Clock Path Skew:        0.046ns (DCD - SCD - CPR)
    Destination Clock Delay (DCD):    2.125ns
    Source Clock Delay      (SCD):    1.597ns
    Clock Pessimism Removal (CPR):    0.482ns

    Location             Delay type                Incr(ns)  Path(ns)    Netlist Resource(s)
  -------------------------------------------------------------------    -------------------
                         (clock sys_clk rise edge)    0.000     0.000 r  
    U18                                               0.000     0.000 r  sys_clk (IN)
                         net (fo=0)                   0.000     0.000    sys_clk
    U18                  IBUF (Prop_ibuf_I_O)         0.266     0.266 r  sys_clk_IBUF_inst/O
                         net (fo=1, routed)           0.674     0.940    sys_clk_IBUF
    BUFGCTRL_X0Y16       BUFG (Prop_bufg_I_O)         0.026     0.966 r  sys_clk_IBUF_BUFG_inst/O
                         net (fo=334, routed)         0.631     1.597    rs485_m0/fifo_inst/U0/inst_fifo_gen/gconvfifo.rf/grf.rf/gntv_or_sync_fifo.gl0.wr/wpntr/clk
    SLICE_X106Y65        FDRE                                         r  rs485_m0/fifo_inst/U0/inst_fifo_gen/gconvfifo.rf/grf.rf/gntv_or_sync_fifo.gl0.wr/wpntr/gcc0.gc0.count_d1_reg[2]/C
  -------------------------------------------------------------------    -------------------
    SLICE_X106Y65        FDRE (Prop_fdre_C_Q)         0.141     1.738 r  rs485_m0/fifo_inst/U0/inst_fifo_gen/gconvfifo.rf/grf.rf/gntv_or_sync_fifo.gl0.wr/wpntr/gcc0.gc0.count_d1_reg[2]/Q
                         net (fo=3, routed)           0.259     1.997    rs485_m0/fifo_inst/U0/inst_fifo_gen/gconvfifo.rf/grf.rf/gntv_or_sync_fifo.mem/gbm.gbmg.gbmga.ngecc.bmg/inst_blk_mem_gen/gnbram.gnativebmg.native_blk_mem_gen/valid.cstr/ramloop[0].ram.r/prim_noinit.ram/Q[2]
    RAMB18_X5Y26         RAMB18E1                                     r  rs485_m0/fifo_inst/U0/inst_fifo_gen/gconvfifo.rf/grf.rf/gntv_or_sync_fifo.mem/gbm.gbmg.gbmga.ngecc.bmg/inst_blk_mem_gen/gnbram.gnativebmg.native_blk_mem_gen/valid.cstr/ramloop[0].ram.r/prim_noinit.ram/DEVICE_7SERIES.NO_BMM_INFO.SDP.WIDE_PRIM18.ram/ADDRBWRADDR[7]
  -------------------------------------------------------------------    -------------------

                         (clock sys_clk rise edge)    0.000     0.000 r  
    U18                                               0.000     0.000 r  sys_clk (IN)
                         net (fo=0)                   0.000     0.000    sys_clk
    U18                  IBUF (Prop_ibuf_I_O)         0.454     0.454 r  sys_clk_IBUF_inst/O
                         net (fo=1, routed)           0.731     1.185    sys_clk_IBUF
    BUFGCTRL_X0Y16       BUFG (Prop_bufg_I_O)         0.029     1.214 r  sys_clk_IBUF_BUFG_inst/O
                         net (fo=334, routed)         0.911     2.125    rs485_m0/fifo_inst/U0/inst_fifo_gen/gconvfifo.rf/grf.rf/gntv_or_sync_fifo.mem/gbm.gbmg.gbmga.ngecc.bmg/inst_blk_mem_gen/gnbram.gnativebmg.native_blk_mem_gen/valid.cstr/ramloop[0].ram.r/prim_noinit.ram/clk
    RAMB18_X5Y26         RAMB18E1                                     r  rs485_m0/fifo_inst/U0/inst_fifo_gen/gconvfifo.rf/grf.rf/gntv_or_sync_fifo.mem/gbm.gbmg.gbmga.ngecc.bmg/inst_blk_mem_gen/gnbram.gnativebmg.native_blk_mem_gen/valid.cstr/ramloop[0].ram.r/prim_noinit.ram/DEVICE_7SERIES.NO_BMM_INFO.SDP.WIDE_PRIM18.ram/CLKBWRCLK
                         clock pessimism             -0.482     1.643    
    RAMB18_X5Y26         RAMB18E1 (Hold_ramb18e1_CLKBWRCLK_ADDRBWRADDR[7])
                                                      0.183     1.826    rs485_m0/fifo_inst/U0/inst_fifo_gen/gconvfifo.rf/grf.rf/gntv_or_sync_fifo.mem/gbm.gbmg.gbmga.ngecc.bmg/inst_blk_mem_gen/gnbram.gnativebmg.native_blk_mem_gen/valid.cstr/ramloop[0].ram.r/prim_noinit.ram/DEVICE_7SERIES.NO_BMM_INFO.SDP.WIDE_PRIM18.ram
  -------------------------------------------------------------------
                         required time                         -1.826    
                         arrival time                           1.997    
  -------------------------------------------------------------------
                         slack                                  0.172    





Pulse Width Checks
--------------------------------------------------------------------------------------
Clock Name:         sys_clk
Waveform(ns):       { 0.000 10.000 }
Period(ns):         20.000
Sources:            { sys_clk }

Check Type        Corner  Lib Pin             Reference Pin  Required(ns)  Actual(ns)  Slack(ns)  Location        Pin
Min Period        n/a     RAMB18E1/CLKARDCLK  n/a            2.472         20.000      17.528     RAMB18_X5Y26    rs485_m0/fifo_inst/U0/inst_fifo_gen/gconvfifo.rf/grf.rf/gntv_or_sync_fifo.mem/gbm.gbmg.gbmga.ngecc.bmg/inst_blk_mem_gen/gnbram.gnativebmg.native_blk_mem_gen/valid.cstr/ramloop[0].ram.r/prim_noinit.ram/DEVICE_7SERIES.NO_BMM_INFO.SDP.WIDE_PRIM18.ram/CLKARDCLK
Min Period        n/a     RAMB18E1/CLKBWRCLK  n/a            2.472         20.000      17.528     RAMB18_X5Y26    rs485_m0/fifo_inst/U0/inst_fifo_gen/gconvfifo.rf/grf.rf/gntv_or_sync_fifo.mem/gbm.gbmg.gbmga.ngecc.bmg/inst_blk_mem_gen/gnbram.gnativebmg.native_blk_mem_gen/valid.cstr/ramloop[0].ram.r/prim_noinit.ram/DEVICE_7SERIES.NO_BMM_INFO.SDP.WIDE_PRIM18.ram/CLKBWRCLK
Min Period        n/a     RAMB18E1/CLKARDCLK  n/a            2.472         20.000      17.528     RAMB18_X5Y24    rs485_m1/fifo_inst/U0/inst_fifo_gen/gconvfifo.rf/grf.rf/gntv_or_sync_fifo.mem/gbm.gbmg.gbmga.ngecc.bmg/inst_blk_mem_gen/gnbram.gnativebmg.native_blk_mem_gen/valid.cstr/ramloop[0].ram.r/prim_noinit.ram/DEVICE_7SERIES.NO_BMM_INFO.SDP.WIDE_PRIM18.ram/CLKARDCLK
Min Period        n/a     RAMB18E1/CLKBWRCLK  n/a            2.472         20.000      17.528     RAMB18_X5Y24    rs485_m1/fifo_inst/U0/inst_fifo_gen/gconvfifo.rf/grf.rf/gntv_or_sync_fifo.mem/gbm.gbmg.gbmga.ngecc.bmg/inst_blk_mem_gen/gnbram.gnativebmg.native_blk_mem_gen/valid.cstr/ramloop[0].ram.r/prim_noinit.ram/DEVICE_7SERIES.NO_BMM_INFO.SDP.WIDE_PRIM18.ram/CLKBWRCLK
Min Period        n/a     BUFG/I              n/a            1.592         20.000      18.408     BUFGCTRL_X0Y16  sys_clk_IBUF_BUFG_inst/I
Min Period        n/a     FDCE/C              n/a            1.000         20.000      19.000     SLICE_X106Y69   rs485_m0/FSM_sequential_state_reg[0]/C
Min Period        n/a     FDCE/C              n/a            1.000         20.000      19.000     SLICE_X106Y69   rs485_m0/FSM_sequential_state_reg[1]/C
Min Period        n/a     FDCE/C              n/a            1.000         20.000      19.000     SLICE_X106Y69   rs485_m0/FSM_sequential_state_reg[2]/C
Min Period        n/a     FDCE/C              n/a            1.000         20.000      19.000     SLICE_X105Y70   rs485_m0/data_count_reg[0]/C
Min Period        n/a     FDCE/C              n/a            1.000         20.000      19.000     SLICE_X107Y70   rs485_m0/data_count_reg[1]/C
Low Pulse Width   Fast    FDCE/C              n/a            0.500         10.000      9.500      SLICE_X106Y69   rs485_m0/FSM_sequential_state_reg[0]/C
Low Pulse Width   Fast    FDCE/C              n/a            0.500         10.000      9.500      SLICE_X106Y69   rs485_m0/FSM_sequential_state_reg[1]/C
Low Pulse Width   Fast    FDCE/C              n/a            0.500         10.000      9.500      SLICE_X106Y69   rs485_m0/FSM_sequential_state_reg[2]/C
Low Pulse Width   Fast    FDSE/C              n/a            0.500         10.000      9.500      SLICE_X106Y67   rs485_m0/fifo_inst/U0/inst_fifo_gen/gconvfifo.rf/grf.rf/gntv_or_sync_fifo.gl0.rd/grss.rsts/ram_empty_fb_i_reg/C
Low Pulse Width   Fast    FDSE/C              n/a            0.500         10.000      9.500      SLICE_X106Y67   rs485_m0/fifo_inst/U0/inst_fifo_gen/gconvfifo.rf/grf.rf/gntv_or_sync_fifo.gl0.rd/grss.rsts/ram_empty_i_reg/C
Low Pulse Width   Fast    FDCE/C              n/a            0.500         10.000      9.500      SLICE_X112Y69   rs485_m0/uart_rx_inst/cycle_cnt_reg[10]/C
Low Pulse Width   Fast    FDCE/C              n/a            0.500         10.000      9.500      SLICE_X110Y69   rs485_m0/uart_rx_inst/cycle_cnt_reg[11]/C
Low Pulse Width   Fast    FDCE/C              n/a            0.500         10.000      9.500      SLICE_X112Y69   rs485_m0/uart_rx_inst/cycle_cnt_reg[12]/C
Low Pulse Width   Fast    FDCE/C              n/a            0.500         10.000      9.500      SLICE_X110Y70   rs485_m0/uart_rx_inst/cycle_cnt_reg[13]/C
Low Pulse Width   Fast    FDCE/C              n/a            0.500         10.000      9.500      SLICE_X110Y70   rs485_m0/uart_rx_inst/cycle_cnt_reg[14]/C
High Pulse Width  Slow    FDCE/C              n/a            0.500         10.000      9.500      SLICE_X109Y60   rs485_m1/fifo_rden_reg/C
High Pulse Width  Slow    FDCE/C              n/a            0.500         10.000      9.500      SLICE_X108Y60   rs485_m1/wait_cnt_reg[4]/C
High Pulse Width  Slow    FDCE/C              n/a            0.500         10.000      9.500      SLICE_X108Y60   rs485_m1/wait_cnt_reg[5]/C
High Pulse Width  Slow    FDCE/C              n/a            0.500         10.000      9.500      SLICE_X108Y60   rs485_m1/wait_cnt_reg[6]/C
High Pulse Width  Slow    FDCE/C              n/a            0.500         10.000      9.500      SLICE_X106Y60   rs485_m1/data_count_reg[1]/C
High Pulse Width  Slow    FDCE/C              n/a            0.500         10.000      9.500      SLICE_X106Y60   rs485_m1/data_count_reg[3]/C
High Pulse Width  Slow    FDCE/C              n/a            0.500         10.000      9.500      SLICE_X108Y60   rs485_m1/wait_cnt_reg[7]/C
High Pulse Width  Slow    FDCE/C              n/a            0.500         10.000      9.500      SLICE_X106Y60   rs485_m1/data_count_reg[7]/C
High Pulse Width  Fast    FDCE/C              n/a            0.500         10.000      9.500      SLICE_X106Y69   rs485_m0/FSM_sequential_state_reg[0]/C
High Pulse Width  Fast    FDCE/C              n/a            0.500         10.000      9.500      SLICE_X106Y69   rs485_m0/FSM_sequential_state_reg[1]/C



