
*** Running vivado
    with args -log i2c_eerom_top.vdi -applog -m64 -product Vivado -messageDb vivado.pb -mode batch -source i2c_eerom_top.tcl -notrace


****** Vivado v2017.4 (64-bit)
  **** SW Build 2086221 on Fri Dec 15 20:55:39 MST 2017
  **** IP Build 2085800 on Fri Dec 15 22:25:07 MST 2017
    ** Copyright 1986-2017 Xilinx, Inc. All Rights Reserved.

source i2c_eerom_top.tcl -notrace
Command: link_design -top i2c_eerom_top -part xc7z020clg400-2
Design is defaulting to srcset: sources_1
Design is defaulting to constrset: constrs_1
INFO: [Netlist 29-17] Analyzing 33 Unisim elements for replacement
INFO: [Netlist 29-28] Unisim Transformation completed in 0 CPU seconds
INFO: [Project 1-479] Netlist was created with Vivado 2017.4
INFO: [Device 21-403] Loading part xc7z020clg400-2
INFO: [Project 1-570] Preparing netlist for logic optimization
Parsing XDC File [F:/FPGA/EEPROM/EEPROM.srcs/constrs_1/new/i2c_eerom.xdc]
Finished Parsing XDC File [F:/FPGA/EEPROM/EEPROM.srcs/constrs_1/new/i2c_eerom.xdc]
INFO: [Opt 31-138] Pushed 0 inverter(s) to 0 load pin(s).
INFO: [Project 1-111] Unisim Transformation Summary:
  A total of 1 instances were transformed.
  IOBUF => IOBUF (IBUF, OBUFT): 1 instances

7 Infos, 0 Warnings, 0 Critical Warnings and 0 Errors encountered.
link_design completed successfully
link_design: Time (s): cpu = 00:00:05 ; elapsed = 00:00:06 . Memory (MB): peak = 617.590 ; gain = 335.320
Command: opt_design
Attempting to get a license for feature 'Implementation' and/or device 'xc7z020'
INFO: [Common 17-349] Got license for feature 'Implementation' and/or device 'xc7z020'
Running DRC as a precondition to command opt_design

Starting DRC Task
INFO: [DRC 23-27] Running DRC with 2 threads
INFO: [Project 1-461] DRC finished with 0 Errors
INFO: [Project 1-462] Please refer to the DRC report (report_drc) for more information.

Time (s): cpu = 00:00:01 ; elapsed = 00:00:00.378 . Memory (MB): peak = 632.633 ; gain = 15.043
INFO: [Timing 38-35] Done setting XDC timing constraints.

Starting Logic Optimization Task

Phase 1 Retarget
INFO: [Opt 31-138] Pushed 0 inverter(s) to 0 load pin(s).
INFO: [Opt 31-49] Retargeted 0 cell(s).
Phase 1 Retarget | Checksum: 2612a5576

Time (s): cpu = 00:00:00 ; elapsed = 00:00:00.023 . Memory (MB): peak = 1186.805 ; gain = 0.000
INFO: [Opt 31-389] Phase Retarget created 0 cells and removed 2 cells

Phase 2 Constant propagation
INFO: [Opt 31-138] Pushed 0 inverter(s) to 0 load pin(s).
Phase 2 Constant propagation | Checksum: 2612a5576

Time (s): cpu = 00:00:00 ; elapsed = 00:00:00.030 . Memory (MB): peak = 1186.805 ; gain = 0.000
INFO: [Opt 31-389] Phase Constant propagation created 0 cells and removed 0 cells

Phase 3 Sweep
Phase 3 Sweep | Checksum: 1e392b929

Time (s): cpu = 00:00:00 ; elapsed = 00:00:00.037 . Memory (MB): peak = 1186.805 ; gain = 0.000
INFO: [Opt 31-389] Phase Sweep created 0 cells and removed 0 cells

Phase 4 BUFG optimization
Phase 4 BUFG optimization | Checksum: 1e392b929

Time (s): cpu = 00:00:00 ; elapsed = 00:00:00.043 . Memory (MB): peak = 1186.805 ; gain = 0.000
INFO: [Opt 31-389] Phase BUFG optimization created 0 cells and removed 0 cells

Phase 5 Shift Register Optimization
Phase 5 Shift Register Optimization | Checksum: 1e392b929

Time (s): cpu = 00:00:00 ; elapsed = 00:00:00.047 . Memory (MB): peak = 1186.805 ; gain = 0.000
INFO: [Opt 31-389] Phase Shift Register Optimization created 0 cells and removed 0 cells

Starting Connectivity Check Task

Time (s): cpu = 00:00:00 ; elapsed = 00:00:00.001 . Memory (MB): peak = 1186.805 ; gain = 0.000
Ending Logic Optimization Task | Checksum: 1e392b929

Time (s): cpu = 00:00:00 ; elapsed = 00:00:00.050 . Memory (MB): peak = 1186.805 ; gain = 0.000

Starting Power Optimization Task
INFO: [Pwropt 34-132] Skipping clock gating for clocks with a period < 2.00 ns.
Ending Power Optimization Task | Checksum: 2106aa3e0

Time (s): cpu = 00:00:00 ; elapsed = 00:00:00.008 . Memory (MB): peak = 1186.805 ; gain = 0.000
INFO: [Common 17-83] Releasing license: Implementation
22 Infos, 0 Warnings, 0 Critical Warnings and 0 Errors encountered.
opt_design completed successfully
opt_design: Time (s): cpu = 00:00:09 ; elapsed = 00:00:08 . Memory (MB): peak = 1186.805 ; gain = 569.215
Writing placer database...
Writing XDEF routing.
Writing XDEF routing logical nets.
Writing XDEF routing special nets.
Write XDEF Complete: Time (s): cpu = 00:00:00 ; elapsed = 00:00:00.038 . Memory (MB): peak = 1186.805 ; gain = 0.000
INFO: [Common 17-1381] The checkpoint 'F:/FPGA/EEPROM/EEPROM.runs/impl_1/i2c_eerom_top_opt.dcp' has been generated.
INFO: [runtcl-4] Executing : report_drc -file i2c_eerom_top_drc_opted.rpt -pb i2c_eerom_top_drc_opted.pb -rpx i2c_eerom_top_drc_opted.rpx
Command: report_drc -file i2c_eerom_top_drc_opted.rpt -pb i2c_eerom_top_drc_opted.pb -rpx i2c_eerom_top_drc_opted.rpx
INFO: [IP_Flow 19-234] Refreshing IP repositories
INFO: [IP_Flow 19-1704] No user IP repositories specified
INFO: [IP_Flow 19-2313] Loaded Vivado IP repository 'E:/vivado/Vivado/2017.4/data/ip'.
INFO: [DRC 23-27] Running DRC with 2 threads
INFO: [Coretcl 2-168] The results of DRC are in file F:/FPGA/EEPROM/EEPROM.runs/impl_1/i2c_eerom_top_drc_opted.rpt.
report_drc completed successfully
INFO: [Chipscope 16-241] No debug cores found in the current design.
Before running the implement_debug_core command, either use the Set Up Debug wizard (GUI mode)
or use the create_debug_core and connect_debug_core Tcl commands to insert debug cores into the design.
Command: place_design
Attempting to get a license for feature 'Implementation' and/or device 'xc7z020'
INFO: [Common 17-349] Got license for feature 'Implementation' and/or device 'xc7z020'
INFO: [DRC 23-27] Running DRC with 2 threads
INFO: [Vivado_Tcl 4-198] DRC finished with 0 Errors
INFO: [Vivado_Tcl 4-199] Please refer to the DRC report (report_drc) for more information.
Running DRC as a precondition to command place_design
INFO: [DRC 23-27] Running DRC with 2 threads
INFO: [Vivado_Tcl 4-198] DRC finished with 0 Errors
INFO: [Vivado_Tcl 4-199] Please refer to the DRC report (report_drc) for more information.

Starting Placer Task
INFO: [Place 30-611] Multithreading enabled for place_design using a maximum of 2 CPUs

Phase 1 Placer Initialization

Phase 1.1 Placer Initialization Netlist Sorting
Netlist sorting complete. Time (s): cpu = 00:00:00 ; elapsed = 00:00:00 . Memory (MB): peak = 1186.805 ; gain = 0.000
Phase 1.1 Placer Initialization Netlist Sorting | Checksum: 114be9ad1

Time (s): cpu = 00:00:00 ; elapsed = 00:00:00.010 . Memory (MB): peak = 1186.805 ; gain = 0.000
INFO: [Timing 38-35] Done setting XDC timing constraints.
INFO: [Opt 31-138] Pushed 0 inverter(s) to 0 load pin(s).
Netlist sorting complete. Time (s): cpu = 00:00:00 ; elapsed = 00:00:00 . Memory (MB): peak = 1186.805 ; gain = 0.000

Phase 1.2 IO Placement/ Clock Placement/ Build Placer Device
INFO: [Timing 38-35] Done setting XDC timing constraints.
Phase 1.2 IO Placement/ Clock Placement/ Build Placer Device | Checksum: f690d9fb

Time (s): cpu = 00:00:02 ; elapsed = 00:00:01 . Memory (MB): peak = 1186.805 ; gain = 0.000

Phase 1.3 Build Placer Netlist Model
Phase 1.3 Build Placer Netlist Model | Checksum: 12d98d3d5

Time (s): cpu = 00:00:02 ; elapsed = 00:00:01 . Memory (MB): peak = 1186.805 ; gain = 0.000

Phase 1.4 Constrain Clocks/Macros
Phase 1.4 Constrain Clocks/Macros | Checksum: 12d98d3d5

Time (s): cpu = 00:00:02 ; elapsed = 00:00:01 . Memory (MB): peak = 1186.805 ; gain = 0.000
Phase 1 Placer Initialization | Checksum: 12d98d3d5

Time (s): cpu = 00:00:02 ; elapsed = 00:00:01 . Memory (MB): peak = 1186.805 ; gain = 0.000

Phase 2 Global Placement
Phase 2 Global Placement | Checksum: 13cf7fdc4

Time (s): cpu = 00:00:03 ; elapsed = 00:00:02 . Memory (MB): peak = 1186.805 ; gain = 0.000

Phase 3 Detail Placement

Phase 3.1 Commit Multi Column Macros
Phase 3.1 Commit Multi Column Macros | Checksum: 13cf7fdc4

Time (s): cpu = 00:00:03 ; elapsed = 00:00:02 . Memory (MB): peak = 1186.805 ; gain = 0.000

Phase 3.2 Commit Most Macros & LUTRAMs
Phase 3.2 Commit Most Macros & LUTRAMs | Checksum: 1b6024049

Time (s): cpu = 00:00:03 ; elapsed = 00:00:02 . Memory (MB): peak = 1186.805 ; gain = 0.000

Phase 3.3 Area Swap Optimization
Phase 3.3 Area Swap Optimization | Checksum: 1e80409c9

Time (s): cpu = 00:00:03 ; elapsed = 00:00:02 . Memory (MB): peak = 1186.805 ; gain = 0.000

Phase 3.4 Pipeline Register Optimization
Phase 3.4 Pipeline Register Optimization | Checksum: 1e80409c9

Time (s): cpu = 00:00:03 ; elapsed = 00:00:02 . Memory (MB): peak = 1186.805 ; gain = 0.000

Phase 3.5 Small Shape Detail Placement
Phase 3.5 Small Shape Detail Placement | Checksum: 1e6bf6d22

Time (s): cpu = 00:00:03 ; elapsed = 00:00:02 . Memory (MB): peak = 1186.805 ; gain = 0.000

Phase 3.6 Re-assign LUT pins
Phase 3.6 Re-assign LUT pins | Checksum: 1e6bf6d22

Time (s): cpu = 00:00:03 ; elapsed = 00:00:02 . Memory (MB): peak = 1186.805 ; gain = 0.000

Phase 3.7 Pipeline Register Optimization
Phase 3.7 Pipeline Register Optimization | Checksum: 1e6bf6d22

Time (s): cpu = 00:00:03 ; elapsed = 00:00:02 . Memory (MB): peak = 1186.805 ; gain = 0.000
Phase 3 Detail Placement | Checksum: 1e6bf6d22

Time (s): cpu = 00:00:03 ; elapsed = 00:00:02 . Memory (MB): peak = 1186.805 ; gain = 0.000

Phase 4 Post Placement Optimization and Clean-Up

Phase 4.1 Post Commit Optimization
Phase 4.1 Post Commit Optimization | Checksum: 1e6bf6d22

Time (s): cpu = 00:00:03 ; elapsed = 00:00:02 . Memory (MB): peak = 1186.805 ; gain = 0.000

Phase 4.2 Post Placement Cleanup
Phase 4.2 Post Placement Cleanup | Checksum: 1e6bf6d22

Time (s): cpu = 00:00:03 ; elapsed = 00:00:02 . Memory (MB): peak = 1186.805 ; gain = 0.000

Phase 4.3 Placer Reporting
Phase 4.3 Placer Reporting | Checksum: 1e6bf6d22

Time (s): cpu = 00:00:03 ; elapsed = 00:00:02 . Memory (MB): peak = 1186.805 ; gain = 0.000

Phase 4.4 Final Placement Cleanup
Phase 4.4 Final Placement Cleanup | Checksum: 108eee4c5

Time (s): cpu = 00:00:03 ; elapsed = 00:00:02 . Memory (MB): peak = 1186.805 ; gain = 0.000
Phase 4 Post Placement Optimization and Clean-Up | Checksum: 108eee4c5

Time (s): cpu = 00:00:03 ; elapsed = 00:00:02 . Memory (MB): peak = 1186.805 ; gain = 0.000
Ending Placer Task | Checksum: 8a5bf004

Time (s): cpu = 00:00:03 ; elapsed = 00:00:02 . Memory (MB): peak = 1186.805 ; gain = 0.000
INFO: [Common 17-83] Releasing license: Implementation
42 Infos, 0 Warnings, 0 Critical Warnings and 0 Errors encountered.
place_design completed successfully
Writing placer database...
Writing XDEF routing.
Writing XDEF routing logical nets.
Writing XDEF routing special nets.
Write XDEF Complete: Time (s): cpu = 00:00:00 ; elapsed = 00:00:00.057 . Memory (MB): peak = 1186.805 ; gain = 0.000
INFO: [Common 17-1381] The checkpoint 'F:/FPGA/EEPROM/EEPROM.runs/impl_1/i2c_eerom_top_placed.dcp' has been generated.
INFO: [runtcl-4] Executing : report_io -file i2c_eerom_top_io_placed.rpt
report_io: Time (s): cpu = 00:00:00 ; elapsed = 00:00:00.036 . Memory (MB): peak = 1186.805 ; gain = 0.000
INFO: [runtcl-4] Executing : report_utilization -file i2c_eerom_top_utilization_placed.rpt -pb i2c_eerom_top_utilization_placed.pb
report_utilization: Time (s): cpu = 00:00:00 ; elapsed = 00:00:00.032 . Memory (MB): peak = 1186.805 ; gain = 0.000
INFO: [runtcl-4] Executing : report_control_sets -verbose -file i2c_eerom_top_control_sets_placed.rpt
report_control_sets: Time (s): cpu = 00:00:00 ; elapsed = 00:00:00.002 . Memory (MB): peak = 1186.805 ; gain = 0.000
Command: route_design
Attempting to get a license for feature 'Implementation' and/or device 'xc7z020'
INFO: [Common 17-349] Got license for feature 'Implementation' and/or device 'xc7z020'
Running DRC as a precondition to command route_design
INFO: [DRC 23-27] Running DRC with 2 threads
INFO: [Vivado_Tcl 4-198] DRC finished with 0 Errors
INFO: [Vivado_Tcl 4-199] Please refer to the DRC report (report_drc) for more information.


Starting Routing Task
INFO: [Route 35-254] Multithreading enabled for route_design using a maximum of 2 CPUs
Checksum: PlaceDB: 823b6d39 ConstDB: 0 ShapeSum: 82082cb RouteDB: 0

Phase 1 Build RT Design
Phase 1 Build RT Design | Checksum: 06d9d627

Time (s): cpu = 00:00:21 ; elapsed = 00:00:19 . Memory (MB): peak = 1324.527 ; gain = 137.723
Post Restoration Checksum: NetGraph: 2905ba8 NumContArr: 4497a7f Constraints: 0 Timing: 0

Phase 2 Router Initialization
INFO: [Route 35-64] No timing constraints were detected. The router will operate in resource-optimization mode.

Phase 2.1 Fix Topology Constraints
Phase 2.1 Fix Topology Constraints | Checksum: 06d9d627

Time (s): cpu = 00:00:22 ; elapsed = 00:00:19 . Memory (MB): peak = 1330.230 ; gain = 143.426

Phase 2.2 Pre Route Cleanup
Phase 2.2 Pre Route Cleanup | Checksum: 06d9d627

Time (s): cpu = 00:00:22 ; elapsed = 00:00:19 . Memory (MB): peak = 1330.230 ; gain = 143.426
 Number of Nodes with overlaps = 0
Phase 2 Router Initialization | Checksum: bdad721c

Time (s): cpu = 00:00:22 ; elapsed = 00:00:19 . Memory (MB): peak = 1341.742 ; gain = 154.938

Phase 3 Initial Routing
Phase 3 Initial Routing | Checksum: b70091f8

Time (s): cpu = 00:00:22 ; elapsed = 00:00:20 . Memory (MB): peak = 1341.742 ; gain = 154.938

Phase 4 Rip-up And Reroute

Phase 4.1 Global Iteration 0
 Number of Nodes with overlaps = 20
 Number of Nodes with overlaps = 0
Phase 4.1 Global Iteration 0 | Checksum: a1216fa7

Time (s): cpu = 00:00:22 ; elapsed = 00:00:20 . Memory (MB): peak = 1341.742 ; gain = 154.938
Phase 4 Rip-up And Reroute | Checksum: a1216fa7

Time (s): cpu = 00:00:22 ; elapsed = 00:00:20 . Memory (MB): peak = 1341.742 ; gain = 154.938

Phase 5 Delay and Skew Optimization
Phase 5 Delay and Skew Optimization | Checksum: a1216fa7

Time (s): cpu = 00:00:22 ; elapsed = 00:00:20 . Memory (MB): peak = 1341.742 ; gain = 154.938

Phase 6 Post Hold Fix

Phase 6.1 Hold Fix Iter
Phase 6.1 Hold Fix Iter | Checksum: a1216fa7

Time (s): cpu = 00:00:22 ; elapsed = 00:00:20 . Memory (MB): peak = 1341.742 ; gain = 154.938
Phase 6 Post Hold Fix | Checksum: a1216fa7

Time (s): cpu = 00:00:22 ; elapsed = 00:00:20 . Memory (MB): peak = 1341.742 ; gain = 154.938

Phase 7 Route finalize

Router Utilization Summary
  Global Vertical Routing Utilization    = 0.0401781 %
  Global Horizontal Routing Utilization  = 0.0342292 %
  Routable Net Status*
  *Does not include unroutable nets such as driverless and loadless.
  Run report_route_status for detailed report.
  Number of Failed Nets               = 0
  Number of Unrouted Nets             = 0
  Number of Partially Routed Nets     = 0
  Number of Node Overlaps             = 0

Utilization threshold used for congestion level computation: 0.85
Congestion Report
North Dir 1x1 Area, Max Cong = 14.4144%, No Congested Regions.
South Dir 1x1 Area, Max Cong = 13.5135%, No Congested Regions.
East Dir 1x1 Area, Max Cong = 20.5882%, No Congested Regions.
West Dir 1x1 Area, Max Cong = 19.1176%, No Congested Regions.
Phase 7 Route finalize | Checksum: a1216fa7

Time (s): cpu = 00:00:22 ; elapsed = 00:00:20 . Memory (MB): peak = 1341.742 ; gain = 154.938

Phase 8 Verifying routed nets

 Verification completed successfully
Phase 8 Verifying routed nets | Checksum: a1216fa7

Time (s): cpu = 00:00:22 ; elapsed = 00:00:20 . Memory (MB): peak = 1341.742 ; gain = 154.938

Phase 9 Depositing Routes
Phase 9 Depositing Routes | Checksum: 1253fd18e

Time (s): cpu = 00:00:22 ; elapsed = 00:00:20 . Memory (MB): peak = 1341.742 ; gain = 154.938
INFO: [Route 35-16] Router Completed Successfully

Time (s): cpu = 00:00:22 ; elapsed = 00:00:20 . Memory (MB): peak = 1341.742 ; gain = 154.938

Routing Is Done.
INFO: [Common 17-83] Releasing license: Implementation
54 Infos, 0 Warnings, 0 Critical Warnings and 0 Errors encountered.
route_design completed successfully
route_design: Time (s): cpu = 00:00:23 ; elapsed = 00:00:20 . Memory (MB): peak = 1341.742 ; gain = 154.938
Writing placer database...
Writing XDEF routing.
Writing XDEF routing logical nets.
Writing XDEF routing special nets.
Write XDEF Complete: Time (s): cpu = 00:00:00 ; elapsed = 00:00:00.062 . Memory (MB): peak = 1341.742 ; gain = 0.000
INFO: [Common 17-1381] The checkpoint 'F:/FPGA/EEPROM/EEPROM.runs/impl_1/i2c_eerom_top_routed.dcp' has been generated.
INFO: [runtcl-4] Executing : report_drc -file i2c_eerom_top_drc_routed.rpt -pb i2c_eerom_top_drc_routed.pb -rpx i2c_eerom_top_drc_routed.rpx
Command: report_drc -file i2c_eerom_top_drc_routed.rpt -pb i2c_eerom_top_drc_routed.pb -rpx i2c_eerom_top_drc_routed.rpx
INFO: [IP_Flow 19-1839] IP Catalog is up to date.
INFO: [DRC 23-27] Running DRC with 2 threads
INFO: [Coretcl 2-168] The results of DRC are in file F:/FPGA/EEPROM/EEPROM.runs/impl_1/i2c_eerom_top_drc_routed.rpt.
report_drc completed successfully
INFO: [runtcl-4] Executing : report_methodology -file i2c_eerom_top_methodology_drc_routed.rpt -pb i2c_eerom_top_methodology_drc_routed.pb -rpx i2c_eerom_top_methodology_drc_routed.rpx
Command: report_methodology -file i2c_eerom_top_methodology_drc_routed.rpt -pb i2c_eerom_top_methodology_drc_routed.pb -rpx i2c_eerom_top_methodology_drc_routed.rpx
INFO: [Timing 38-35] Done setting XDC timing constraints.
INFO: [Timing 38-35] Done setting XDC timing constraints.
INFO: [DRC 23-133] Running Methodology with 2 threads
INFO: [Coretcl 2-1520] The results of Report Methodology are in file F:/FPGA/EEPROM/EEPROM.runs/impl_1/i2c_eerom_top_methodology_drc_routed.rpt.
report_methodology completed successfully
INFO: [runtcl-4] Executing : report_power -file i2c_eerom_top_power_routed.rpt -pb i2c_eerom_top_power_summary_routed.pb -rpx i2c_eerom_top_power_routed.rpx
Command: report_power -file i2c_eerom_top_power_routed.rpt -pb i2c_eerom_top_power_summary_routed.pb -rpx i2c_eerom_top_power_routed.rpx
WARNING: [Power 33-232] No user defined clocks were found in the design!
Resolution: Please specify clocks using create_clock/create_generated_clock for sequential elements. For pure combinatorial circuits, please specify a virtual clock, otherwise the vectorless estimation might be inaccurate
INFO: [Timing 38-35] Done setting XDC timing constraints.
Running Vector-less Activity Propagation...

Finished Running Vector-less Activity Propagation
66 Infos, 1 Warnings, 0 Critical Warnings and 0 Errors encountered.
report_power completed successfully
INFO: [runtcl-4] Executing : report_route_status -file i2c_eerom_top_route_status.rpt -pb i2c_eerom_top_route_status.pb
INFO: [runtcl-4] Executing : report_timing_summary -max_paths 10 -file i2c_eerom_top_timing_summary_routed.rpt -rpx i2c_eerom_top_timing_summary_routed.rpx -warn_on_violation 
INFO: [Timing 38-91] UpdateTimingParams: Speed grade: -2, Delay Type: min_max.
INFO: [Timing 38-191] Multithreading enabled for timing update using a maximum of 2 CPUs
WARNING: [Timing 38-313] There are no user specified timing constraints. Timing constraints are needed for proper timing analysis.
INFO: [runtcl-4] Executing : report_incremental_reuse -file i2c_eerom_top_incremental_reuse_routed.rpt
INFO: [Vivado_Tcl 4-545] No incremental reuse to report, no incremental placement and routing data was found.
INFO: [runtcl-4] Executing : report_clock_utilization -file i2c_eerom_top_clock_utilization_routed.rpt
Command: write_bitstream -force i2c_eerom_top.bit
Attempting to get a license for feature 'Implementation' and/or device 'xc7z020'
INFO: [Common 17-349] Got license for feature 'Implementation' and/or device 'xc7z020'
Running DRC as a precondition to command write_bitstream
INFO: [IP_Flow 19-1839] IP Catalog is up to date.
INFO: [DRC 23-27] Running DRC with 2 threads
WARNING: [DRC ZPS7-1] PS7 block required: The PS7 cell must be used in this Zynq design in order to enable correct default configuration.
INFO: [Vivado 12-3199] DRC finished with 0 Errors, 1 Warnings
INFO: [Vivado 12-3200] Please refer to the DRC report (report_drc) for more information.
INFO: [Project 1-821] Please set project.enableDesignId to be 'true'.
INFO: [Designutils 20-2272] Running write_bitstream with 2 threads.
Loading data files...
Loading site data...
Loading route data...
Processing options...
Creating bitmap...
Creating bitstream...
Writing bitstream ./i2c_eerom_top.bit...
INFO: [Vivado 12-1842] Bitgen Completed Successfully.
INFO: [Project 1-120] WebTalk data collection is mandatory when using a WebPACK part without a full Vivado license. To see the specific WebTalk data collected for your design, open the usage_statistics_webtalk.html or usage_statistics_webtalk.xml file in the implementation directory.
INFO: [Common 17-83] Releasing license: Implementation
83 Infos, 3 Warnings, 0 Critical Warnings and 0 Errors encountered.
write_bitstream completed successfully
write_bitstream: Time (s): cpu = 00:00:11 ; elapsed = 00:00:11 . Memory (MB): peak = 1803.945 ; gain = 427.672
INFO: [Common 17-206] Exiting Vivado at Thu Nov 21 16:28:34 2024...

*** Running vivado
    with args -log i2c_eerom_top.vdi -applog -m64 -product Vivado -messageDb vivado.pb -mode batch -source i2c_eerom_top.tcl -notrace


****** Vivado v2017.4 (64-bit)
  **** SW Build 2086221 on Fri Dec 15 20:55:39 MST 2017
  **** IP Build 2085800 on Fri Dec 15 22:25:07 MST 2017
    ** Copyright 1986-2017 Xilinx, Inc. All Rights Reserved.

source i2c_eerom_top.tcl -notrace
Command: link_design -top i2c_eerom_top -part xc7z020clg400-2
Design is defaulting to srcset: sources_1
Design is defaulting to constrset: constrs_1
INFO: [Project 1-454] Reading design checkpoint 'f:/FPGA/EEPROM/EEPROM.srcs/sources_1/ip/ila_0_1/ila_0.dcp' for cell 'ila_top'
INFO: [Netlist 29-17] Analyzing 185 Unisim elements for replacement
INFO: [Netlist 29-28] Unisim Transformation completed in 0 CPU seconds
INFO: [Project 1-479] Netlist was created with Vivado 2017.4
INFO: [Device 21-403] Loading part xc7z020clg400-2
INFO: [Project 1-570] Preparing netlist for logic optimization
INFO: [Chipscope 16-324] Core: i2c_ctrl/ila UUID: a5cf52a0-1e7f-5790-af81-1a471ce48200 
INFO: [Chipscope 16-324] Core: ila_top UUID: 935c9a14-427a-544b-95b2-c07576190a1d 
Parsing XDC File [f:/FPGA/EEPROM/EEPROM.srcs/sources_1/ip/ila_0_1/ila_v6_2/constraints/ila_impl.xdc] for cell 'i2c_ctrl/ila/inst'
Finished Parsing XDC File [f:/FPGA/EEPROM/EEPROM.srcs/sources_1/ip/ila_0_1/ila_v6_2/constraints/ila_impl.xdc] for cell 'i2c_ctrl/ila/inst'
Parsing XDC File [f:/FPGA/EEPROM/EEPROM.srcs/sources_1/ip/ila_0_1/ila_v6_2/constraints/ila_impl.xdc] for cell 'ila_top/inst'
Finished Parsing XDC File [f:/FPGA/EEPROM/EEPROM.srcs/sources_1/ip/ila_0_1/ila_v6_2/constraints/ila_impl.xdc] for cell 'ila_top/inst'
Parsing XDC File [f:/FPGA/EEPROM/EEPROM.srcs/sources_1/ip/ila_0_1/ila_v6_2/constraints/ila.xdc] for cell 'i2c_ctrl/ila/inst'
Finished Parsing XDC File [f:/FPGA/EEPROM/EEPROM.srcs/sources_1/ip/ila_0_1/ila_v6_2/constraints/ila.xdc] for cell 'i2c_ctrl/ila/inst'
Parsing XDC File [f:/FPGA/EEPROM/EEPROM.srcs/sources_1/ip/ila_0_1/ila_v6_2/constraints/ila.xdc] for cell 'ila_top/inst'
Finished Parsing XDC File [f:/FPGA/EEPROM/EEPROM.srcs/sources_1/ip/ila_0_1/ila_v6_2/constraints/ila.xdc] for cell 'ila_top/inst'
Parsing XDC File [F:/FPGA/EEPROM/EEPROM.srcs/constrs_1/new/i2c_eerom.xdc]
Finished Parsing XDC File [F:/FPGA/EEPROM/EEPROM.srcs/constrs_1/new/i2c_eerom.xdc]
INFO: [Opt 31-138] Pushed 0 inverter(s) to 0 load pin(s).
INFO: [Project 1-111] Unisim Transformation Summary:
  A total of 89 instances were transformed.
  CFGLUT5 => CFGLUT5 (SRLC32E, SRL16E): 88 instances
  IOBUF => IOBUF (IBUF, OBUFT): 1 instances

10 Infos, 0 Warnings, 0 Critical Warnings and 0 Errors encountered.
link_design completed successfully
link_design: Time (s): cpu = 00:00:07 ; elapsed = 00:00:08 . Memory (MB): peak = 701.242 ; gain = 370.871
Command: opt_design
Attempting to get a license for feature 'Implementation' and/or device 'xc7z020'
INFO: [Common 17-349] Got license for feature 'Implementation' and/or device 'xc7z020'
Running DRC as a precondition to command opt_design

Starting DRC Task
INFO: [DRC 23-27] Running DRC with 2 threads
INFO: [Project 1-461] DRC finished with 0 Errors
INFO: [Project 1-462] Please refer to the DRC report (report_drc) for more information.

Time (s): cpu = 00:00:01 ; elapsed = 00:00:00.410 . Memory (MB): peak = 715.199 ; gain = 13.957
INFO: [Timing 38-35] Done setting XDC timing constraints.

Starting Logic Optimization Task

Phase 1 Generate And Synthesize Debug Cores
INFO: [Chipscope 16-318] Generating core instance : dbg_hub
INFO: [IP_Flow 19-3806] Processing IP xilinx.com:ip:xsdbm:3.0 for cell dbg_hub_CV.
INFO: [Netlist 29-17] Analyzing 108 Unisim elements for replacement
INFO: [Netlist 29-28] Unisim Transformation completed in 0 CPU seconds
Netlist sorting complete. Time (s): cpu = 00:00:00 ; elapsed = 00:00:00.007 . Memory (MB): peak = 1308.453 ; gain = 0.000
Phase 1 Generate And Synthesize Debug Cores | Checksum: 24c6eaac8

Time (s): cpu = 00:00:01 ; elapsed = 00:00:59 . Memory (MB): peak = 1308.453 ; gain = 37.414

Phase 2 Retarget
INFO: [Opt 31-138] Pushed 0 inverter(s) to 0 load pin(s).
INFO: [Opt 31-49] Retargeted 0 cell(s).
Phase 2 Retarget | Checksum: 19bc76b34

Time (s): cpu = 00:00:02 ; elapsed = 00:01:00 . Memory (MB): peak = 1308.453 ; gain = 37.414
INFO: [Opt 31-389] Phase Retarget created 8 cells and removed 18 cells

Phase 3 Constant propagation
INFO: [Opt 31-138] Pushed 0 inverter(s) to 0 load pin(s).
Phase 3 Constant propagation | Checksum: 100f7935e

Time (s): cpu = 00:00:02 ; elapsed = 00:01:00 . Memory (MB): peak = 1308.453 ; gain = 37.414
INFO: [Opt 31-389] Phase Constant propagation created 0 cells and removed 32 cells

Phase 4 Sweep
Phase 4 Sweep | Checksum: 1c471182e

Time (s): cpu = 00:00:02 ; elapsed = 00:01:00 . Memory (MB): peak = 1308.453 ; gain = 37.414
INFO: [Opt 31-389] Phase Sweep created 0 cells and removed 133 cells

Phase 5 BUFG optimization
Phase 5 BUFG optimization | Checksum: 1c471182e

Time (s): cpu = 00:00:02 ; elapsed = 00:01:00 . Memory (MB): peak = 1308.453 ; gain = 37.414
INFO: [Opt 31-389] Phase BUFG optimization created 0 cells and removed 0 cells

Phase 6 Shift Register Optimization
Phase 6 Shift Register Optimization | Checksum: 1c471182e

Time (s): cpu = 00:00:02 ; elapsed = 00:01:00 . Memory (MB): peak = 1308.453 ; gain = 37.414
INFO: [Opt 31-389] Phase Shift Register Optimization created 0 cells and removed 0 cells

Starting Connectivity Check Task

Time (s): cpu = 00:00:00 ; elapsed = 00:00:00.008 . Memory (MB): peak = 1308.453 ; gain = 0.000
Ending Logic Optimization Task | Checksum: 1c471182e

Time (s): cpu = 00:00:02 ; elapsed = 00:01:00 . Memory (MB): peak = 1308.453 ; gain = 37.414

Starting Power Optimization Task
INFO: [Pwropt 34-132] Skipping clock gating for clocks with a period < 2.00 ns.
INFO: [Pwropt 34-9] Applying IDT optimizations ...
INFO: [Pwropt 34-10] Applying ODC optimizations ...
INFO: [Timing 38-35] Done setting XDC timing constraints.
INFO: [Physopt 32-619] Estimated Timing Summary | WNS=28.865 | TNS=0.000 |
Running Vector-less Activity Propagation...

Finished Running Vector-less Activity Propagation


Starting PowerOpt Patch Enables Task
INFO: [Pwropt 34-162] WRITE_MODE attribute of 0 BRAM(s) out of a total of 2 has been updated to save power. Run report_power_opt to get a complete listing of the BRAMs updated.
INFO: [Pwropt 34-201] Structural ODC has moved 0 WE to EN ports
Number of BRAM Ports augmented: 2 newly gated: 0 Total Ports: 4
Ending PowerOpt Patch Enables Task | Checksum: 1ec0b3086

Time (s): cpu = 00:00:00 ; elapsed = 00:00:00.025 . Memory (MB): peak = 1485.957 ; gain = 0.000
Ending Power Optimization Task | Checksum: 1ec0b3086

Time (s): cpu = 00:00:03 ; elapsed = 00:00:02 . Memory (MB): peak = 1485.957 ; gain = 177.504
INFO: [Common 17-83] Releasing license: Implementation
38 Infos, 0 Warnings, 0 Critical Warnings and 0 Errors encountered.
opt_design completed successfully
opt_design: Time (s): cpu = 00:00:14 ; elapsed = 00:01:11 . Memory (MB): peak = 1485.957 ; gain = 784.715
Writing placer database...
Writing XDEF routing.
Writing XDEF routing logical nets.
Writing XDEF routing special nets.
Write XDEF Complete: Time (s): cpu = 00:00:00 ; elapsed = 00:00:00.035 . Memory (MB): peak = 1485.957 ; gain = 0.000
INFO: [Common 17-1381] The checkpoint 'F:/FPGA/EEPROM/EEPROM.runs/impl_1/i2c_eerom_top_opt.dcp' has been generated.
INFO: [runtcl-4] Executing : report_drc -file i2c_eerom_top_drc_opted.rpt -pb i2c_eerom_top_drc_opted.pb -rpx i2c_eerom_top_drc_opted.rpx
Command: report_drc -file i2c_eerom_top_drc_opted.rpt -pb i2c_eerom_top_drc_opted.pb -rpx i2c_eerom_top_drc_opted.rpx
INFO: [IP_Flow 19-1839] IP Catalog is up to date.
INFO: [DRC 23-27] Running DRC with 2 threads
INFO: [Coretcl 2-168] The results of DRC are in file F:/FPGA/EEPROM/EEPROM.runs/impl_1/i2c_eerom_top_drc_opted.rpt.
report_drc completed successfully
INFO: [Chipscope 16-240] Debug cores have already been implemented
Command: place_design
Attempting to get a license for feature 'Implementation' and/or device 'xc7z020'
INFO: [Common 17-349] Got license for feature 'Implementation' and/or device 'xc7z020'
INFO: [DRC 23-27] Running DRC with 2 threads
INFO: [Vivado_Tcl 4-198] DRC finished with 0 Errors
INFO: [Vivado_Tcl 4-199] Please refer to the DRC report (report_drc) for more information.
Running DRC as a precondition to command place_design
INFO: [DRC 23-27] Running DRC with 2 threads
INFO: [Vivado_Tcl 4-198] DRC finished with 0 Errors
INFO: [Vivado_Tcl 4-199] Please refer to the DRC report (report_drc) for more information.

Starting Placer Task
INFO: [Place 30-611] Multithreading enabled for place_design using a maximum of 2 CPUs

Phase 1 Placer Initialization

Phase 1.1 Placer Initialization Netlist Sorting
Netlist sorting complete. Time (s): cpu = 00:00:00 ; elapsed = 00:00:00.008 . Memory (MB): peak = 1485.957 ; gain = 0.000
Phase 1.1 Placer Initialization Netlist Sorting | Checksum: 141668236

Time (s): cpu = 00:00:00 ; elapsed = 00:00:00.011 . Memory (MB): peak = 1485.957 ; gain = 0.000
INFO: [Timing 38-35] Done setting XDC timing constraints.
INFO: [Opt 31-138] Pushed 0 inverter(s) to 0 load pin(s).
Netlist sorting complete. Time (s): cpu = 00:00:00 ; elapsed = 00:00:00.006 . Memory (MB): peak = 1485.957 ; gain = 0.000

Phase 1.2 IO Placement/ Clock Placement/ Build Placer Device
INFO: [Timing 38-35] Done setting XDC timing constraints.
Phase 1.2 IO Placement/ Clock Placement/ Build Placer Device | Checksum: 17224b8a3

Time (s): cpu = 00:00:02 ; elapsed = 00:00:01 . Memory (MB): peak = 1485.957 ; gain = 0.000

Phase 1.3 Build Placer Netlist Model
Phase 1.3 Build Placer Netlist Model | Checksum: 21fb165be

Time (s): cpu = 00:00:03 ; elapsed = 00:00:02 . Memory (MB): peak = 1485.957 ; gain = 0.000

Phase 1.4 Constrain Clocks/Macros
Phase 1.4 Constrain Clocks/Macros | Checksum: 21fb165be

Time (s): cpu = 00:00:03 ; elapsed = 00:00:02 . Memory (MB): peak = 1485.957 ; gain = 0.000
Phase 1 Placer Initialization | Checksum: 21fb165be

Time (s): cpu = 00:00:03 ; elapsed = 00:00:02 . Memory (MB): peak = 1485.957 ; gain = 0.000

Phase 2 Global Placement
Phase 2 Global Placement | Checksum: 23527eb1b

Time (s): cpu = 00:00:06 ; elapsed = 00:00:03 . Memory (MB): peak = 1485.957 ; gain = 0.000

Phase 3 Detail Placement

Phase 3.1 Commit Multi Column Macros
Phase 3.1 Commit Multi Column Macros | Checksum: 23527eb1b

Time (s): cpu = 00:00:06 ; elapsed = 00:00:03 . Memory (MB): peak = 1485.957 ; gain = 0.000

Phase 3.2 Commit Most Macros & LUTRAMs
Phase 3.2 Commit Most Macros & LUTRAMs | Checksum: 246cb7b1a

Time (s): cpu = 00:00:06 ; elapsed = 00:00:04 . Memory (MB): peak = 1485.957 ; gain = 0.000

Phase 3.3 Area Swap Optimization
Phase 3.3 Area Swap Optimization | Checksum: 205399997

Time (s): cpu = 00:00:06 ; elapsed = 00:00:04 . Memory (MB): peak = 1485.957 ; gain = 0.000

Phase 3.4 Pipeline Register Optimization
Phase 3.4 Pipeline Register Optimization | Checksum: 261b94ec9

Time (s): cpu = 00:00:06 ; elapsed = 00:00:04 . Memory (MB): peak = 1485.957 ; gain = 0.000

Phase 3.5 Small Shape Detail Placement
Phase 3.5 Small Shape Detail Placement | Checksum: 1f4483f6a

Time (s): cpu = 00:00:07 ; elapsed = 00:00:05 . Memory (MB): peak = 1485.957 ; gain = 0.000

Phase 3.6 Re-assign LUT pins
Phase 3.6 Re-assign LUT pins | Checksum: 1d5dbb233

Time (s): cpu = 00:00:07 ; elapsed = 00:00:05 . Memory (MB): peak = 1485.957 ; gain = 0.000

Phase 3.7 Pipeline Register Optimization
Phase 3.7 Pipeline Register Optimization | Checksum: 1d5dbb233

Time (s): cpu = 00:00:07 ; elapsed = 00:00:05 . Memory (MB): peak = 1485.957 ; gain = 0.000
Phase 3 Detail Placement | Checksum: 1d5dbb233

Time (s): cpu = 00:00:07 ; elapsed = 00:00:05 . Memory (MB): peak = 1485.957 ; gain = 0.000

Phase 4 Post Placement Optimization and Clean-Up

Phase 4.1 Post Commit Optimization
INFO: [Timing 38-35] Done setting XDC timing constraints.

Phase 4.1.1 Post Placement Optimization
Post Placement Optimization Initialization | Checksum: 1f6de6292

Phase 4.1.1.1 BUFG Insertion
INFO: [Physopt 32-721] Multithreading enabled for phys_opt_design using a maximum of 2 CPUs
INFO: [Place 46-31] BUFG insertion identified 0 candidate nets, 0 success, 0 skipped for placement/routing, 0 skipped for timing, 0 skipped for netlist change reason.
Phase 4.1.1.1 BUFG Insertion | Checksum: 1f6de6292

Time (s): cpu = 00:00:08 ; elapsed = 00:00:06 . Memory (MB): peak = 1485.957 ; gain = 0.000
INFO: [Place 30-746] Post Placement Timing Summary WNS=28.286. For the most accurate timing information please run report_timing.
Phase 4.1.1 Post Placement Optimization | Checksum: 17b7e0ee4

Time (s): cpu = 00:00:08 ; elapsed = 00:00:06 . Memory (MB): peak = 1485.957 ; gain = 0.000
Phase 4.1 Post Commit Optimization | Checksum: 17b7e0ee4

Time (s): cpu = 00:00:08 ; elapsed = 00:00:06 . Memory (MB): peak = 1485.957 ; gain = 0.000

Phase 4.2 Post Placement Cleanup
Phase 4.2 Post Placement Cleanup | Checksum: 17b7e0ee4

Time (s): cpu = 00:00:08 ; elapsed = 00:00:06 . Memory (MB): peak = 1485.957 ; gain = 0.000

Phase 4.3 Placer Reporting
Phase 4.3 Placer Reporting | Checksum: 17b7e0ee4

Time (s): cpu = 00:00:08 ; elapsed = 00:00:06 . Memory (MB): peak = 1485.957 ; gain = 0.000

Phase 4.4 Final Placement Cleanup
Phase 4.4 Final Placement Cleanup | Checksum: 19b8c9c8c

Time (s): cpu = 00:00:09 ; elapsed = 00:00:06 . Memory (MB): peak = 1485.957 ; gain = 0.000
Phase 4 Post Placement Optimization and Clean-Up | Checksum: 19b8c9c8c

Time (s): cpu = 00:00:09 ; elapsed = 00:00:06 . Memory (MB): peak = 1485.957 ; gain = 0.000
Ending Placer Task | Checksum: 12199aa3a

Time (s): cpu = 00:00:09 ; elapsed = 00:00:06 . Memory (MB): peak = 1485.957 ; gain = 0.000
INFO: [Common 17-83] Releasing license: Implementation
60 Infos, 0 Warnings, 0 Critical Warnings and 0 Errors encountered.
place_design completed successfully
place_design: Time (s): cpu = 00:00:10 ; elapsed = 00:00:06 . Memory (MB): peak = 1485.957 ; gain = 0.000
Writing placer database...
Writing XDEF routing.
Writing XDEF routing logical nets.
Writing XDEF routing special nets.
Write XDEF Complete: Time (s): cpu = 00:00:00 ; elapsed = 00:00:00.306 . Memory (MB): peak = 1485.957 ; gain = 0.000
INFO: [Common 17-1381] The checkpoint 'F:/FPGA/EEPROM/EEPROM.runs/impl_1/i2c_eerom_top_placed.dcp' has been generated.
INFO: [runtcl-4] Executing : report_io -file i2c_eerom_top_io_placed.rpt
report_io: Time (s): cpu = 00:00:00 ; elapsed = 00:00:00.036 . Memory (MB): peak = 1485.957 ; gain = 0.000
INFO: [runtcl-4] Executing : report_utilization -file i2c_eerom_top_utilization_placed.rpt -pb i2c_eerom_top_utilization_placed.pb
report_utilization: Time (s): cpu = 00:00:00 ; elapsed = 00:00:00.060 . Memory (MB): peak = 1485.957 ; gain = 0.000
INFO: [runtcl-4] Executing : report_control_sets -verbose -file i2c_eerom_top_control_sets_placed.rpt
report_control_sets: Time (s): cpu = 00:00:00 ; elapsed = 00:00:00.015 . Memory (MB): peak = 1485.957 ; gain = 0.000
Command: route_design
Attempting to get a license for feature 'Implementation' and/or device 'xc7z020'
INFO: [Common 17-349] Got license for feature 'Implementation' and/or device 'xc7z020'
Running DRC as a precondition to command route_design
INFO: [DRC 23-27] Running DRC with 2 threads
INFO: [Vivado_Tcl 4-198] DRC finished with 0 Errors
INFO: [Vivado_Tcl 4-199] Please refer to the DRC report (report_drc) for more information.


Starting Routing Task
INFO: [Route 35-254] Multithreading enabled for route_design using a maximum of 2 CPUs
Checksum: PlaceDB: d78d11e9 ConstDB: 0 ShapeSum: 4a0c9851 RouteDB: 0

Phase 1 Build RT Design
Phase 1 Build RT Design | Checksum: cf867e2c

Time (s): cpu = 00:00:21 ; elapsed = 00:00:19 . Memory (MB): peak = 1485.957 ; gain = 0.000
Post Restoration Checksum: NetGraph: 34d89160 NumContArr: 9aadeccc Constraints: 0 Timing: 0

Phase 2 Router Initialization

Phase 2.1 Create Timer
Phase 2.1 Create Timer | Checksum: cf867e2c

Time (s): cpu = 00:00:21 ; elapsed = 00:00:19 . Memory (MB): peak = 1485.957 ; gain = 0.000

Phase 2.2 Fix Topology Constraints
Phase 2.2 Fix Topology Constraints | Checksum: cf867e2c

Time (s): cpu = 00:00:22 ; elapsed = 00:00:19 . Memory (MB): peak = 1485.957 ; gain = 0.000

Phase 2.3 Pre Route Cleanup
Phase 2.3 Pre Route Cleanup | Checksum: cf867e2c

Time (s): cpu = 00:00:22 ; elapsed = 00:00:19 . Memory (MB): peak = 1485.957 ; gain = 0.000
 Number of Nodes with overlaps = 0

Phase 2.4 Update Timing
Phase 2.4 Update Timing | Checksum: ff694095

Time (s): cpu = 00:00:23 ; elapsed = 00:00:20 . Memory (MB): peak = 1492.160 ; gain = 6.203
INFO: [Route 35-416] Intermediate Timing Summary | WNS=28.200 | TNS=0.000  | WHS=-0.223 | THS=-39.346|

Phase 2 Router Initialization | Checksum: ad92d34b

Time (s): cpu = 00:00:23 ; elapsed = 00:00:20 . Memory (MB): peak = 1492.160 ; gain = 6.203

Phase 3 Initial Routing
Phase 3 Initial Routing | Checksum: 7d8afa9b

Time (s): cpu = 00:00:24 ; elapsed = 00:00:21 . Memory (MB): peak = 1492.160 ; gain = 6.203

Phase 4 Rip-up And Reroute

Phase 4.1 Global Iteration 0
 Number of Nodes with overlaps = 333
 Number of Nodes with overlaps = 0
INFO: [Route 35-416] Intermediate Timing Summary | WNS=27.526 | TNS=0.000  | WHS=N/A    | THS=N/A    |

Phase 4.1 Global Iteration 0 | Checksum: 153915549

Time (s): cpu = 00:00:25 ; elapsed = 00:00:21 . Memory (MB): peak = 1492.160 ; gain = 6.203
Phase 4 Rip-up And Reroute | Checksum: 153915549

Time (s): cpu = 00:00:25 ; elapsed = 00:00:21 . Memory (MB): peak = 1492.160 ; gain = 6.203

Phase 5 Delay and Skew Optimization

Phase 5.1 Delay CleanUp
Phase 5.1 Delay CleanUp | Checksum: 153915549

Time (s): cpu = 00:00:25 ; elapsed = 00:00:21 . Memory (MB): peak = 1492.160 ; gain = 6.203

Phase 5.2 Clock Skew Optimization
Phase 5.2 Clock Skew Optimization | Checksum: 153915549

Time (s): cpu = 00:00:25 ; elapsed = 00:00:21 . Memory (MB): peak = 1492.160 ; gain = 6.203
Phase 5 Delay and Skew Optimization | Checksum: 153915549

Time (s): cpu = 00:00:25 ; elapsed = 00:00:21 . Memory (MB): peak = 1492.160 ; gain = 6.203

Phase 6 Post Hold Fix

Phase 6.1 Hold Fix Iter

Phase 6.1.1 Update Timing
Phase 6.1.1 Update Timing | Checksum: f477b049

Time (s): cpu = 00:00:25 ; elapsed = 00:00:21 . Memory (MB): peak = 1492.160 ; gain = 6.203
INFO: [Route 35-416] Intermediate Timing Summary | WNS=27.654 | TNS=0.000  | WHS=0.043  | THS=0.000  |

Phase 6.1 Hold Fix Iter | Checksum: 14c0e79c0

Time (s): cpu = 00:00:25 ; elapsed = 00:00:21 . Memory (MB): peak = 1492.160 ; gain = 6.203
Phase 6 Post Hold Fix | Checksum: 14c0e79c0

Time (s): cpu = 00:00:25 ; elapsed = 00:00:21 . Memory (MB): peak = 1492.160 ; gain = 6.203

Phase 7 Route finalize

Router Utilization Summary
  Global Vertical Routing Utilization    = 0.542404 %
  Global Horizontal Routing Utilization  = 0.679682 %
  Routable Net Status*
  *Does not include unroutable nets such as driverless and loadless.
  Run report_route_status for detailed report.
  Number of Failed Nets               = 0
  Number of Unrouted Nets             = 0
  Number of Partially Routed Nets     = 0
  Number of Node Overlaps             = 0

Phase 7 Route finalize | Checksum: 15200e8bb

Time (s): cpu = 00:00:25 ; elapsed = 00:00:22 . Memory (MB): peak = 1492.160 ; gain = 6.203

Phase 8 Verifying routed nets

 Verification completed successfully
Phase 8 Verifying routed nets | Checksum: 15200e8bb

Time (s): cpu = 00:00:25 ; elapsed = 00:00:22 . Memory (MB): peak = 1492.160 ; gain = 6.203

Phase 9 Depositing Routes
Phase 9 Depositing Routes | Checksum: b077cb78

Time (s): cpu = 00:00:26 ; elapsed = 00:00:22 . Memory (MB): peak = 1492.160 ; gain = 6.203

Phase 10 Post Router Timing
INFO: [Route 35-57] Estimated Timing Summary | WNS=27.654 | TNS=0.000  | WHS=0.043  | THS=0.000  |

INFO: [Route 35-327] The final timing numbers are based on the router estimated timing analysis. For a complete and accurate timing signoff, please run report_timing_summary.
Phase 10 Post Router Timing | Checksum: b077cb78

Time (s): cpu = 00:00:26 ; elapsed = 00:00:22 . Memory (MB): peak = 1492.160 ; gain = 6.203
INFO: [Route 35-16] Router Completed Successfully

Time (s): cpu = 00:00:26 ; elapsed = 00:00:22 . Memory (MB): peak = 1492.160 ; gain = 6.203

Routing Is Done.
INFO: [Common 17-83] Releasing license: Implementation
76 Infos, 0 Warnings, 0 Critical Warnings and 0 Errors encountered.
route_design completed successfully
route_design: Time (s): cpu = 00:00:28 ; elapsed = 00:00:23 . Memory (MB): peak = 1492.160 ; gain = 6.203
Writing placer database...
Writing XDEF routing.
Writing XDEF routing logical nets.
Writing XDEF routing special nets.
Write XDEF Complete: Time (s): cpu = 00:00:01 ; elapsed = 00:00:00.390 . Memory (MB): peak = 1492.160 ; gain = 0.000
INFO: [Common 17-1381] The checkpoint 'F:/FPGA/EEPROM/EEPROM.runs/impl_1/i2c_eerom_top_routed.dcp' has been generated.
INFO: [runtcl-4] Executing : report_drc -file i2c_eerom_top_drc_routed.rpt -pb i2c_eerom_top_drc_routed.pb -rpx i2c_eerom_top_drc_routed.rpx
Command: report_drc -file i2c_eerom_top_drc_routed.rpt -pb i2c_eerom_top_drc_routed.pb -rpx i2c_eerom_top_drc_routed.rpx
INFO: [IP_Flow 19-1839] IP Catalog is up to date.
INFO: [DRC 23-27] Running DRC with 2 threads
INFO: [Coretcl 2-168] The results of DRC are in file F:/FPGA/EEPROM/EEPROM.runs/impl_1/i2c_eerom_top_drc_routed.rpt.
report_drc completed successfully
INFO: [runtcl-4] Executing : report_methodology -file i2c_eerom_top_methodology_drc_routed.rpt -pb i2c_eerom_top_methodology_drc_routed.pb -rpx i2c_eerom_top_methodology_drc_routed.rpx
Command: report_methodology -file i2c_eerom_top_methodology_drc_routed.rpt -pb i2c_eerom_top_methodology_drc_routed.pb -rpx i2c_eerom_top_methodology_drc_routed.rpx
INFO: [Timing 38-35] Done setting XDC timing constraints.
INFO: [Timing 38-35] Done setting XDC timing constraints.
INFO: [DRC 23-133] Running Methodology with 2 threads
INFO: [Coretcl 2-1520] The results of Report Methodology are in file F:/FPGA/EEPROM/EEPROM.runs/impl_1/i2c_eerom_top_methodology_drc_routed.rpt.
report_methodology completed successfully
INFO: [runtcl-4] Executing : report_power -file i2c_eerom_top_power_routed.rpt -pb i2c_eerom_top_power_summary_routed.pb -rpx i2c_eerom_top_power_routed.rpx
Command: report_power -file i2c_eerom_top_power_routed.rpt -pb i2c_eerom_top_power_summary_routed.pb -rpx i2c_eerom_top_power_routed.rpx
INFO: [Timing 38-35] Done setting XDC timing constraints.
Running Vector-less Activity Propagation...

Finished Running Vector-less Activity Propagation
88 Infos, 0 Warnings, 0 Critical Warnings and 0 Errors encountered.
report_power completed successfully
INFO: [runtcl-4] Executing : report_route_status -file i2c_eerom_top_route_status.rpt -pb i2c_eerom_top_route_status.pb
INFO: [runtcl-4] Executing : report_timing_summary -max_paths 10 -file i2c_eerom_top_timing_summary_routed.rpt -rpx i2c_eerom_top_timing_summary_routed.rpx -warn_on_violation 
INFO: [Timing 38-91] UpdateTimingParams: Speed grade: -2, Delay Type: min_max.
INFO: [Timing 38-191] Multithreading enabled for timing update using a maximum of 2 CPUs
INFO: [runtcl-4] Executing : report_incremental_reuse -file i2c_eerom_top_incremental_reuse_routed.rpt
INFO: [Vivado_Tcl 4-545] No incremental reuse to report, no incremental placement and routing data was found.
INFO: [runtcl-4] Executing : report_clock_utilization -file i2c_eerom_top_clock_utilization_routed.rpt
Command: write_bitstream -force i2c_eerom_top.bit
Attempting to get a license for feature 'Implementation' and/or device 'xc7z020'
INFO: [Common 17-349] Got license for feature 'Implementation' and/or device 'xc7z020'
Running DRC as a precondition to command write_bitstream
INFO: [IP_Flow 19-1839] IP Catalog is up to date.
INFO: [DRC 23-27] Running DRC with 2 threads
WARNING: [DRC RTSTAT-10] No routable loads: 27 net(s) have no routable loads. The problem bus(es) and/or net(s) are dbg_hub/inst/BSCANID.u_xsdbm_id/CORE_XSDB.UUT_MASTER/U_ICON_INTERFACE/U_CMD6_RD/U_RD_FIFO/SUBCORE_FIFO.xsdbm_v3_0_0_rdfifo_inst/inst_fifo_gen/gconvfifo.rf/grf.rf/gntv_or_sync_fifo.gl0.rd/gr1.gr1_int.rfwft/aempty_fwft_i, dbg_hub/inst/BSCANID.u_xsdbm_id/CORE_XSDB.UUT_MASTER/U_ICON_INTERFACE/U_CMD7_CTL/ctl_reg[2:0], dbg_hub/inst/BSCANID.u_xsdbm_id/CORE_XSDB.UUT_MASTER/U_ICON_INTERFACE/U_CMD1/ctl_reg_en_2[1], dbg_hub/inst/BSCANID.u_xsdbm_id/CORE_XSDB.UUT_MASTER/U_ICON_INTERFACE/U_CMD7_CTL/ctl_reg_en_2[1], dbg_hub/inst/BSCANID.u_xsdbm_id/SWITCH_N_EXT_BSCAN.bscan_switch/m_bscan_capture[0], dbg_hub/inst/BSCANID.u_xsdbm_id/SWITCH_N_EXT_BSCAN.bscan_switch/m_bscan_drck[0], dbg_hub/inst/BSCANID.u_xsdbm_id/SWITCH_N_EXT_BSCAN.bscan_switch/m_bscan_runtest[0], dbg_hub/inst/BSCANID.u_xsdbm_id/CORE_XSDB.UUT_MASTER/U_ICON_INTERFACE/U_CMD6_RD/U_RD_FIFO/SUBCORE_FIFO.xsdbm_v3_0_0_rdfifo_inst/inst_fifo_gen/gconvfifo.rf/grf.rf/gntv_or_sync_fifo.gl0.rd/gras.rsts/ram_empty_i, dbg_hub/inst/BSCANID.u_xsdbm_id/CORE_XSDB.UUT_MASTER/U_ICON_INTERFACE/U_CMD6_WR/U_WR_FIFO/SUBCORE_FIFO.xsdbm_v3_0_0_wrfifo_inst/inst_fifo_gen/gconvfifo.rf/grf.rf/gntv_or_sync_fifo.gl0.wr/gwas.wsts/ram_full_i, dbg_hub/inst/BSCANID.u_xsdbm_id/CORE_XSDB.UUT_MASTER/U_ICON_INTERFACE/U_CMD6_WR/U_WR_FIFO/SUBCORE_FIFO.xsdbm_v3_0_0_wrfifo_inst/inst_fifo_gen/gconvfifo.rf/grf.rf/rstblk/rd_rst_reg[0], dbg_hub/inst/BSCANID.u_xsdbm_id/SWITCH_N_EXT_BSCAN.bscan_inst/s_bscan_tms, i2c_ctrl/ila/inst/ila_core_inst/u_ila_regs/U_XSDB_SLAVE/s_daddr_o[13], ila_top/inst/ila_core_inst/u_ila_regs/U_XSDB_SLAVE/s_daddr_o[13], i2c_ctrl/ila/inst/ila_core_inst/u_ila_regs/U_XSDB_SLAVE/s_daddr_o[14], ila_top/inst/ila_core_inst/u_ila_regs/U_XSDB_SLAVE/s_daddr_o[14]... and (the first 15 of 25 listed).
WARNING: [DRC ZPS7-1] PS7 block required: The PS7 cell must be used in this Zynq design in order to enable correct default configuration.
INFO: [Vivado 12-3199] DRC finished with 0 Errors, 2 Warnings
INFO: [Vivado 12-3200] Please refer to the DRC report (report_drc) for more information.
INFO: [Project 1-821] Please set project.enableDesignId to be 'true'.
INFO: [Designutils 20-2272] Running write_bitstream with 2 threads.
Loading data files...
Loading site data...
Loading route data...
Processing options...
Creating bitmap...
Creating bitstream...
Writing bitstream ./i2c_eerom_top.bit...
INFO: [Vivado 12-1842] Bitgen Completed Successfully.
INFO: [Project 1-120] WebTalk data collection is mandatory when using a WebPACK part without a full Vivado license. To see the specific WebTalk data collected for your design, open the usage_statistics_webtalk.html or usage_statistics_webtalk.xml file in the implementation directory.
INFO: [Common 17-83] Releasing license: Implementation
105 Infos, 2 Warnings, 0 Critical Warnings and 0 Errors encountered.
write_bitstream completed successfully
write_bitstream: Time (s): cpu = 00:00:13 ; elapsed = 00:00:13 . Memory (MB): peak = 1969.016 ; gain = 443.195
INFO: [Common 17-206] Exiting Vivado at Thu Nov 21 16:56:06 2024...

*** Running vivado
    with args -log i2c_eerom_top.vdi -applog -m64 -product Vivado -messageDb vivado.pb -mode batch -source i2c_eerom_top.tcl -notrace


****** Vivado v2017.4 (64-bit)
  **** SW Build 2086221 on Fri Dec 15 20:55:39 MST 2017
  **** IP Build 2085800 on Fri Dec 15 22:25:07 MST 2017
    ** Copyright 1986-2017 Xilinx, Inc. All Rights Reserved.

source i2c_eerom_top.tcl -notrace
Command: link_design -top i2c_eerom_top -part xc7z020clg400-2
Design is defaulting to srcset: sources_1
Design is defaulting to constrset: constrs_1
INFO: [Netlist 29-17] Analyzing 3 Unisim elements for replacement
INFO: [Netlist 29-28] Unisim Transformation completed in 0 CPU seconds
INFO: [Project 1-479] Netlist was created with Vivado 2017.4
INFO: [Device 21-403] Loading part xc7z020clg400-2
INFO: [Project 1-570] Preparing netlist for logic optimization
Parsing XDC File [F:/FPGA/EEPROM/EEPROM.srcs/constrs_1/new/i2c_eerom.xdc]
Finished Parsing XDC File [F:/FPGA/EEPROM/EEPROM.srcs/constrs_1/new/i2c_eerom.xdc]
INFO: [Opt 31-138] Pushed 0 inverter(s) to 0 load pin(s).
INFO: [Project 1-111] Unisim Transformation Summary:
  A total of 1 instances were transformed.
  IOBUF => IOBUF (IBUF, OBUFT): 1 instances

7 Infos, 0 Warnings, 0 Critical Warnings and 0 Errors encountered.
link_design completed successfully
link_design: Time (s): cpu = 00:00:06 ; elapsed = 00:00:06 . Memory (MB): peak = 616.965 ; gain = 334.445
Command: opt_design
Attempting to get a license for feature 'Implementation' and/or device 'xc7z020'
INFO: [Common 17-349] Got license for feature 'Implementation' and/or device 'xc7z020'
Running DRC as a precondition to command opt_design

Starting DRC Task
INFO: [DRC 23-27] Running DRC with 2 threads
INFO: [Project 1-461] DRC finished with 0 Errors
INFO: [Project 1-462] Please refer to the DRC report (report_drc) for more information.

Time (s): cpu = 00:00:01 ; elapsed = 00:00:00.402 . Memory (MB): peak = 631.855 ; gain = 14.891
INFO: [Timing 38-35] Done setting XDC timing constraints.

Starting Logic Optimization Task

Phase 1 Retarget
INFO: [Opt 31-138] Pushed 0 inverter(s) to 0 load pin(s).
INFO: [Opt 31-49] Retargeted 0 cell(s).
Phase 1 Retarget | Checksum: 1aafe9ea4

Time (s): cpu = 00:00:00 ; elapsed = 00:00:00.010 . Memory (MB): peak = 1186.875 ; gain = 0.000
INFO: [Opt 31-389] Phase Retarget created 0 cells and removed 1 cells

Phase 2 Constant propagation
INFO: [Opt 31-138] Pushed 0 inverter(s) to 0 load pin(s).
Phase 2 Constant propagation | Checksum: 1aafe9ea4

Time (s): cpu = 00:00:00 ; elapsed = 00:00:00.012 . Memory (MB): peak = 1186.875 ; gain = 0.000
INFO: [Opt 31-389] Phase Constant propagation created 0 cells and removed 0 cells

Phase 3 Sweep
Phase 3 Sweep | Checksum: 1aafe9ea4

Time (s): cpu = 00:00:00 ; elapsed = 00:00:00.013 . Memory (MB): peak = 1186.875 ; gain = 0.000
INFO: [Opt 31-389] Phase Sweep created 0 cells and removed 0 cells

Phase 4 BUFG optimization
Phase 4 BUFG optimization | Checksum: 1aafe9ea4

Time (s): cpu = 00:00:00 ; elapsed = 00:00:00.014 . Memory (MB): peak = 1186.875 ; gain = 0.000
INFO: [Opt 31-389] Phase BUFG optimization created 0 cells and removed 0 cells

Phase 5 Shift Register Optimization
Phase 5 Shift Register Optimization | Checksum: 1aafe9ea4

Time (s): cpu = 00:00:00 ; elapsed = 00:00:00.016 . Memory (MB): peak = 1186.875 ; gain = 0.000
INFO: [Opt 31-389] Phase Shift Register Optimization created 0 cells and removed 0 cells

Starting Connectivity Check Task

Time (s): cpu = 00:00:00 ; elapsed = 00:00:00 . Memory (MB): peak = 1186.875 ; gain = 0.000
Ending Logic Optimization Task | Checksum: 1aafe9ea4

Time (s): cpu = 00:00:00 ; elapsed = 00:00:00.018 . Memory (MB): peak = 1186.875 ; gain = 0.000

Starting Power Optimization Task
INFO: [Pwropt 34-132] Skipping clock gating for clocks with a period < 2.00 ns.
Ending Power Optimization Task | Checksum: 1aafe9ea4

Time (s): cpu = 00:00:00 ; elapsed = 00:00:00.008 . Memory (MB): peak = 1186.875 ; gain = 0.000
INFO: [Common 17-83] Releasing license: Implementation
22 Infos, 0 Warnings, 0 Critical Warnings and 0 Errors encountered.
opt_design completed successfully
opt_design: Time (s): cpu = 00:00:09 ; elapsed = 00:00:09 . Memory (MB): peak = 1186.875 ; gain = 569.910
Writing placer database...
Writing XDEF routing.
Writing XDEF routing logical nets.
Writing XDEF routing special nets.
Write XDEF Complete: Time (s): cpu = 00:00:00 ; elapsed = 00:00:00.036 . Memory (MB): peak = 1186.875 ; gain = 0.000
INFO: [Common 17-1381] The checkpoint 'F:/FPGA/EEPROM/EEPROM.runs/impl_1/i2c_eerom_top_opt.dcp' has been generated.
INFO: [runtcl-4] Executing : report_drc -file i2c_eerom_top_drc_opted.rpt -pb i2c_eerom_top_drc_opted.pb -rpx i2c_eerom_top_drc_opted.rpx
Command: report_drc -file i2c_eerom_top_drc_opted.rpt -pb i2c_eerom_top_drc_opted.pb -rpx i2c_eerom_top_drc_opted.rpx
INFO: [IP_Flow 19-234] Refreshing IP repositories
INFO: [IP_Flow 19-1704] No user IP repositories specified
INFO: [IP_Flow 19-2313] Loaded Vivado IP repository 'E:/vivado/Vivado/2017.4/data/ip'.
INFO: [DRC 23-27] Running DRC with 2 threads
INFO: [Coretcl 2-168] The results of DRC are in file F:/FPGA/EEPROM/EEPROM.runs/impl_1/i2c_eerom_top_drc_opted.rpt.
report_drc completed successfully
INFO: [Chipscope 16-241] No debug cores found in the current design.
Before running the implement_debug_core command, either use the Set Up Debug wizard (GUI mode)
or use the create_debug_core and connect_debug_core Tcl commands to insert debug cores into the design.
Command: place_design
Attempting to get a license for feature 'Implementation' and/or device 'xc7z020'
INFO: [Common 17-349] Got license for feature 'Implementation' and/or device 'xc7z020'
INFO: [DRC 23-27] Running DRC with 2 threads
INFO: [Vivado_Tcl 4-198] DRC finished with 0 Errors
INFO: [Vivado_Tcl 4-199] Please refer to the DRC report (report_drc) for more information.
Running DRC as a precondition to command place_design
INFO: [DRC 23-27] Running DRC with 2 threads
INFO: [Vivado_Tcl 4-198] DRC finished with 0 Errors
INFO: [Vivado_Tcl 4-199] Please refer to the DRC report (report_drc) for more information.

Starting Placer Task
INFO: [Place 30-611] Multithreading enabled for place_design using a maximum of 2 CPUs

Phase 1 Placer Initialization

Phase 1.1 Placer Initialization Netlist Sorting
Netlist sorting complete. Time (s): cpu = 00:00:00 ; elapsed = 00:00:00.001 . Memory (MB): peak = 1186.875 ; gain = 0.000
Phase 1.1 Placer Initialization Netlist Sorting | Checksum: cfa3af72

Time (s): cpu = 00:00:00 ; elapsed = 00:00:00.010 . Memory (MB): peak = 1186.875 ; gain = 0.000
Netlist sorting complete. Time (s): cpu = 00:00:00 ; elapsed = 00:00:00 . Memory (MB): peak = 1186.875 ; gain = 0.000

Phase 1.2 IO Placement/ Clock Placement/ Build Placer Device
INFO: [Timing 38-35] Done setting XDC timing constraints.
Phase 1.2 IO Placement/ Clock Placement/ Build Placer Device | Checksum: 19dfa0a87

Time (s): cpu = 00:00:01 ; elapsed = 00:00:00.662 . Memory (MB): peak = 1186.875 ; gain = 0.000

Phase 1.3 Build Placer Netlist Model
Phase 1.3 Build Placer Netlist Model | Checksum: 1dfc3ba76

Time (s): cpu = 00:00:01 ; elapsed = 00:00:00.691 . Memory (MB): peak = 1186.875 ; gain = 0.000

Phase 1.4 Constrain Clocks/Macros
Phase 1.4 Constrain Clocks/Macros | Checksum: 1dfc3ba76

Time (s): cpu = 00:00:01 ; elapsed = 00:00:00.694 . Memory (MB): peak = 1186.875 ; gain = 0.000
Phase 1 Placer Initialization | Checksum: 1dfc3ba76

Time (s): cpu = 00:00:01 ; elapsed = 00:00:00.695 . Memory (MB): peak = 1186.875 ; gain = 0.000

Phase 2 Global Placement
Phase 2 Global Placement | Checksum: 1b2448cc0

Time (s): cpu = 00:00:01 ; elapsed = 00:00:01 . Memory (MB): peak = 1186.875 ; gain = 0.000

Phase 3 Detail Placement

Phase 3.1 Commit Multi Column Macros
Phase 3.1 Commit Multi Column Macros | Checksum: 1b2448cc0

Time (s): cpu = 00:00:01 ; elapsed = 00:00:01 . Memory (MB): peak = 1186.875 ; gain = 0.000

Phase 3.2 Commit Most Macros & LUTRAMs
Phase 3.2 Commit Most Macros & LUTRAMs | Checksum: 240ec3119

Time (s): cpu = 00:00:01 ; elapsed = 00:00:01 . Memory (MB): peak = 1186.875 ; gain = 0.000

Phase 3.3 Area Swap Optimization
Phase 3.3 Area Swap Optimization | Checksum: 1ce391ed1

Time (s): cpu = 00:00:01 ; elapsed = 00:00:01 . Memory (MB): peak = 1186.875 ; gain = 0.000

Phase 3.4 Pipeline Register Optimization
Phase 3.4 Pipeline Register Optimization | Checksum: 1ce391ed1

Time (s): cpu = 00:00:01 ; elapsed = 00:00:01 . Memory (MB): peak = 1186.875 ; gain = 0.000

Phase 3.5 Small Shape Detail Placement
Phase 3.5 Small Shape Detail Placement | Checksum: 1c30977b6

Time (s): cpu = 00:00:01 ; elapsed = 00:00:01 . Memory (MB): peak = 1186.875 ; gain = 0.000

Phase 3.6 Re-assign LUT pins
Phase 3.6 Re-assign LUT pins | Checksum: 1c30977b6

Time (s): cpu = 00:00:01 ; elapsed = 00:00:01 . Memory (MB): peak = 1186.875 ; gain = 0.000

Phase 3.7 Pipeline Register Optimization
Phase 3.7 Pipeline Register Optimization | Checksum: 1c30977b6

Time (s): cpu = 00:00:01 ; elapsed = 00:00:01 . Memory (MB): peak = 1186.875 ; gain = 0.000
Phase 3 Detail Placement | Checksum: 1c30977b6

Time (s): cpu = 00:00:01 ; elapsed = 00:00:01 . Memory (MB): peak = 1186.875 ; gain = 0.000

Phase 4 Post Placement Optimization and Clean-Up

Phase 4.1 Post Commit Optimization
Phase 4.1 Post Commit Optimization | Checksum: 1c30977b6

Time (s): cpu = 00:00:01 ; elapsed = 00:00:01 . Memory (MB): peak = 1186.875 ; gain = 0.000

Phase 4.2 Post Placement Cleanup
Phase 4.2 Post Placement Cleanup | Checksum: 1c30977b6

Time (s): cpu = 00:00:01 ; elapsed = 00:00:01 . Memory (MB): peak = 1186.875 ; gain = 0.000

Phase 4.3 Placer Reporting
Phase 4.3 Placer Reporting | Checksum: 1c30977b6

Time (s): cpu = 00:00:01 ; elapsed = 00:00:01 . Memory (MB): peak = 1186.875 ; gain = 0.000

Phase 4.4 Final Placement Cleanup
Phase 4.4 Final Placement Cleanup | Checksum: 11f0cef6b

Time (s): cpu = 00:00:01 ; elapsed = 00:00:01 . Memory (MB): peak = 1186.875 ; gain = 0.000
Phase 4 Post Placement Optimization and Clean-Up | Checksum: 11f0cef6b

Time (s): cpu = 00:00:01 ; elapsed = 00:00:01 . Memory (MB): peak = 1186.875 ; gain = 0.000
Ending Placer Task | Checksum: 80ab85ce

Time (s): cpu = 00:00:01 ; elapsed = 00:00:01 . Memory (MB): peak = 1186.875 ; gain = 0.000
INFO: [Common 17-83] Releasing license: Implementation
40 Infos, 0 Warnings, 0 Critical Warnings and 0 Errors encountered.
place_design completed successfully
Writing placer database...
Writing XDEF routing.
Writing XDEF routing logical nets.
Writing XDEF routing special nets.
Write XDEF Complete: Time (s): cpu = 00:00:01 ; elapsed = 00:00:00.042 . Memory (MB): peak = 1186.875 ; gain = 0.000
INFO: [Common 17-1381] The checkpoint 'F:/FPGA/EEPROM/EEPROM.runs/impl_1/i2c_eerom_top_placed.dcp' has been generated.
INFO: [runtcl-4] Executing : report_io -file i2c_eerom_top_io_placed.rpt
report_io: Time (s): cpu = 00:00:00 ; elapsed = 00:00:00.035 . Memory (MB): peak = 1186.875 ; gain = 0.000
INFO: [runtcl-4] Executing : report_utilization -file i2c_eerom_top_utilization_placed.rpt -pb i2c_eerom_top_utilization_placed.pb
report_utilization: Time (s): cpu = 00:00:00 ; elapsed = 00:00:00.030 . Memory (MB): peak = 1186.875 ; gain = 0.000
INFO: [runtcl-4] Executing : report_control_sets -verbose -file i2c_eerom_top_control_sets_placed.rpt
report_control_sets: Time (s): cpu = 00:00:00 ; elapsed = 00:00:00.001 . Memory (MB): peak = 1186.875 ; gain = 0.000
Command: route_design
Attempting to get a license for feature 'Implementation' and/or device 'xc7z020'
INFO: [Common 17-349] Got license for feature 'Implementation' and/or device 'xc7z020'
Running DRC as a precondition to command route_design
INFO: [DRC 23-27] Running DRC with 2 threads
INFO: [Vivado_Tcl 4-198] DRC finished with 0 Errors
INFO: [Vivado_Tcl 4-199] Please refer to the DRC report (report_drc) for more information.


Starting Routing Task
INFO: [Route 35-254] Multithreading enabled for route_design using a maximum of 2 CPUs
Checksum: PlaceDB: 2f211fb0 ConstDB: 0 ShapeSum: 518a661e RouteDB: 0

Phase 1 Build RT Design
Phase 1 Build RT Design | Checksum: 1bad5b524

Time (s): cpu = 00:00:22 ; elapsed = 00:00:20 . Memory (MB): peak = 1319.129 ; gain = 132.254
Post Restoration Checksum: NetGraph: ca5282fd NumContArr: f0833227 Constraints: 0 Timing: 0

Phase 2 Router Initialization
INFO: [Route 35-64] No timing constraints were detected. The router will operate in resource-optimization mode.

Phase 2.1 Fix Topology Constraints
Phase 2.1 Fix Topology Constraints | Checksum: 1bad5b524

Time (s): cpu = 00:00:22 ; elapsed = 00:00:20 . Memory (MB): peak = 1324.852 ; gain = 137.977

Phase 2.2 Pre Route Cleanup
Phase 2.2 Pre Route Cleanup | Checksum: 1bad5b524

Time (s): cpu = 00:00:22 ; elapsed = 00:00:20 . Memory (MB): peak = 1324.852 ; gain = 137.977
 Number of Nodes with overlaps = 0
Phase 2 Router Initialization | Checksum: 9d583349

Time (s): cpu = 00:00:22 ; elapsed = 00:00:20 . Memory (MB): peak = 1335.305 ; gain = 148.430

Phase 3 Initial Routing
Phase 3 Initial Routing | Checksum: 17f281309

Time (s): cpu = 00:00:23 ; elapsed = 00:00:20 . Memory (MB): peak = 1335.305 ; gain = 148.430

Phase 4 Rip-up And Reroute

Phase 4.1 Global Iteration 0
 Number of Nodes with overlaps = 4
 Number of Nodes with overlaps = 0
Phase 4.1 Global Iteration 0 | Checksum: e0be8233

Time (s): cpu = 00:00:23 ; elapsed = 00:00:20 . Memory (MB): peak = 1335.305 ; gain = 148.430
Phase 4 Rip-up And Reroute | Checksum: e0be8233

Time (s): cpu = 00:00:23 ; elapsed = 00:00:20 . Memory (MB): peak = 1335.305 ; gain = 148.430

Phase 5 Delay and Skew Optimization
Phase 5 Delay and Skew Optimization | Checksum: e0be8233

Time (s): cpu = 00:00:23 ; elapsed = 00:00:20 . Memory (MB): peak = 1335.305 ; gain = 148.430

Phase 6 Post Hold Fix

Phase 6.1 Hold Fix Iter
Phase 6.1 Hold Fix Iter | Checksum: e0be8233

Time (s): cpu = 00:00:23 ; elapsed = 00:00:20 . Memory (MB): peak = 1335.305 ; gain = 148.430
Phase 6 Post Hold Fix | Checksum: e0be8233

Time (s): cpu = 00:00:23 ; elapsed = 00:00:20 . Memory (MB): peak = 1335.305 ; gain = 148.430

Phase 7 Route finalize

Router Utilization Summary
  Global Vertical Routing Utilization    = 0.00833592 %
  Global Horizontal Routing Utilization  = 0.00600068 %
  Routable Net Status*
  *Does not include unroutable nets such as driverless and loadless.
  Run report_route_status for detailed report.
  Number of Failed Nets               = 0
  Number of Unrouted Nets             = 0
  Number of Partially Routed Nets     = 0
  Number of Node Overlaps             = 0

Utilization threshold used for congestion level computation: 0.85
Congestion Report
North Dir 1x1 Area, Max Cong = 9.90991%, No Congested Regions.
South Dir 1x1 Area, Max Cong = 9.90991%, No Congested Regions.
East Dir 1x1 Area, Max Cong = 16.1765%, No Congested Regions.
West Dir 1x1 Area, Max Cong = 10.2941%, No Congested Regions.
Phase 7 Route finalize | Checksum: e0be8233

Time (s): cpu = 00:00:23 ; elapsed = 00:00:20 . Memory (MB): peak = 1335.305 ; gain = 148.430

Phase 8 Verifying routed nets

 Verification completed successfully
Phase 8 Verifying routed nets | Checksum: e0be8233

Time (s): cpu = 00:00:23 ; elapsed = 00:00:20 . Memory (MB): peak = 1335.305 ; gain = 148.430

Phase 9 Depositing Routes
Phase 9 Depositing Routes | Checksum: dc79c113

Time (s): cpu = 00:00:23 ; elapsed = 00:00:20 . Memory (MB): peak = 1335.305 ; gain = 148.430
INFO: [Route 35-16] Router Completed Successfully

Time (s): cpu = 00:00:23 ; elapsed = 00:00:20 . Memory (MB): peak = 1335.305 ; gain = 148.430

Routing Is Done.
INFO: [Common 17-83] Releasing license: Implementation
52 Infos, 0 Warnings, 0 Critical Warnings and 0 Errors encountered.
route_design completed successfully
route_design: Time (s): cpu = 00:00:24 ; elapsed = 00:00:21 . Memory (MB): peak = 1335.305 ; gain = 148.430
Writing placer database...
Writing XDEF routing.
Writing XDEF routing logical nets.
Writing XDEF routing special nets.
Write XDEF Complete: Time (s): cpu = 00:00:00 ; elapsed = 00:00:00.040 . Memory (MB): peak = 1335.305 ; gain = 0.000
INFO: [Common 17-1381] The checkpoint 'F:/FPGA/EEPROM/EEPROM.runs/impl_1/i2c_eerom_top_routed.dcp' has been generated.
INFO: [runtcl-4] Executing : report_drc -file i2c_eerom_top_drc_routed.rpt -pb i2c_eerom_top_drc_routed.pb -rpx i2c_eerom_top_drc_routed.rpx
Command: report_drc -file i2c_eerom_top_drc_routed.rpt -pb i2c_eerom_top_drc_routed.pb -rpx i2c_eerom_top_drc_routed.rpx
INFO: [IP_Flow 19-1839] IP Catalog is up to date.
INFO: [DRC 23-27] Running DRC with 2 threads
INFO: [Coretcl 2-168] The results of DRC are in file F:/FPGA/EEPROM/EEPROM.runs/impl_1/i2c_eerom_top_drc_routed.rpt.
report_drc completed successfully
INFO: [runtcl-4] Executing : report_methodology -file i2c_eerom_top_methodology_drc_routed.rpt -pb i2c_eerom_top_methodology_drc_routed.pb -rpx i2c_eerom_top_methodology_drc_routed.rpx
Command: report_methodology -file i2c_eerom_top_methodology_drc_routed.rpt -pb i2c_eerom_top_methodology_drc_routed.pb -rpx i2c_eerom_top_methodology_drc_routed.rpx
INFO: [Timing 38-35] Done setting XDC timing constraints.
INFO: [Timing 38-35] Done setting XDC timing constraints.
INFO: [DRC 23-133] Running Methodology with 2 threads
INFO: [Coretcl 2-1520] The results of Report Methodology are in file F:/FPGA/EEPROM/EEPROM.runs/impl_1/i2c_eerom_top_methodology_drc_routed.rpt.
report_methodology completed successfully
INFO: [runtcl-4] Executing : report_power -file i2c_eerom_top_power_routed.rpt -pb i2c_eerom_top_power_summary_routed.pb -rpx i2c_eerom_top_power_routed.rpx
Command: report_power -file i2c_eerom_top_power_routed.rpt -pb i2c_eerom_top_power_summary_routed.pb -rpx i2c_eerom_top_power_routed.rpx
WARNING: [Power 33-232] No user defined clocks were found in the design!
Resolution: Please specify clocks using create_clock/create_generated_clock for sequential elements. For pure combinatorial circuits, please specify a virtual clock, otherwise the vectorless estimation might be inaccurate
INFO: [Timing 38-35] Done setting XDC timing constraints.
Running Vector-less Activity Propagation...

Finished Running Vector-less Activity Propagation
64 Infos, 1 Warnings, 0 Critical Warnings and 0 Errors encountered.
report_power completed successfully
INFO: [runtcl-4] Executing : report_route_status -file i2c_eerom_top_route_status.rpt -pb i2c_eerom_top_route_status.pb
INFO: [runtcl-4] Executing : report_timing_summary -max_paths 10 -file i2c_eerom_top_timing_summary_routed.rpt -rpx i2c_eerom_top_timing_summary_routed.rpx -warn_on_violation 
INFO: [Timing 38-91] UpdateTimingParams: Speed grade: -2, Delay Type: min_max.
INFO: [Timing 38-191] Multithreading enabled for timing update using a maximum of 2 CPUs
WARNING: [Timing 38-313] There are no user specified timing constraints. Timing constraints are needed for proper timing analysis.
INFO: [runtcl-4] Executing : report_incremental_reuse -file i2c_eerom_top_incremental_reuse_routed.rpt
INFO: [Vivado_Tcl 4-545] No incremental reuse to report, no incremental placement and routing data was found.
INFO: [runtcl-4] Executing : report_clock_utilization -file i2c_eerom_top_clock_utilization_routed.rpt
INFO: [Common 17-206] Exiting Vivado at Fri Nov 22 17:44:38 2024...

*** Running vivado
    with args -log i2c_eerom_top.vdi -applog -m64 -product Vivado -messageDb vivado.pb -mode batch -source i2c_eerom_top.tcl -notrace


****** Vivado v2017.4 (64-bit)
  **** SW Build 2086221 on Fri Dec 15 20:55:39 MST 2017
  **** IP Build 2085800 on Fri Dec 15 22:25:07 MST 2017
    ** Copyright 1986-2017 Xilinx, Inc. All Rights Reserved.

source i2c_eerom_top.tcl -notrace
Command: link_design -top i2c_eerom_top -part xc7z020clg400-2
Design is defaulting to srcset: sources_1
Design is defaulting to constrset: constrs_1
INFO: [Netlist 29-17] Analyzing 3 Unisim elements for replacement
INFO: [Netlist 29-28] Unisim Transformation completed in 0 CPU seconds
INFO: [Project 1-479] Netlist was created with Vivado 2017.4
INFO: [Device 21-403] Loading part xc7z020clg400-2
INFO: [Project 1-570] Preparing netlist for logic optimization
Parsing XDC File [F:/FPGA/EEPROM/EEPROM.srcs/constrs_1/new/i2c_eerom.xdc]
Finished Parsing XDC File [F:/FPGA/EEPROM/EEPROM.srcs/constrs_1/new/i2c_eerom.xdc]
INFO: [Opt 31-138] Pushed 0 inverter(s) to 0 load pin(s).
INFO: [Project 1-111] Unisim Transformation Summary:
  A total of 1 instances were transformed.
  IOBUF => IOBUF (IBUF, OBUFT): 1 instances

7 Infos, 0 Warnings, 0 Critical Warnings and 0 Errors encountered.
link_design completed successfully
link_design: Time (s): cpu = 00:00:05 ; elapsed = 00:00:07 . Memory (MB): peak = 617.645 ; gain = 336.066
Command: opt_design
Attempting to get a license for feature 'Implementation' and/or device 'xc7z020'
INFO: [Common 17-349] Got license for feature 'Implementation' and/or device 'xc7z020'
Running DRC as a precondition to command opt_design

Starting DRC Task
INFO: [DRC 23-27] Running DRC with 2 threads
INFO: [Project 1-461] DRC finished with 0 Errors
INFO: [Project 1-462] Please refer to the DRC report (report_drc) for more information.

Time (s): cpu = 00:00:00 ; elapsed = 00:00:00.455 . Memory (MB): peak = 630.301 ; gain = 12.656
INFO: [Timing 38-35] Done setting XDC timing constraints.

Starting Logic Optimization Task

Phase 1 Retarget
INFO: [Opt 31-138] Pushed 0 inverter(s) to 0 load pin(s).
INFO: [Opt 31-49] Retargeted 0 cell(s).
Phase 1 Retarget | Checksum: 165baf206

Time (s): cpu = 00:00:00 ; elapsed = 00:00:00.010 . Memory (MB): peak = 1185.742 ; gain = 0.000
INFO: [Opt 31-389] Phase Retarget created 0 cells and removed 1 cells

Phase 2 Constant propagation
INFO: [Opt 31-138] Pushed 0 inverter(s) to 0 load pin(s).
Phase 2 Constant propagation | Checksum: 165baf206

Time (s): cpu = 00:00:00 ; elapsed = 00:00:00.012 . Memory (MB): peak = 1185.742 ; gain = 0.000
INFO: [Opt 31-389] Phase Constant propagation created 0 cells and removed 0 cells

Phase 3 Sweep
Phase 3 Sweep | Checksum: 165baf206

Time (s): cpu = 00:00:00 ; elapsed = 00:00:00.013 . Memory (MB): peak = 1185.742 ; gain = 0.000
INFO: [Opt 31-389] Phase Sweep created 0 cells and removed 0 cells

Phase 4 BUFG optimization
Phase 4 BUFG optimization | Checksum: 165baf206

Time (s): cpu = 00:00:00 ; elapsed = 00:00:00.015 . Memory (MB): peak = 1185.742 ; gain = 0.000
INFO: [Opt 31-389] Phase BUFG optimization created 0 cells and removed 0 cells

Phase 5 Shift Register Optimization
Phase 5 Shift Register Optimization | Checksum: 165baf206

Time (s): cpu = 00:00:00 ; elapsed = 00:00:00.017 . Memory (MB): peak = 1185.742 ; gain = 0.000
INFO: [Opt 31-389] Phase Shift Register Optimization created 0 cells and removed 0 cells

Starting Connectivity Check Task

Time (s): cpu = 00:00:00 ; elapsed = 00:00:00.001 . Memory (MB): peak = 1185.742 ; gain = 0.000
Ending Logic Optimization Task | Checksum: 165baf206

Time (s): cpu = 00:00:00 ; elapsed = 00:00:00.018 . Memory (MB): peak = 1185.742 ; gain = 0.000

Starting Power Optimization Task
INFO: [Pwropt 34-132] Skipping clock gating for clocks with a period < 2.00 ns.
Ending Power Optimization Task | Checksum: 165baf206

Time (s): cpu = 00:00:00 ; elapsed = 00:00:00.005 . Memory (MB): peak = 1185.742 ; gain = 0.000
INFO: [Common 17-83] Releasing license: Implementation
22 Infos, 0 Warnings, 0 Critical Warnings and 0 Errors encountered.
opt_design completed successfully
opt_design: Time (s): cpu = 00:00:11 ; elapsed = 00:00:10 . Memory (MB): peak = 1185.742 ; gain = 568.098
Writing placer database...
Writing XDEF routing.
Writing XDEF routing logical nets.
Writing XDEF routing special nets.
Write XDEF Complete: Time (s): cpu = 00:00:00 ; elapsed = 00:00:00.048 . Memory (MB): peak = 1185.742 ; gain = 0.000
INFO: [Common 17-1381] The checkpoint 'F:/FPGA/EEPROM/EEPROM.runs/impl_1/i2c_eerom_top_opt.dcp' has been generated.
INFO: [runtcl-4] Executing : report_drc -file i2c_eerom_top_drc_opted.rpt -pb i2c_eerom_top_drc_opted.pb -rpx i2c_eerom_top_drc_opted.rpx
Command: report_drc -file i2c_eerom_top_drc_opted.rpt -pb i2c_eerom_top_drc_opted.pb -rpx i2c_eerom_top_drc_opted.rpx
INFO: [IP_Flow 19-234] Refreshing IP repositories
INFO: [IP_Flow 19-1704] No user IP repositories specified
INFO: [IP_Flow 19-2313] Loaded Vivado IP repository 'E:/vivado/Vivado/2017.4/data/ip'.
INFO: [DRC 23-27] Running DRC with 2 threads
INFO: [Coretcl 2-168] The results of DRC are in file F:/FPGA/EEPROM/EEPROM.runs/impl_1/i2c_eerom_top_drc_opted.rpt.
report_drc completed successfully
INFO: [Chipscope 16-241] No debug cores found in the current design.
Before running the implement_debug_core command, either use the Set Up Debug wizard (GUI mode)
or use the create_debug_core and connect_debug_core Tcl commands to insert debug cores into the design.
Command: place_design
Attempting to get a license for feature 'Implementation' and/or device 'xc7z020'
INFO: [Common 17-349] Got license for feature 'Implementation' and/or device 'xc7z020'
INFO: [DRC 23-27] Running DRC with 2 threads
INFO: [Vivado_Tcl 4-198] DRC finished with 0 Errors
INFO: [Vivado_Tcl 4-199] Please refer to the DRC report (report_drc) for more information.
Running DRC as a precondition to command place_design
INFO: [DRC 23-27] Running DRC with 2 threads
INFO: [Vivado_Tcl 4-198] DRC finished with 0 Errors
INFO: [Vivado_Tcl 4-199] Please refer to the DRC report (report_drc) for more information.

Starting Placer Task
INFO: [Place 30-611] Multithreading enabled for place_design using a maximum of 2 CPUs

Phase 1 Placer Initialization

Phase 1.1 Placer Initialization Netlist Sorting
Netlist sorting complete. Time (s): cpu = 00:00:00 ; elapsed = 00:00:00 . Memory (MB): peak = 1185.742 ; gain = 0.000
Phase 1.1 Placer Initialization Netlist Sorting | Checksum: 15b65576b

Time (s): cpu = 00:00:00 ; elapsed = 00:00:00.003 . Memory (MB): peak = 1185.742 ; gain = 0.000
Netlist sorting complete. Time (s): cpu = 00:00:00 ; elapsed = 00:00:00 . Memory (MB): peak = 1185.742 ; gain = 0.000

Phase 1.2 IO Placement/ Clock Placement/ Build Placer Device
INFO: [Timing 38-35] Done setting XDC timing constraints.
Phase 1.2 IO Placement/ Clock Placement/ Build Placer Device | Checksum: 10f77e246

Time (s): cpu = 00:00:02 ; elapsed = 00:00:00.827 . Memory (MB): peak = 1185.742 ; gain = 0.000

Phase 1.3 Build Placer Netlist Model
Phase 1.3 Build Placer Netlist Model | Checksum: 1cff027cd

Time (s): cpu = 00:00:02 ; elapsed = 00:00:00.860 . Memory (MB): peak = 1185.742 ; gain = 0.000

Phase 1.4 Constrain Clocks/Macros
Phase 1.4 Constrain Clocks/Macros | Checksum: 1cff027cd

Time (s): cpu = 00:00:02 ; elapsed = 00:00:00.862 . Memory (MB): peak = 1185.742 ; gain = 0.000
Phase 1 Placer Initialization | Checksum: 1cff027cd

Time (s): cpu = 00:00:02 ; elapsed = 00:00:00.864 . Memory (MB): peak = 1185.742 ; gain = 0.000

Phase 2 Global Placement
Phase 2 Global Placement | Checksum: 1cdfd351b

Time (s): cpu = 00:00:03 ; elapsed = 00:00:01 . Memory (MB): peak = 1185.742 ; gain = 0.000

Phase 3 Detail Placement

Phase 3.1 Commit Multi Column Macros
Phase 3.1 Commit Multi Column Macros | Checksum: 1cdfd351b

Time (s): cpu = 00:00:03 ; elapsed = 00:00:01 . Memory (MB): peak = 1185.742 ; gain = 0.000

Phase 3.2 Commit Most Macros & LUTRAMs
Phase 3.2 Commit Most Macros & LUTRAMs | Checksum: 1c0ab48b3

Time (s): cpu = 00:00:03 ; elapsed = 00:00:01 . Memory (MB): peak = 1185.742 ; gain = 0.000

Phase 3.3 Area Swap Optimization
Phase 3.3 Area Swap Optimization | Checksum: 132185daf

Time (s): cpu = 00:00:03 ; elapsed = 00:00:01 . Memory (MB): peak = 1185.742 ; gain = 0.000

Phase 3.4 Pipeline Register Optimization
Phase 3.4 Pipeline Register Optimization | Checksum: 132185daf

Time (s): cpu = 00:00:03 ; elapsed = 00:00:01 . Memory (MB): peak = 1185.742 ; gain = 0.000

Phase 3.5 Small Shape Detail Placement
Phase 3.5 Small Shape Detail Placement | Checksum: cca02f8b

Time (s): cpu = 00:00:03 ; elapsed = 00:00:01 . Memory (MB): peak = 1185.742 ; gain = 0.000

Phase 3.6 Re-assign LUT pins
Phase 3.6 Re-assign LUT pins | Checksum: cca02f8b

Time (s): cpu = 00:00:03 ; elapsed = 00:00:01 . Memory (MB): peak = 1185.742 ; gain = 0.000

Phase 3.7 Pipeline Register Optimization
Phase 3.7 Pipeline Register Optimization | Checksum: cca02f8b

Time (s): cpu = 00:00:03 ; elapsed = 00:00:01 . Memory (MB): peak = 1185.742 ; gain = 0.000
Phase 3 Detail Placement | Checksum: cca02f8b

Time (s): cpu = 00:00:03 ; elapsed = 00:00:01 . Memory (MB): peak = 1185.742 ; gain = 0.000

Phase 4 Post Placement Optimization and Clean-Up

Phase 4.1 Post Commit Optimization
Phase 4.1 Post Commit Optimization | Checksum: cca02f8b

Time (s): cpu = 00:00:03 ; elapsed = 00:00:01 . Memory (MB): peak = 1185.742 ; gain = 0.000

Phase 4.2 Post Placement Cleanup
Phase 4.2 Post Placement Cleanup | Checksum: cca02f8b

Time (s): cpu = 00:00:03 ; elapsed = 00:00:01 . Memory (MB): peak = 1185.742 ; gain = 0.000

Phase 4.3 Placer Reporting
Phase 4.3 Placer Reporting | Checksum: cca02f8b

Time (s): cpu = 00:00:03 ; elapsed = 00:00:01 . Memory (MB): peak = 1185.742 ; gain = 0.000

Phase 4.4 Final Placement Cleanup
Phase 4.4 Final Placement Cleanup | Checksum: ff44608c

Time (s): cpu = 00:00:03 ; elapsed = 00:00:01 . Memory (MB): peak = 1185.742 ; gain = 0.000
Phase 4 Post Placement Optimization and Clean-Up | Checksum: ff44608c

Time (s): cpu = 00:00:03 ; elapsed = 00:00:01 . Memory (MB): peak = 1185.742 ; gain = 0.000
Ending Placer Task | Checksum: fc59a25a

Time (s): cpu = 00:00:03 ; elapsed = 00:00:01 . Memory (MB): peak = 1185.742 ; gain = 0.000
INFO: [Common 17-83] Releasing license: Implementation
40 Infos, 0 Warnings, 0 Critical Warnings and 0 Errors encountered.
place_design completed successfully
Writing placer database...
Writing XDEF routing.
Writing XDEF routing logical nets.
Writing XDEF routing special nets.
Write XDEF Complete: Time (s): cpu = 00:00:00 ; elapsed = 00:00:00.052 . Memory (MB): peak = 1185.742 ; gain = 0.000
INFO: [Common 17-1381] The checkpoint 'F:/FPGA/EEPROM/EEPROM.runs/impl_1/i2c_eerom_top_placed.dcp' has been generated.
INFO: [runtcl-4] Executing : report_io -file i2c_eerom_top_io_placed.rpt
report_io: Time (s): cpu = 00:00:00 ; elapsed = 00:00:00.042 . Memory (MB): peak = 1185.742 ; gain = 0.000
INFO: [runtcl-4] Executing : report_utilization -file i2c_eerom_top_utilization_placed.rpt -pb i2c_eerom_top_utilization_placed.pb
report_utilization: Time (s): cpu = 00:00:00 ; elapsed = 00:00:00.034 . Memory (MB): peak = 1185.742 ; gain = 0.000
INFO: [runtcl-4] Executing : report_control_sets -verbose -file i2c_eerom_top_control_sets_placed.rpt
report_control_sets: Time (s): cpu = 00:00:00 ; elapsed = 00:00:00.001 . Memory (MB): peak = 1185.742 ; gain = 0.000
Command: route_design
Attempting to get a license for feature 'Implementation' and/or device 'xc7z020'
INFO: [Common 17-349] Got license for feature 'Implementation' and/or device 'xc7z020'
Running DRC as a precondition to command route_design
INFO: [DRC 23-27] Running DRC with 2 threads
INFO: [Vivado_Tcl 4-198] DRC finished with 0 Errors
INFO: [Vivado_Tcl 4-199] Please refer to the DRC report (report_drc) for more information.


Starting Routing Task
INFO: [Route 35-254] Multithreading enabled for route_design using a maximum of 2 CPUs
Checksum: PlaceDB: 62b0ab31 ConstDB: 0 ShapeSum: 99a8f729 RouteDB: 0

Phase 1 Build RT Design
Phase 1 Build RT Design | Checksum: 65ad9ffa

Time (s): cpu = 00:00:25 ; elapsed = 00:00:22 . Memory (MB): peak = 1318.387 ; gain = 132.645
Post Restoration Checksum: NetGraph: 10cc9e6b NumContArr: 54e1018f Constraints: 0 Timing: 0

Phase 2 Router Initialization
INFO: [Route 35-64] No timing constraints were detected. The router will operate in resource-optimization mode.

Phase 2.1 Fix Topology Constraints
Phase 2.1 Fix Topology Constraints | Checksum: 65ad9ffa

Time (s): cpu = 00:00:25 ; elapsed = 00:00:22 . Memory (MB): peak = 1324.949 ; gain = 139.207

Phase 2.2 Pre Route Cleanup
Phase 2.2 Pre Route Cleanup | Checksum: 65ad9ffa

Time (s): cpu = 00:00:25 ; elapsed = 00:00:22 . Memory (MB): peak = 1324.949 ; gain = 139.207
 Number of Nodes with overlaps = 0
Phase 2 Router Initialization | Checksum: 19a3e548d

Time (s): cpu = 00:00:25 ; elapsed = 00:00:22 . Memory (MB): peak = 1335.414 ; gain = 149.672

Phase 3 Initial Routing
Phase 3 Initial Routing | Checksum: f27308fb

Time (s): cpu = 00:00:25 ; elapsed = 00:00:23 . Memory (MB): peak = 1335.414 ; gain = 149.672

Phase 4 Rip-up And Reroute

Phase 4.1 Global Iteration 0
 Number of Nodes with overlaps = 5
 Number of Nodes with overlaps = 0
Phase 4.1 Global Iteration 0 | Checksum: 149563e40

Time (s): cpu = 00:00:25 ; elapsed = 00:00:23 . Memory (MB): peak = 1335.414 ; gain = 149.672
Phase 4 Rip-up And Reroute | Checksum: 149563e40

Time (s): cpu = 00:00:25 ; elapsed = 00:00:23 . Memory (MB): peak = 1335.414 ; gain = 149.672

Phase 5 Delay and Skew Optimization
Phase 5 Delay and Skew Optimization | Checksum: 149563e40

Time (s): cpu = 00:00:25 ; elapsed = 00:00:23 . Memory (MB): peak = 1335.414 ; gain = 149.672

Phase 6 Post Hold Fix

Phase 6.1 Hold Fix Iter
Phase 6.1 Hold Fix Iter | Checksum: 149563e40

Time (s): cpu = 00:00:25 ; elapsed = 00:00:23 . Memory (MB): peak = 1335.414 ; gain = 149.672
Phase 6 Post Hold Fix | Checksum: 149563e40

Time (s): cpu = 00:00:25 ; elapsed = 00:00:23 . Memory (MB): peak = 1335.414 ; gain = 149.672

Phase 7 Route finalize

Router Utilization Summary
  Global Vertical Routing Utilization    = 0.00792172 %
  Global Horizontal Routing Utilization  = 0.00608519 %
  Routable Net Status*
  *Does not include unroutable nets such as driverless and loadless.
  Run report_route_status for detailed report.
  Number of Failed Nets               = 0
  Number of Unrouted Nets             = 0
  Number of Partially Routed Nets     = 0
  Number of Node Overlaps             = 0

Utilization threshold used for congestion level computation: 0.85
Congestion Report
North Dir 1x1 Area, Max Cong = 11.7117%, No Congested Regions.
South Dir 1x1 Area, Max Cong = 13.5135%, No Congested Regions.
East Dir 1x1 Area, Max Cong = 13.2353%, No Congested Regions.
West Dir 1x1 Area, Max Cong = 14.7059%, No Congested Regions.
Phase 7 Route finalize | Checksum: 149563e40

Time (s): cpu = 00:00:25 ; elapsed = 00:00:23 . Memory (MB): peak = 1335.414 ; gain = 149.672

Phase 8 Verifying routed nets

 Verification completed successfully
Phase 8 Verifying routed nets | Checksum: 149563e40

Time (s): cpu = 00:00:25 ; elapsed = 00:00:23 . Memory (MB): peak = 1335.414 ; gain = 149.672

Phase 9 Depositing Routes
Phase 9 Depositing Routes | Checksum: b24d94fe

Time (s): cpu = 00:00:25 ; elapsed = 00:00:23 . Memory (MB): peak = 1335.414 ; gain = 149.672
INFO: [Route 35-16] Router Completed Successfully

Time (s): cpu = 00:00:25 ; elapsed = 00:00:23 . Memory (MB): peak = 1335.414 ; gain = 149.672

Routing Is Done.
INFO: [Common 17-83] Releasing license: Implementation
52 Infos, 0 Warnings, 0 Critical Warnings and 0 Errors encountered.
route_design completed successfully
route_design: Time (s): cpu = 00:00:26 ; elapsed = 00:00:23 . Memory (MB): peak = 1335.414 ; gain = 149.672
Writing placer database...
Writing XDEF routing.
Writing XDEF routing logical nets.
Writing XDEF routing special nets.
Write XDEF Complete: Time (s): cpu = 00:00:01 ; elapsed = 00:00:00.050 . Memory (MB): peak = 1335.414 ; gain = 0.000
INFO: [Common 17-1381] The checkpoint 'F:/FPGA/EEPROM/EEPROM.runs/impl_1/i2c_eerom_top_routed.dcp' has been generated.
INFO: [runtcl-4] Executing : report_drc -file i2c_eerom_top_drc_routed.rpt -pb i2c_eerom_top_drc_routed.pb -rpx i2c_eerom_top_drc_routed.rpx
Command: report_drc -file i2c_eerom_top_drc_routed.rpt -pb i2c_eerom_top_drc_routed.pb -rpx i2c_eerom_top_drc_routed.rpx
INFO: [IP_Flow 19-1839] IP Catalog is up to date.
INFO: [DRC 23-27] Running DRC with 2 threads
INFO: [Coretcl 2-168] The results of DRC are in file F:/FPGA/EEPROM/EEPROM.runs/impl_1/i2c_eerom_top_drc_routed.rpt.
report_drc completed successfully
INFO: [runtcl-4] Executing : report_methodology -file i2c_eerom_top_methodology_drc_routed.rpt -pb i2c_eerom_top_methodology_drc_routed.pb -rpx i2c_eerom_top_methodology_drc_routed.rpx
Command: report_methodology -file i2c_eerom_top_methodology_drc_routed.rpt -pb i2c_eerom_top_methodology_drc_routed.pb -rpx i2c_eerom_top_methodology_drc_routed.rpx
INFO: [Timing 38-35] Done setting XDC timing constraints.
INFO: [Timing 38-35] Done setting XDC timing constraints.
INFO: [DRC 23-133] Running Methodology with 2 threads
INFO: [Coretcl 2-1520] The results of Report Methodology are in file F:/FPGA/EEPROM/EEPROM.runs/impl_1/i2c_eerom_top_methodology_drc_routed.rpt.
report_methodology completed successfully
INFO: [runtcl-4] Executing : report_power -file i2c_eerom_top_power_routed.rpt -pb i2c_eerom_top_power_summary_routed.pb -rpx i2c_eerom_top_power_routed.rpx
Command: report_power -file i2c_eerom_top_power_routed.rpt -pb i2c_eerom_top_power_summary_routed.pb -rpx i2c_eerom_top_power_routed.rpx
WARNING: [Power 33-232] No user defined clocks were found in the design!
Resolution: Please specify clocks using create_clock/create_generated_clock for sequential elements. For pure combinatorial circuits, please specify a virtual clock, otherwise the vectorless estimation might be inaccurate
INFO: [Timing 38-35] Done setting XDC timing constraints.
Running Vector-less Activity Propagation...

Finished Running Vector-less Activity Propagation
64 Infos, 1 Warnings, 0 Critical Warnings and 0 Errors encountered.
report_power completed successfully
INFO: [runtcl-4] Executing : report_route_status -file i2c_eerom_top_route_status.rpt -pb i2c_eerom_top_route_status.pb
INFO: [runtcl-4] Executing : report_timing_summary -max_paths 10 -file i2c_eerom_top_timing_summary_routed.rpt -rpx i2c_eerom_top_timing_summary_routed.rpx -warn_on_violation 
INFO: [Timing 38-91] UpdateTimingParams: Speed grade: -2, Delay Type: min_max.
INFO: [Timing 38-191] Multithreading enabled for timing update using a maximum of 2 CPUs
WARNING: [Timing 38-313] There are no user specified timing constraints. Timing constraints are needed for proper timing analysis.
INFO: [runtcl-4] Executing : report_incremental_reuse -file i2c_eerom_top_incremental_reuse_routed.rpt
INFO: [Vivado_Tcl 4-545] No incremental reuse to report, no incremental placement and routing data was found.
INFO: [runtcl-4] Executing : report_clock_utilization -file i2c_eerom_top_clock_utilization_routed.rpt
INFO: [Common 17-206] Exiting Vivado at Fri Nov 22 17:59:49 2024...

*** Running vivado
    with args -log i2c_eerom_top.vdi -applog -m64 -product Vivado -messageDb vivado.pb -mode batch -source i2c_eerom_top.tcl -notrace


****** Vivado v2017.4 (64-bit)
  **** SW Build 2086221 on Fri Dec 15 20:55:39 MST 2017
  **** IP Build 2085800 on Fri Dec 15 22:25:07 MST 2017
    ** Copyright 1986-2017 Xilinx, Inc. All Rights Reserved.

source i2c_eerom_top.tcl -notrace
Command: link_design -top i2c_eerom_top -part xc7z020clg400-2
Design is defaulting to srcset: sources_1
Design is defaulting to constrset: constrs_1
INFO: [Netlist 29-17] Analyzing 3 Unisim elements for replacement
INFO: [Netlist 29-28] Unisim Transformation completed in 0 CPU seconds
INFO: [Project 1-479] Netlist was created with Vivado 2017.4
INFO: [Device 21-403] Loading part xc7z020clg400-2
INFO: [Project 1-570] Preparing netlist for logic optimization
Parsing XDC File [F:/FPGA/EEPROM/EEPROM.srcs/constrs_1/new/i2c_eerom.xdc]
Finished Parsing XDC File [F:/FPGA/EEPROM/EEPROM.srcs/constrs_1/new/i2c_eerom.xdc]
INFO: [Opt 31-138] Pushed 0 inverter(s) to 0 load pin(s).
INFO: [Project 1-111] Unisim Transformation Summary:
  A total of 1 instances were transformed.
  IOBUF => IOBUF (IBUF, OBUFT): 1 instances

7 Infos, 0 Warnings, 0 Critical Warnings and 0 Errors encountered.
link_design completed successfully
link_design: Time (s): cpu = 00:00:05 ; elapsed = 00:00:06 . Memory (MB): peak = 617.398 ; gain = 335.324
Command: opt_design
Attempting to get a license for feature 'Implementation' and/or device 'xc7z020'
INFO: [Common 17-349] Got license for feature 'Implementation' and/or device 'xc7z020'
Running DRC as a precondition to command opt_design

Starting DRC Task
INFO: [DRC 23-27] Running DRC with 2 threads
INFO: [Project 1-461] DRC finished with 0 Errors
INFO: [Project 1-462] Please refer to the DRC report (report_drc) for more information.

Time (s): cpu = 00:00:01 ; elapsed = 00:00:00.412 . Memory (MB): peak = 632.766 ; gain = 15.367
INFO: [Timing 38-35] Done setting XDC timing constraints.

Starting Logic Optimization Task

Phase 1 Retarget
INFO: [Opt 31-138] Pushed 0 inverter(s) to 0 load pin(s).
INFO: [Opt 31-49] Retargeted 0 cell(s).
Phase 1 Retarget | Checksum: 19468d258

Time (s): cpu = 00:00:00 ; elapsed = 00:00:00.008 . Memory (MB): peak = 1186.629 ; gain = 0.000
INFO: [Opt 31-389] Phase Retarget created 0 cells and removed 1 cells

Phase 2 Constant propagation
INFO: [Opt 31-138] Pushed 0 inverter(s) to 0 load pin(s).
Phase 2 Constant propagation | Checksum: 19468d258

Time (s): cpu = 00:00:00 ; elapsed = 00:00:00.010 . Memory (MB): peak = 1186.629 ; gain = 0.000
INFO: [Opt 31-389] Phase Constant propagation created 0 cells and removed 0 cells

Phase 3 Sweep
Phase 3 Sweep | Checksum: 19468d258

Time (s): cpu = 00:00:00 ; elapsed = 00:00:00.011 . Memory (MB): peak = 1186.629 ; gain = 0.000
INFO: [Opt 31-389] Phase Sweep created 0 cells and removed 0 cells

Phase 4 BUFG optimization
Phase 4 BUFG optimization | Checksum: 19468d258

Time (s): cpu = 00:00:00 ; elapsed = 00:00:00.013 . Memory (MB): peak = 1186.629 ; gain = 0.000
INFO: [Opt 31-389] Phase BUFG optimization created 0 cells and removed 0 cells

Phase 5 Shift Register Optimization
Phase 5 Shift Register Optimization | Checksum: 19468d258

Time (s): cpu = 00:00:00 ; elapsed = 00:00:00.014 . Memory (MB): peak = 1186.629 ; gain = 0.000
INFO: [Opt 31-389] Phase Shift Register Optimization created 0 cells and removed 0 cells

Starting Connectivity Check Task

Time (s): cpu = 00:00:00 ; elapsed = 00:00:00 . Memory (MB): peak = 1186.629 ; gain = 0.000
Ending Logic Optimization Task | Checksum: 19468d258

Time (s): cpu = 00:00:00 ; elapsed = 00:00:00.015 . Memory (MB): peak = 1186.629 ; gain = 0.000

Starting Power Optimization Task
INFO: [Pwropt 34-132] Skipping clock gating for clocks with a period < 2.00 ns.
Ending Power Optimization Task | Checksum: 19468d258

Time (s): cpu = 00:00:00 ; elapsed = 00:00:00.005 . Memory (MB): peak = 1186.629 ; gain = 0.000
INFO: [Common 17-83] Releasing license: Implementation
22 Infos, 0 Warnings, 0 Critical Warnings and 0 Errors encountered.
opt_design completed successfully
opt_design: Time (s): cpu = 00:00:09 ; elapsed = 00:00:09 . Memory (MB): peak = 1186.629 ; gain = 569.230
Writing placer database...
Writing XDEF routing.
Writing XDEF routing logical nets.
Writing XDEF routing special nets.
Write XDEF Complete: Time (s): cpu = 00:00:00 ; elapsed = 00:00:00.044 . Memory (MB): peak = 1186.629 ; gain = 0.000
INFO: [Common 17-1381] The checkpoint 'F:/FPGA/EEPROM/EEPROM.runs/impl_1/i2c_eerom_top_opt.dcp' has been generated.
INFO: [runtcl-4] Executing : report_drc -file i2c_eerom_top_drc_opted.rpt -pb i2c_eerom_top_drc_opted.pb -rpx i2c_eerom_top_drc_opted.rpx
Command: report_drc -file i2c_eerom_top_drc_opted.rpt -pb i2c_eerom_top_drc_opted.pb -rpx i2c_eerom_top_drc_opted.rpx
INFO: [IP_Flow 19-234] Refreshing IP repositories
INFO: [IP_Flow 19-1704] No user IP repositories specified
INFO: [IP_Flow 19-2313] Loaded Vivado IP repository 'E:/vivado/Vivado/2017.4/data/ip'.
INFO: [DRC 23-27] Running DRC with 2 threads
INFO: [Coretcl 2-168] The results of DRC are in file F:/FPGA/EEPROM/EEPROM.runs/impl_1/i2c_eerom_top_drc_opted.rpt.
report_drc completed successfully
INFO: [Chipscope 16-241] No debug cores found in the current design.
Before running the implement_debug_core command, either use the Set Up Debug wizard (GUI mode)
or use the create_debug_core and connect_debug_core Tcl commands to insert debug cores into the design.
Command: place_design
Attempting to get a license for feature 'Implementation' and/or device 'xc7z020'
INFO: [Common 17-349] Got license for feature 'Implementation' and/or device 'xc7z020'
INFO: [DRC 23-27] Running DRC with 2 threads
INFO: [Vivado_Tcl 4-198] DRC finished with 0 Errors
INFO: [Vivado_Tcl 4-199] Please refer to the DRC report (report_drc) for more information.
Running DRC as a precondition to command place_design
INFO: [DRC 23-27] Running DRC with 2 threads
INFO: [Vivado_Tcl 4-198] DRC finished with 0 Errors
INFO: [Vivado_Tcl 4-199] Please refer to the DRC report (report_drc) for more information.

Starting Placer Task
INFO: [Place 30-611] Multithreading enabled for place_design using a maximum of 2 CPUs

Phase 1 Placer Initialization

Phase 1.1 Placer Initialization Netlist Sorting
Netlist sorting complete. Time (s): cpu = 00:00:00 ; elapsed = 00:00:00 . Memory (MB): peak = 1186.629 ; gain = 0.000
Phase 1.1 Placer Initialization Netlist Sorting | Checksum: ce9254e1

Time (s): cpu = 00:00:00 ; elapsed = 00:00:00.002 . Memory (MB): peak = 1186.629 ; gain = 0.000
Netlist sorting complete. Time (s): cpu = 00:00:00 ; elapsed = 00:00:00 . Memory (MB): peak = 1186.629 ; gain = 0.000

Phase 1.2 IO Placement/ Clock Placement/ Build Placer Device
INFO: [Timing 38-35] Done setting XDC timing constraints.
Phase 1.2 IO Placement/ Clock Placement/ Build Placer Device | Checksum: 10dbc9aea

Time (s): cpu = 00:00:01 ; elapsed = 00:00:00.688 . Memory (MB): peak = 1186.629 ; gain = 0.000

Phase 1.3 Build Placer Netlist Model
Phase 1.3 Build Placer Netlist Model | Checksum: 203f653e5

Time (s): cpu = 00:00:01 ; elapsed = 00:00:00.719 . Memory (MB): peak = 1186.629 ; gain = 0.000

Phase 1.4 Constrain Clocks/Macros
Phase 1.4 Constrain Clocks/Macros | Checksum: 203f653e5

Time (s): cpu = 00:00:01 ; elapsed = 00:00:00.721 . Memory (MB): peak = 1186.629 ; gain = 0.000
Phase 1 Placer Initialization | Checksum: 203f653e5

Time (s): cpu = 00:00:01 ; elapsed = 00:00:00.721 . Memory (MB): peak = 1186.629 ; gain = 0.000

Phase 2 Global Placement
Phase 2 Global Placement | Checksum: 174cd36f8

Time (s): cpu = 00:00:02 ; elapsed = 00:00:01 . Memory (MB): peak = 1186.629 ; gain = 0.000

Phase 3 Detail Placement

Phase 3.1 Commit Multi Column Macros
Phase 3.1 Commit Multi Column Macros | Checksum: 174cd36f8

Time (s): cpu = 00:00:02 ; elapsed = 00:00:01 . Memory (MB): peak = 1186.629 ; gain = 0.000

Phase 3.2 Commit Most Macros & LUTRAMs
Phase 3.2 Commit Most Macros & LUTRAMs | Checksum: 17732b65a

Time (s): cpu = 00:00:02 ; elapsed = 00:00:01 . Memory (MB): peak = 1186.629 ; gain = 0.000

Phase 3.3 Area Swap Optimization
Phase 3.3 Area Swap Optimization | Checksum: 15cb6c8f3

Time (s): cpu = 00:00:02 ; elapsed = 00:00:01 . Memory (MB): peak = 1186.629 ; gain = 0.000

Phase 3.4 Pipeline Register Optimization
Phase 3.4 Pipeline Register Optimization | Checksum: 15cb6c8f3

Time (s): cpu = 00:00:02 ; elapsed = 00:00:01 . Memory (MB): peak = 1186.629 ; gain = 0.000

Phase 3.5 Small Shape Detail Placement
Phase 3.5 Small Shape Detail Placement | Checksum: 15fc21e39

Time (s): cpu = 00:00:02 ; elapsed = 00:00:01 . Memory (MB): peak = 1186.629 ; gain = 0.000

Phase 3.6 Re-assign LUT pins
Phase 3.6 Re-assign LUT pins | Checksum: 15fc21e39

Time (s): cpu = 00:00:02 ; elapsed = 00:00:01 . Memory (MB): peak = 1186.629 ; gain = 0.000

Phase 3.7 Pipeline Register Optimization
Phase 3.7 Pipeline Register Optimization | Checksum: 15fc21e39

Time (s): cpu = 00:00:02 ; elapsed = 00:00:01 . Memory (MB): peak = 1186.629 ; gain = 0.000
Phase 3 Detail Placement | Checksum: 15fc21e39

Time (s): cpu = 00:00:02 ; elapsed = 00:00:01 . Memory (MB): peak = 1186.629 ; gain = 0.000

Phase 4 Post Placement Optimization and Clean-Up

Phase 4.1 Post Commit Optimization
Phase 4.1 Post Commit Optimization | Checksum: 15fc21e39

Time (s): cpu = 00:00:02 ; elapsed = 00:00:01 . Memory (MB): peak = 1186.629 ; gain = 0.000

Phase 4.2 Post Placement Cleanup
Phase 4.2 Post Placement Cleanup | Checksum: 15fc21e39

Time (s): cpu = 00:00:02 ; elapsed = 00:00:01 . Memory (MB): peak = 1186.629 ; gain = 0.000

Phase 4.3 Placer Reporting
Phase 4.3 Placer Reporting | Checksum: 15fc21e39

Time (s): cpu = 00:00:02 ; elapsed = 00:00:01 . Memory (MB): peak = 1186.629 ; gain = 0.000

Phase 4.4 Final Placement Cleanup
Phase 4.4 Final Placement Cleanup | Checksum: 1f450710f

Time (s): cpu = 00:00:02 ; elapsed = 00:00:01 . Memory (MB): peak = 1186.629 ; gain = 0.000
Phase 4 Post Placement Optimization and Clean-Up | Checksum: 1f450710f

Time (s): cpu = 00:00:02 ; elapsed = 00:00:01 . Memory (MB): peak = 1186.629 ; gain = 0.000
Ending Placer Task | Checksum: 1f2aba901

Time (s): cpu = 00:00:02 ; elapsed = 00:00:01 . Memory (MB): peak = 1186.629 ; gain = 0.000
INFO: [Common 17-83] Releasing license: Implementation
40 Infos, 0 Warnings, 0 Critical Warnings and 0 Errors encountered.
place_design completed successfully
Writing placer database...
Writing XDEF routing.
Writing XDEF routing logical nets.
Writing XDEF routing special nets.
Write XDEF Complete: Time (s): cpu = 00:00:00 ; elapsed = 00:00:00.046 . Memory (MB): peak = 1186.629 ; gain = 0.000
INFO: [Common 17-1381] The checkpoint 'F:/FPGA/EEPROM/EEPROM.runs/impl_1/i2c_eerom_top_placed.dcp' has been generated.
INFO: [runtcl-4] Executing : report_io -file i2c_eerom_top_io_placed.rpt
report_io: Time (s): cpu = 00:00:00 ; elapsed = 00:00:00.036 . Memory (MB): peak = 1186.629 ; gain = 0.000
INFO: [runtcl-4] Executing : report_utilization -file i2c_eerom_top_utilization_placed.rpt -pb i2c_eerom_top_utilization_placed.pb
report_utilization: Time (s): cpu = 00:00:00 ; elapsed = 00:00:00.029 . Memory (MB): peak = 1186.629 ; gain = 0.000
INFO: [runtcl-4] Executing : report_control_sets -verbose -file i2c_eerom_top_control_sets_placed.rpt
report_control_sets: Time (s): cpu = 00:00:00 ; elapsed = 00:00:00.001 . Memory (MB): peak = 1186.629 ; gain = 0.000
Command: route_design
Attempting to get a license for feature 'Implementation' and/or device 'xc7z020'
INFO: [Common 17-349] Got license for feature 'Implementation' and/or device 'xc7z020'
Running DRC as a precondition to command route_design
INFO: [DRC 23-27] Running DRC with 2 threads
INFO: [Vivado_Tcl 4-198] DRC finished with 0 Errors
INFO: [Vivado_Tcl 4-199] Please refer to the DRC report (report_drc) for more information.


Starting Routing Task
INFO: [Route 35-254] Multithreading enabled for route_design using a maximum of 2 CPUs
Checksum: PlaceDB: f8d3d75f ConstDB: 0 ShapeSum: f9d7d1a2 RouteDB: 0

Phase 1 Build RT Design
Phase 1 Build RT Design | Checksum: 11e79f1d6

Time (s): cpu = 00:00:23 ; elapsed = 00:00:20 . Memory (MB): peak = 1322.496 ; gain = 135.867
Post Restoration Checksum: NetGraph: 826e66a6 NumContArr: 9c0b8b30 Constraints: 0 Timing: 0

Phase 2 Router Initialization
INFO: [Route 35-64] No timing constraints were detected. The router will operate in resource-optimization mode.

Phase 2.1 Fix Topology Constraints
Phase 2.1 Fix Topology Constraints | Checksum: 11e79f1d6

Time (s): cpu = 00:00:23 ; elapsed = 00:00:20 . Memory (MB): peak = 1329.281 ; gain = 142.652

Phase 2.2 Pre Route Cleanup
Phase 2.2 Pre Route Cleanup | Checksum: 11e79f1d6

Time (s): cpu = 00:00:23 ; elapsed = 00:00:20 . Memory (MB): peak = 1329.281 ; gain = 142.652
 Number of Nodes with overlaps = 0
Phase 2 Router Initialization | Checksum: 1591d9a7b

Time (s): cpu = 00:00:23 ; elapsed = 00:00:20 . Memory (MB): peak = 1339.492 ; gain = 152.863

Phase 3 Initial Routing
Phase 3 Initial Routing | Checksum: 19dd7fcc1

Time (s): cpu = 00:00:23 ; elapsed = 00:00:20 . Memory (MB): peak = 1339.492 ; gain = 152.863

Phase 4 Rip-up And Reroute

Phase 4.1 Global Iteration 0
 Number of Nodes with overlaps = 6
 Number of Nodes with overlaps = 0
Phase 4.1 Global Iteration 0 | Checksum: 100cd37ef

Time (s): cpu = 00:00:23 ; elapsed = 00:00:20 . Memory (MB): peak = 1339.492 ; gain = 152.863
Phase 4 Rip-up And Reroute | Checksum: 100cd37ef

Time (s): cpu = 00:00:23 ; elapsed = 00:00:20 . Memory (MB): peak = 1339.492 ; gain = 152.863

Phase 5 Delay and Skew Optimization
Phase 5 Delay and Skew Optimization | Checksum: 100cd37ef

Time (s): cpu = 00:00:23 ; elapsed = 00:00:20 . Memory (MB): peak = 1339.492 ; gain = 152.863

Phase 6 Post Hold Fix

Phase 6.1 Hold Fix Iter
Phase 6.1 Hold Fix Iter | Checksum: 100cd37ef

Time (s): cpu = 00:00:23 ; elapsed = 00:00:20 . Memory (MB): peak = 1339.492 ; gain = 152.863
Phase 6 Post Hold Fix | Checksum: 100cd37ef

Time (s): cpu = 00:00:23 ; elapsed = 00:00:20 . Memory (MB): peak = 1339.492 ; gain = 152.863

Phase 7 Route finalize

Router Utilization Summary
  Global Vertical Routing Utilization    = 0.00735218 %
  Global Horizontal Routing Utilization  = 0.00566261 %
  Routable Net Status*
  *Does not include unroutable nets such as driverless and loadless.
  Run report_route_status for detailed report.
  Number of Failed Nets               = 0
  Number of Unrouted Nets             = 0
  Number of Partially Routed Nets     = 0
  Number of Node Overlaps             = 0

Utilization threshold used for congestion level computation: 0.85
Congestion Report
North Dir 1x1 Area, Max Cong = 17.1171%, No Congested Regions.
South Dir 1x1 Area, Max Cong = 9.00901%, No Congested Regions.
East Dir 1x1 Area, Max Cong = 14.7059%, No Congested Regions.
West Dir 1x1 Area, Max Cong = 16.1765%, No Congested Regions.
Phase 7 Route finalize | Checksum: 100cd37ef

Time (s): cpu = 00:00:23 ; elapsed = 00:00:20 . Memory (MB): peak = 1339.492 ; gain = 152.863

Phase 8 Verifying routed nets

 Verification completed successfully
Phase 8 Verifying routed nets | Checksum: 100cd37ef

Time (s): cpu = 00:00:23 ; elapsed = 00:00:20 . Memory (MB): peak = 1339.492 ; gain = 152.863

Phase 9 Depositing Routes
Phase 9 Depositing Routes | Checksum: 145e24673

Time (s): cpu = 00:00:23 ; elapsed = 00:00:20 . Memory (MB): peak = 1339.492 ; gain = 152.863
INFO: [Route 35-16] Router Completed Successfully

Time (s): cpu = 00:00:23 ; elapsed = 00:00:20 . Memory (MB): peak = 1339.492 ; gain = 152.863

Routing Is Done.
INFO: [Common 17-83] Releasing license: Implementation
52 Infos, 0 Warnings, 0 Critical Warnings and 0 Errors encountered.
route_design completed successfully
route_design: Time (s): cpu = 00:00:24 ; elapsed = 00:00:21 . Memory (MB): peak = 1339.492 ; gain = 152.863
Writing placer database...
Writing XDEF routing.
Writing XDEF routing logical nets.
Writing XDEF routing special nets.
Write XDEF Complete: Time (s): cpu = 00:00:00 ; elapsed = 00:00:00.042 . Memory (MB): peak = 1339.492 ; gain = 0.000
INFO: [Common 17-1381] The checkpoint 'F:/FPGA/EEPROM/EEPROM.runs/impl_1/i2c_eerom_top_routed.dcp' has been generated.
INFO: [runtcl-4] Executing : report_drc -file i2c_eerom_top_drc_routed.rpt -pb i2c_eerom_top_drc_routed.pb -rpx i2c_eerom_top_drc_routed.rpx
Command: report_drc -file i2c_eerom_top_drc_routed.rpt -pb i2c_eerom_top_drc_routed.pb -rpx i2c_eerom_top_drc_routed.rpx
INFO: [IP_Flow 19-1839] IP Catalog is up to date.
INFO: [DRC 23-27] Running DRC with 2 threads
INFO: [Coretcl 2-168] The results of DRC are in file F:/FPGA/EEPROM/EEPROM.runs/impl_1/i2c_eerom_top_drc_routed.rpt.
report_drc completed successfully
INFO: [runtcl-4] Executing : report_methodology -file i2c_eerom_top_methodology_drc_routed.rpt -pb i2c_eerom_top_methodology_drc_routed.pb -rpx i2c_eerom_top_methodology_drc_routed.rpx
Command: report_methodology -file i2c_eerom_top_methodology_drc_routed.rpt -pb i2c_eerom_top_methodology_drc_routed.pb -rpx i2c_eerom_top_methodology_drc_routed.rpx
INFO: [Timing 38-35] Done setting XDC timing constraints.
INFO: [Timing 38-35] Done setting XDC timing constraints.
INFO: [DRC 23-133] Running Methodology with 2 threads
INFO: [Coretcl 2-1520] The results of Report Methodology are in file F:/FPGA/EEPROM/EEPROM.runs/impl_1/i2c_eerom_top_methodology_drc_routed.rpt.
report_methodology completed successfully
INFO: [runtcl-4] Executing : report_power -file i2c_eerom_top_power_routed.rpt -pb i2c_eerom_top_power_summary_routed.pb -rpx i2c_eerom_top_power_routed.rpx
Command: report_power -file i2c_eerom_top_power_routed.rpt -pb i2c_eerom_top_power_summary_routed.pb -rpx i2c_eerom_top_power_routed.rpx
WARNING: [Power 33-232] No user defined clocks were found in the design!
Resolution: Please specify clocks using create_clock/create_generated_clock for sequential elements. For pure combinatorial circuits, please specify a virtual clock, otherwise the vectorless estimation might be inaccurate
INFO: [Timing 38-35] Done setting XDC timing constraints.
Running Vector-less Activity Propagation...

Finished Running Vector-less Activity Propagation
64 Infos, 1 Warnings, 0 Critical Warnings and 0 Errors encountered.
report_power completed successfully
INFO: [runtcl-4] Executing : report_route_status -file i2c_eerom_top_route_status.rpt -pb i2c_eerom_top_route_status.pb
INFO: [runtcl-4] Executing : report_timing_summary -max_paths 10 -file i2c_eerom_top_timing_summary_routed.rpt -rpx i2c_eerom_top_timing_summary_routed.rpx -warn_on_violation 
INFO: [Timing 38-91] UpdateTimingParams: Speed grade: -2, Delay Type: min_max.
INFO: [Timing 38-191] Multithreading enabled for timing update using a maximum of 2 CPUs
WARNING: [Timing 38-313] There are no user specified timing constraints. Timing constraints are needed for proper timing analysis.
INFO: [runtcl-4] Executing : report_incremental_reuse -file i2c_eerom_top_incremental_reuse_routed.rpt
INFO: [Vivado_Tcl 4-545] No incremental reuse to report, no incremental placement and routing data was found.
INFO: [runtcl-4] Executing : report_clock_utilization -file i2c_eerom_top_clock_utilization_routed.rpt
INFO: [Common 17-206] Exiting Vivado at Fri Nov 22 18:15:29 2024...

*** Running vivado
    with args -log i2c_eerom_top.vdi -applog -m64 -product Vivado -messageDb vivado.pb -mode batch -source i2c_eerom_top.tcl -notrace


****** Vivado v2017.4 (64-bit)
  **** SW Build 2086221 on Fri Dec 15 20:55:39 MST 2017
  **** IP Build 2085800 on Fri Dec 15 22:25:07 MST 2017
    ** Copyright 1986-2017 Xilinx, Inc. All Rights Reserved.

source i2c_eerom_top.tcl -notrace
Command: link_design -top i2c_eerom_top -part xc7z020clg400-2
Design is defaulting to srcset: sources_1
Design is defaulting to constrset: constrs_1
INFO: [Netlist 29-17] Analyzing 3 Unisim elements for replacement
INFO: [Netlist 29-28] Unisim Transformation completed in 0 CPU seconds
INFO: [Project 1-479] Netlist was created with Vivado 2017.4
INFO: [Device 21-403] Loading part xc7z020clg400-2
INFO: [Project 1-570] Preparing netlist for logic optimization
Parsing XDC File [F:/FPGA/EEPROM/EEPROM.srcs/constrs_1/new/i2c_eerom.xdc]
Finished Parsing XDC File [F:/FPGA/EEPROM/EEPROM.srcs/constrs_1/new/i2c_eerom.xdc]
INFO: [Opt 31-138] Pushed 0 inverter(s) to 0 load pin(s).
INFO: [Project 1-111] Unisim Transformation Summary:
  A total of 1 instances were transformed.
  IOBUF => IOBUF (IBUF, OBUFT): 1 instances

7 Infos, 0 Warnings, 0 Critical Warnings and 0 Errors encountered.
link_design completed successfully
link_design: Time (s): cpu = 00:00:06 ; elapsed = 00:00:06 . Memory (MB): peak = 616.688 ; gain = 335.449
Command: opt_design
Attempting to get a license for feature 'Implementation' and/or device 'xc7z020'
INFO: [Common 17-349] Got license for feature 'Implementation' and/or device 'xc7z020'
Running DRC as a precondition to command opt_design

Starting DRC Task
INFO: [DRC 23-27] Running DRC with 2 threads
INFO: [Project 1-461] DRC finished with 0 Errors
INFO: [Project 1-462] Please refer to the DRC report (report_drc) for more information.

Time (s): cpu = 00:00:00 ; elapsed = 00:00:00.375 . Memory (MB): peak = 629.000 ; gain = 12.312
INFO: [Timing 38-35] Done setting XDC timing constraints.

Starting Logic Optimization Task

Phase 1 Retarget
INFO: [Opt 31-138] Pushed 0 inverter(s) to 0 load pin(s).
INFO: [Opt 31-49] Retargeted 0 cell(s).
Phase 1 Retarget | Checksum: 1e23f30d9

Time (s): cpu = 00:00:00 ; elapsed = 00:00:00.009 . Memory (MB): peak = 1186.723 ; gain = 0.000
INFO: [Opt 31-389] Phase Retarget created 0 cells and removed 1 cells

Phase 2 Constant propagation
INFO: [Opt 31-138] Pushed 0 inverter(s) to 0 load pin(s).
Phase 2 Constant propagation | Checksum: 1e23f30d9

Time (s): cpu = 00:00:00 ; elapsed = 00:00:00.011 . Memory (MB): peak = 1186.723 ; gain = 0.000
INFO: [Opt 31-389] Phase Constant propagation created 0 cells and removed 0 cells

Phase 3 Sweep
Phase 3 Sweep | Checksum: 1e23f30d9

Time (s): cpu = 00:00:00 ; elapsed = 00:00:00.012 . Memory (MB): peak = 1186.723 ; gain = 0.000
INFO: [Opt 31-389] Phase Sweep created 0 cells and removed 0 cells

Phase 4 BUFG optimization
Phase 4 BUFG optimization | Checksum: 1e23f30d9

Time (s): cpu = 00:00:00 ; elapsed = 00:00:00.013 . Memory (MB): peak = 1186.723 ; gain = 0.000
INFO: [Opt 31-389] Phase BUFG optimization created 0 cells and removed 0 cells

Phase 5 Shift Register Optimization
Phase 5 Shift Register Optimization | Checksum: 1e23f30d9

Time (s): cpu = 00:00:00 ; elapsed = 00:00:00.014 . Memory (MB): peak = 1186.723 ; gain = 0.000
INFO: [Opt 31-389] Phase Shift Register Optimization created 0 cells and removed 0 cells

Starting Connectivity Check Task

Time (s): cpu = 00:00:00 ; elapsed = 00:00:00 . Memory (MB): peak = 1186.723 ; gain = 0.000
Ending Logic Optimization Task | Checksum: 1e23f30d9

Time (s): cpu = 00:00:00 ; elapsed = 00:00:00.016 . Memory (MB): peak = 1186.723 ; gain = 0.000

Starting Power Optimization Task
INFO: [Pwropt 34-132] Skipping clock gating for clocks with a period < 2.00 ns.
Ending Power Optimization Task | Checksum: 1e23f30d9

Time (s): cpu = 00:00:00 ; elapsed = 00:00:00.005 . Memory (MB): peak = 1186.723 ; gain = 0.000
INFO: [Common 17-83] Releasing license: Implementation
22 Infos, 0 Warnings, 0 Critical Warnings and 0 Errors encountered.
opt_design completed successfully
opt_design: Time (s): cpu = 00:00:09 ; elapsed = 00:00:09 . Memory (MB): peak = 1186.723 ; gain = 570.035
Writing placer database...
Writing XDEF routing.
Writing XDEF routing logical nets.
Writing XDEF routing special nets.
Write XDEF Complete: Time (s): cpu = 00:00:00 ; elapsed = 00:00:00.044 . Memory (MB): peak = 1186.723 ; gain = 0.000
INFO: [Common 17-1381] The checkpoint 'F:/FPGA/EEPROM/EEPROM.runs/impl_1/i2c_eerom_top_opt.dcp' has been generated.
INFO: [runtcl-4] Executing : report_drc -file i2c_eerom_top_drc_opted.rpt -pb i2c_eerom_top_drc_opted.pb -rpx i2c_eerom_top_drc_opted.rpx
Command: report_drc -file i2c_eerom_top_drc_opted.rpt -pb i2c_eerom_top_drc_opted.pb -rpx i2c_eerom_top_drc_opted.rpx
INFO: [IP_Flow 19-234] Refreshing IP repositories
INFO: [IP_Flow 19-1704] No user IP repositories specified
INFO: [IP_Flow 19-2313] Loaded Vivado IP repository 'E:/vivado/Vivado/2017.4/data/ip'.
INFO: [DRC 23-27] Running DRC with 2 threads
INFO: [Coretcl 2-168] The results of DRC are in file F:/FPGA/EEPROM/EEPROM.runs/impl_1/i2c_eerom_top_drc_opted.rpt.
report_drc completed successfully
INFO: [Chipscope 16-241] No debug cores found in the current design.
Before running the implement_debug_core command, either use the Set Up Debug wizard (GUI mode)
or use the create_debug_core and connect_debug_core Tcl commands to insert debug cores into the design.
Command: place_design
Attempting to get a license for feature 'Implementation' and/or device 'xc7z020'
INFO: [Common 17-349] Got license for feature 'Implementation' and/or device 'xc7z020'
INFO: [DRC 23-27] Running DRC with 2 threads
INFO: [Vivado_Tcl 4-198] DRC finished with 0 Errors
INFO: [Vivado_Tcl 4-199] Please refer to the DRC report (report_drc) for more information.
Running DRC as a precondition to command place_design
INFO: [DRC 23-27] Running DRC with 2 threads
INFO: [Vivado_Tcl 4-198] DRC finished with 0 Errors
INFO: [Vivado_Tcl 4-199] Please refer to the DRC report (report_drc) for more information.

Starting Placer Task
INFO: [Place 30-611] Multithreading enabled for place_design using a maximum of 2 CPUs

Phase 1 Placer Initialization

Phase 1.1 Placer Initialization Netlist Sorting
Netlist sorting complete. Time (s): cpu = 00:00:00 ; elapsed = 00:00:00 . Memory (MB): peak = 1186.723 ; gain = 0.000
Phase 1.1 Placer Initialization Netlist Sorting | Checksum: f8442713

Time (s): cpu = 00:00:00 ; elapsed = 00:00:00.002 . Memory (MB): peak = 1186.723 ; gain = 0.000
Netlist sorting complete. Time (s): cpu = 00:00:00 ; elapsed = 00:00:00.001 . Memory (MB): peak = 1186.723 ; gain = 0.000

Phase 1.2 IO Placement/ Clock Placement/ Build Placer Device
INFO: [Timing 38-35] Done setting XDC timing constraints.
Phase 1.2 IO Placement/ Clock Placement/ Build Placer Device | Checksum: 16d3c3e51

Time (s): cpu = 00:00:01 ; elapsed = 00:00:00.694 . Memory (MB): peak = 1186.723 ; gain = 0.000

Phase 1.3 Build Placer Netlist Model
Phase 1.3 Build Placer Netlist Model | Checksum: 1c5623d9d

Time (s): cpu = 00:00:01 ; elapsed = 00:00:00.720 . Memory (MB): peak = 1186.723 ; gain = 0.000

Phase 1.4 Constrain Clocks/Macros
Phase 1.4 Constrain Clocks/Macros | Checksum: 1c5623d9d

Time (s): cpu = 00:00:01 ; elapsed = 00:00:00.722 . Memory (MB): peak = 1186.723 ; gain = 0.000
Phase 1 Placer Initialization | Checksum: 1c5623d9d

Time (s): cpu = 00:00:01 ; elapsed = 00:00:00.722 . Memory (MB): peak = 1186.723 ; gain = 0.000

Phase 2 Global Placement
Phase 2 Global Placement | Checksum: 170157b4a

Time (s): cpu = 00:00:02 ; elapsed = 00:00:01 . Memory (MB): peak = 1186.723 ; gain = 0.000

Phase 3 Detail Placement

Phase 3.1 Commit Multi Column Macros
Phase 3.1 Commit Multi Column Macros | Checksum: 170157b4a

Time (s): cpu = 00:00:02 ; elapsed = 00:00:01 . Memory (MB): peak = 1186.723 ; gain = 0.000

Phase 3.2 Commit Most Macros & LUTRAMs
Phase 3.2 Commit Most Macros & LUTRAMs | Checksum: 24241ffc3

Time (s): cpu = 00:00:02 ; elapsed = 00:00:01 . Memory (MB): peak = 1186.723 ; gain = 0.000

Phase 3.3 Area Swap Optimization
Phase 3.3 Area Swap Optimization | Checksum: 18bb371a8

Time (s): cpu = 00:00:02 ; elapsed = 00:00:01 . Memory (MB): peak = 1186.723 ; gain = 0.000

Phase 3.4 Pipeline Register Optimization
Phase 3.4 Pipeline Register Optimization | Checksum: 18bb371a8

Time (s): cpu = 00:00:02 ; elapsed = 00:00:01 . Memory (MB): peak = 1186.723 ; gain = 0.000

Phase 3.5 Small Shape Detail Placement
Phase 3.5 Small Shape Detail Placement | Checksum: 18809fa3a

Time (s): cpu = 00:00:02 ; elapsed = 00:00:01 . Memory (MB): peak = 1186.723 ; gain = 0.000

Phase 3.6 Re-assign LUT pins
Phase 3.6 Re-assign LUT pins | Checksum: 18809fa3a

Time (s): cpu = 00:00:02 ; elapsed = 00:00:01 . Memory (MB): peak = 1186.723 ; gain = 0.000

Phase 3.7 Pipeline Register Optimization
Phase 3.7 Pipeline Register Optimization | Checksum: 18809fa3a

Time (s): cpu = 00:00:02 ; elapsed = 00:00:01 . Memory (MB): peak = 1186.723 ; gain = 0.000
Phase 3 Detail Placement | Checksum: 18809fa3a

Time (s): cpu = 00:00:02 ; elapsed = 00:00:01 . Memory (MB): peak = 1186.723 ; gain = 0.000

Phase 4 Post Placement Optimization and Clean-Up

Phase 4.1 Post Commit Optimization
Phase 4.1 Post Commit Optimization | Checksum: 18809fa3a

Time (s): cpu = 00:00:02 ; elapsed = 00:00:01 . Memory (MB): peak = 1186.723 ; gain = 0.000

Phase 4.2 Post Placement Cleanup
Phase 4.2 Post Placement Cleanup | Checksum: 18809fa3a

Time (s): cpu = 00:00:02 ; elapsed = 00:00:01 . Memory (MB): peak = 1186.723 ; gain = 0.000

Phase 4.3 Placer Reporting
Phase 4.3 Placer Reporting | Checksum: 18809fa3a

Time (s): cpu = 00:00:02 ; elapsed = 00:00:01 . Memory (MB): peak = 1186.723 ; gain = 0.000

Phase 4.4 Final Placement Cleanup
Phase 4.4 Final Placement Cleanup | Checksum: fd035276

Time (s): cpu = 00:00:02 ; elapsed = 00:00:01 . Memory (MB): peak = 1186.723 ; gain = 0.000
Phase 4 Post Placement Optimization and Clean-Up | Checksum: fd035276

Time (s): cpu = 00:00:02 ; elapsed = 00:00:01 . Memory (MB): peak = 1186.723 ; gain = 0.000
Ending Placer Task | Checksum: bee42e4e

Time (s): cpu = 00:00:02 ; elapsed = 00:00:01 . Memory (MB): peak = 1186.723 ; gain = 0.000
INFO: [Common 17-83] Releasing license: Implementation
40 Infos, 0 Warnings, 0 Critical Warnings and 0 Errors encountered.
place_design completed successfully
Writing placer database...
Writing XDEF routing.
Writing XDEF routing logical nets.
Writing XDEF routing special nets.
Write XDEF Complete: Time (s): cpu = 00:00:00 ; elapsed = 00:00:00.047 . Memory (MB): peak = 1186.723 ; gain = 0.000
INFO: [Common 17-1381] The checkpoint 'F:/FPGA/EEPROM/EEPROM.runs/impl_1/i2c_eerom_top_placed.dcp' has been generated.
INFO: [runtcl-4] Executing : report_io -file i2c_eerom_top_io_placed.rpt
report_io: Time (s): cpu = 00:00:00 ; elapsed = 00:00:00.037 . Memory (MB): peak = 1186.723 ; gain = 0.000
INFO: [runtcl-4] Executing : report_utilization -file i2c_eerom_top_utilization_placed.rpt -pb i2c_eerom_top_utilization_placed.pb
report_utilization: Time (s): cpu = 00:00:00 ; elapsed = 00:00:00.029 . Memory (MB): peak = 1186.723 ; gain = 0.000
INFO: [runtcl-4] Executing : report_control_sets -verbose -file i2c_eerom_top_control_sets_placed.rpt
report_control_sets: Time (s): cpu = 00:00:00 ; elapsed = 00:00:00 . Memory (MB): peak = 1186.723 ; gain = 0.000
Command: route_design
Attempting to get a license for feature 'Implementation' and/or device 'xc7z020'
INFO: [Common 17-349] Got license for feature 'Implementation' and/or device 'xc7z020'
Running DRC as a precondition to command route_design
INFO: [DRC 23-27] Running DRC with 2 threads
INFO: [Vivado_Tcl 4-198] DRC finished with 0 Errors
INFO: [Vivado_Tcl 4-199] Please refer to the DRC report (report_drc) for more information.


Starting Routing Task
INFO: [Route 35-254] Multithreading enabled for route_design using a maximum of 2 CPUs
Checksum: PlaceDB: 8521b3df ConstDB: 0 ShapeSum: 39c27a6f RouteDB: 0

Phase 1 Build RT Design
Phase 1 Build RT Design | Checksum: ae050661

Time (s): cpu = 00:00:22 ; elapsed = 00:00:20 . Memory (MB): peak = 1322.406 ; gain = 135.684
Post Restoration Checksum: NetGraph: 4b8dc0a4 NumContArr: 627745bd Constraints: 0 Timing: 0

Phase 2 Router Initialization
INFO: [Route 35-64] No timing constraints were detected. The router will operate in resource-optimization mode.

Phase 2.1 Fix Topology Constraints
Phase 2.1 Fix Topology Constraints | Checksum: ae050661

Time (s): cpu = 00:00:23 ; elapsed = 00:00:20 . Memory (MB): peak = 1328.516 ; gain = 141.793

Phase 2.2 Pre Route Cleanup
Phase 2.2 Pre Route Cleanup | Checksum: ae050661

Time (s): cpu = 00:00:23 ; elapsed = 00:00:20 . Memory (MB): peak = 1328.516 ; gain = 141.793
 Number of Nodes with overlaps = 0
Phase 2 Router Initialization | Checksum: 173a7d364

Time (s): cpu = 00:00:23 ; elapsed = 00:00:20 . Memory (MB): peak = 1339.035 ; gain = 152.312

Phase 3 Initial Routing
Phase 3 Initial Routing | Checksum: 1043c61a5

Time (s): cpu = 00:00:23 ; elapsed = 00:00:20 . Memory (MB): peak = 1339.035 ; gain = 152.312

Phase 4 Rip-up And Reroute

Phase 4.1 Global Iteration 0
 Number of Nodes with overlaps = 2
 Number of Nodes with overlaps = 0
Phase 4.1 Global Iteration 0 | Checksum: b22006ca

Time (s): cpu = 00:00:23 ; elapsed = 00:00:20 . Memory (MB): peak = 1339.035 ; gain = 152.312
Phase 4 Rip-up And Reroute | Checksum: b22006ca

Time (s): cpu = 00:00:23 ; elapsed = 00:00:20 . Memory (MB): peak = 1339.035 ; gain = 152.312

Phase 5 Delay and Skew Optimization
Phase 5 Delay and Skew Optimization | Checksum: b22006ca

Time (s): cpu = 00:00:23 ; elapsed = 00:00:20 . Memory (MB): peak = 1339.035 ; gain = 152.312

Phase 6 Post Hold Fix

Phase 6.1 Hold Fix Iter
Phase 6.1 Hold Fix Iter | Checksum: b22006ca

Time (s): cpu = 00:00:23 ; elapsed = 00:00:20 . Memory (MB): peak = 1339.035 ; gain = 152.312
Phase 6 Post Hold Fix | Checksum: b22006ca

Time (s): cpu = 00:00:23 ; elapsed = 00:00:20 . Memory (MB): peak = 1339.035 ; gain = 152.312

Phase 7 Route finalize

Router Utilization Summary
  Global Vertical Routing Utilization    = 0.0070933 %
  Global Horizontal Routing Utilization  = 0.00591616 %
  Routable Net Status*
  *Does not include unroutable nets such as driverless and loadless.
  Run report_route_status for detailed report.
  Number of Failed Nets               = 0
  Number of Unrouted Nets             = 0
  Number of Partially Routed Nets     = 0
  Number of Node Overlaps             = 0

Utilization threshold used for congestion level computation: 0.85
Congestion Report
North Dir 1x1 Area, Max Cong = 11.7117%, No Congested Regions.
South Dir 1x1 Area, Max Cong = 7.20721%, No Congested Regions.
East Dir 1x1 Area, Max Cong = 22.0588%, No Congested Regions.
West Dir 1x1 Area, Max Cong = 13.2353%, No Congested Regions.
Phase 7 Route finalize | Checksum: b22006ca

Time (s): cpu = 00:00:23 ; elapsed = 00:00:20 . Memory (MB): peak = 1339.035 ; gain = 152.312

Phase 8 Verifying routed nets

 Verification completed successfully
Phase 8 Verifying routed nets | Checksum: b22006ca

Time (s): cpu = 00:00:23 ; elapsed = 00:00:20 . Memory (MB): peak = 1339.035 ; gain = 152.312

Phase 9 Depositing Routes
Phase 9 Depositing Routes | Checksum: be275184

Time (s): cpu = 00:00:23 ; elapsed = 00:00:20 . Memory (MB): peak = 1339.035 ; gain = 152.312
INFO: [Route 35-16] Router Completed Successfully

Time (s): cpu = 00:00:23 ; elapsed = 00:00:20 . Memory (MB): peak = 1339.035 ; gain = 152.312

Routing Is Done.
INFO: [Common 17-83] Releasing license: Implementation
52 Infos, 0 Warnings, 0 Critical Warnings and 0 Errors encountered.
route_design completed successfully
route_design: Time (s): cpu = 00:00:24 ; elapsed = 00:00:21 . Memory (MB): peak = 1339.035 ; gain = 152.312
Writing placer database...
Writing XDEF routing.
Writing XDEF routing logical nets.
Writing XDEF routing special nets.
Write XDEF Complete: Time (s): cpu = 00:00:00 ; elapsed = 00:00:00.048 . Memory (MB): peak = 1339.035 ; gain = 0.000
INFO: [Common 17-1381] The checkpoint 'F:/FPGA/EEPROM/EEPROM.runs/impl_1/i2c_eerom_top_routed.dcp' has been generated.
INFO: [runtcl-4] Executing : report_drc -file i2c_eerom_top_drc_routed.rpt -pb i2c_eerom_top_drc_routed.pb -rpx i2c_eerom_top_drc_routed.rpx
Command: report_drc -file i2c_eerom_top_drc_routed.rpt -pb i2c_eerom_top_drc_routed.pb -rpx i2c_eerom_top_drc_routed.rpx
INFO: [IP_Flow 19-1839] IP Catalog is up to date.
INFO: [DRC 23-27] Running DRC with 2 threads
INFO: [Coretcl 2-168] The results of DRC are in file F:/FPGA/EEPROM/EEPROM.runs/impl_1/i2c_eerom_top_drc_routed.rpt.
report_drc completed successfully
INFO: [runtcl-4] Executing : report_methodology -file i2c_eerom_top_methodology_drc_routed.rpt -pb i2c_eerom_top_methodology_drc_routed.pb -rpx i2c_eerom_top_methodology_drc_routed.rpx
Command: report_methodology -file i2c_eerom_top_methodology_drc_routed.rpt -pb i2c_eerom_top_methodology_drc_routed.pb -rpx i2c_eerom_top_methodology_drc_routed.rpx
INFO: [Timing 38-35] Done setting XDC timing constraints.
INFO: [Timing 38-35] Done setting XDC timing constraints.
INFO: [DRC 23-133] Running Methodology with 2 threads
INFO: [Coretcl 2-1520] The results of Report Methodology are in file F:/FPGA/EEPROM/EEPROM.runs/impl_1/i2c_eerom_top_methodology_drc_routed.rpt.
report_methodology completed successfully
INFO: [runtcl-4] Executing : report_power -file i2c_eerom_top_power_routed.rpt -pb i2c_eerom_top_power_summary_routed.pb -rpx i2c_eerom_top_power_routed.rpx
Command: report_power -file i2c_eerom_top_power_routed.rpt -pb i2c_eerom_top_power_summary_routed.pb -rpx i2c_eerom_top_power_routed.rpx
WARNING: [Power 33-232] No user defined clocks were found in the design!
Resolution: Please specify clocks using create_clock/create_generated_clock for sequential elements. For pure combinatorial circuits, please specify a virtual clock, otherwise the vectorless estimation might be inaccurate
INFO: [Timing 38-35] Done setting XDC timing constraints.
Running Vector-less Activity Propagation...

Finished Running Vector-less Activity Propagation
64 Infos, 1 Warnings, 0 Critical Warnings and 0 Errors encountered.
report_power completed successfully
INFO: [runtcl-4] Executing : report_route_status -file i2c_eerom_top_route_status.rpt -pb i2c_eerom_top_route_status.pb
INFO: [runtcl-4] Executing : report_timing_summary -max_paths 10 -file i2c_eerom_top_timing_summary_routed.rpt -rpx i2c_eerom_top_timing_summary_routed.rpx -warn_on_violation 
INFO: [Timing 38-91] UpdateTimingParams: Speed grade: -2, Delay Type: min_max.
INFO: [Timing 38-191] Multithreading enabled for timing update using a maximum of 2 CPUs
WARNING: [Timing 38-313] There are no user specified timing constraints. Timing constraints are needed for proper timing analysis.
INFO: [runtcl-4] Executing : report_incremental_reuse -file i2c_eerom_top_incremental_reuse_routed.rpt
INFO: [Vivado_Tcl 4-545] No incremental reuse to report, no incremental placement and routing data was found.
INFO: [runtcl-4] Executing : report_clock_utilization -file i2c_eerom_top_clock_utilization_routed.rpt
INFO: [Common 17-206] Exiting Vivado at Fri Nov 22 18:19:45 2024...

*** Running vivado
    with args -log i2c_eerom_top.vdi -applog -m64 -product Vivado -messageDb vivado.pb -mode batch -source i2c_eerom_top.tcl -notrace


****** Vivado v2017.4 (64-bit)
  **** SW Build 2086221 on Fri Dec 15 20:55:39 MST 2017
  **** IP Build 2085800 on Fri Dec 15 22:25:07 MST 2017
    ** Copyright 1986-2017 Xilinx, Inc. All Rights Reserved.

source i2c_eerom_top.tcl -notrace
Command: link_design -top i2c_eerom_top -part xc7z020clg400-2
Design is defaulting to srcset: sources_1
Design is defaulting to constrset: constrs_1
INFO: [Netlist 29-17] Analyzing 3 Unisim elements for replacement
INFO: [Netlist 29-28] Unisim Transformation completed in 0 CPU seconds
INFO: [Project 1-479] Netlist was created with Vivado 2017.4
INFO: [Device 21-403] Loading part xc7z020clg400-2
INFO: [Project 1-570] Preparing netlist for logic optimization
Parsing XDC File [F:/FPGA/EEPROM/EEPROM.srcs/constrs_1/new/i2c_eerom.xdc]
Finished Parsing XDC File [F:/FPGA/EEPROM/EEPROM.srcs/constrs_1/new/i2c_eerom.xdc]
INFO: [Opt 31-138] Pushed 0 inverter(s) to 0 load pin(s).
INFO: [Project 1-111] Unisim Transformation Summary:
  A total of 1 instances were transformed.
  IOBUF => IOBUF (IBUF, OBUFT): 1 instances

7 Infos, 0 Warnings, 0 Critical Warnings and 0 Errors encountered.
link_design completed successfully
link_design: Time (s): cpu = 00:00:06 ; elapsed = 00:00:06 . Memory (MB): peak = 617.320 ; gain = 335.047
Command: opt_design
Attempting to get a license for feature 'Implementation' and/or device 'xc7z020'
INFO: [Common 17-349] Got license for feature 'Implementation' and/or device 'xc7z020'
Running DRC as a precondition to command opt_design

Starting DRC Task
INFO: [DRC 23-27] Running DRC with 2 threads
INFO: [Project 1-461] DRC finished with 0 Errors
INFO: [Project 1-462] Please refer to the DRC report (report_drc) for more information.

Time (s): cpu = 00:00:00 ; elapsed = 00:00:00.352 . Memory (MB): peak = 631.309 ; gain = 13.988
INFO: [Timing 38-35] Done setting XDC timing constraints.

Starting Logic Optimization Task

Phase 1 Retarget
INFO: [Opt 31-138] Pushed 0 inverter(s) to 0 load pin(s).
INFO: [Opt 31-49] Retargeted 0 cell(s).
Phase 1 Retarget | Checksum: 11a50750b

Time (s): cpu = 00:00:00 ; elapsed = 00:00:00.009 . Memory (MB): peak = 1187.094 ; gain = 0.000
INFO: [Opt 31-389] Phase Retarget created 0 cells and removed 1 cells

Phase 2 Constant propagation
INFO: [Opt 31-138] Pushed 0 inverter(s) to 0 load pin(s).
Phase 2 Constant propagation | Checksum: 11a50750b

Time (s): cpu = 00:00:00 ; elapsed = 00:00:00.011 . Memory (MB): peak = 1187.094 ; gain = 0.000
INFO: [Opt 31-389] Phase Constant propagation created 0 cells and removed 0 cells

Phase 3 Sweep
Phase 3 Sweep | Checksum: 11a50750b

Time (s): cpu = 00:00:00 ; elapsed = 00:00:00.012 . Memory (MB): peak = 1187.094 ; gain = 0.000
INFO: [Opt 31-389] Phase Sweep created 0 cells and removed 0 cells

Phase 4 BUFG optimization
Phase 4 BUFG optimization | Checksum: 11a50750b

Time (s): cpu = 00:00:00 ; elapsed = 00:00:00.014 . Memory (MB): peak = 1187.094 ; gain = 0.000
INFO: [Opt 31-389] Phase BUFG optimization created 0 cells and removed 0 cells

Phase 5 Shift Register Optimization
Phase 5 Shift Register Optimization | Checksum: 11a50750b

Time (s): cpu = 00:00:00 ; elapsed = 00:00:00.015 . Memory (MB): peak = 1187.094 ; gain = 0.000
INFO: [Opt 31-389] Phase Shift Register Optimization created 0 cells and removed 0 cells

Starting Connectivity Check Task

Time (s): cpu = 00:00:00 ; elapsed = 00:00:00 . Memory (MB): peak = 1187.094 ; gain = 0.000
Ending Logic Optimization Task | Checksum: 11a50750b

Time (s): cpu = 00:00:00 ; elapsed = 00:00:00.016 . Memory (MB): peak = 1187.094 ; gain = 0.000

Starting Power Optimization Task
INFO: [Pwropt 34-132] Skipping clock gating for clocks with a period < 2.00 ns.
Ending Power Optimization Task | Checksum: 11a50750b

Time (s): cpu = 00:00:00 ; elapsed = 00:00:00.005 . Memory (MB): peak = 1187.094 ; gain = 0.000
INFO: [Common 17-83] Releasing license: Implementation
22 Infos, 0 Warnings, 0 Critical Warnings and 0 Errors encountered.
opt_design completed successfully
opt_design: Time (s): cpu = 00:00:08 ; elapsed = 00:00:09 . Memory (MB): peak = 1187.094 ; gain = 569.773
Writing placer database...
Writing XDEF routing.
Writing XDEF routing logical nets.
Writing XDEF routing special nets.
Write XDEF Complete: Time (s): cpu = 00:00:00 ; elapsed = 00:00:00.044 . Memory (MB): peak = 1187.094 ; gain = 0.000
INFO: [Common 17-1381] The checkpoint 'F:/FPGA/EEPROM/EEPROM.runs/impl_1/i2c_eerom_top_opt.dcp' has been generated.
INFO: [runtcl-4] Executing : report_drc -file i2c_eerom_top_drc_opted.rpt -pb i2c_eerom_top_drc_opted.pb -rpx i2c_eerom_top_drc_opted.rpx
Command: report_drc -file i2c_eerom_top_drc_opted.rpt -pb i2c_eerom_top_drc_opted.pb -rpx i2c_eerom_top_drc_opted.rpx
INFO: [IP_Flow 19-234] Refreshing IP repositories
INFO: [IP_Flow 19-1704] No user IP repositories specified
INFO: [IP_Flow 19-2313] Loaded Vivado IP repository 'E:/vivado/Vivado/2017.4/data/ip'.
INFO: [DRC 23-27] Running DRC with 2 threads
INFO: [Coretcl 2-168] The results of DRC are in file F:/FPGA/EEPROM/EEPROM.runs/impl_1/i2c_eerom_top_drc_opted.rpt.
report_drc completed successfully
INFO: [Chipscope 16-241] No debug cores found in the current design.
Before running the implement_debug_core command, either use the Set Up Debug wizard (GUI mode)
or use the create_debug_core and connect_debug_core Tcl commands to insert debug cores into the design.
Command: place_design
Attempting to get a license for feature 'Implementation' and/or device 'xc7z020'
INFO: [Common 17-349] Got license for feature 'Implementation' and/or device 'xc7z020'
INFO: [DRC 23-27] Running DRC with 2 threads
INFO: [Vivado_Tcl 4-198] DRC finished with 0 Errors
INFO: [Vivado_Tcl 4-199] Please refer to the DRC report (report_drc) for more information.
Running DRC as a precondition to command place_design
INFO: [DRC 23-27] Running DRC with 2 threads
INFO: [Vivado_Tcl 4-198] DRC finished with 0 Errors
INFO: [Vivado_Tcl 4-199] Please refer to the DRC report (report_drc) for more information.

Starting Placer Task
INFO: [Place 30-611] Multithreading enabled for place_design using a maximum of 2 CPUs

Phase 1 Placer Initialization

Phase 1.1 Placer Initialization Netlist Sorting
Netlist sorting complete. Time (s): cpu = 00:00:00 ; elapsed = 00:00:00 . Memory (MB): peak = 1187.094 ; gain = 0.000
Phase 1.1 Placer Initialization Netlist Sorting | Checksum: d582e26a

Time (s): cpu = 00:00:00 ; elapsed = 00:00:00.003 . Memory (MB): peak = 1187.094 ; gain = 0.000
Netlist sorting complete. Time (s): cpu = 00:00:00 ; elapsed = 00:00:00 . Memory (MB): peak = 1187.094 ; gain = 0.000

Phase 1.2 IO Placement/ Clock Placement/ Build Placer Device
INFO: [Timing 38-35] Done setting XDC timing constraints.
Phase 1.2 IO Placement/ Clock Placement/ Build Placer Device | Checksum: b473e0ef

Time (s): cpu = 00:00:01 ; elapsed = 00:00:00.723 . Memory (MB): peak = 1187.094 ; gain = 0.000

Phase 1.3 Build Placer Netlist Model
Phase 1.3 Build Placer Netlist Model | Checksum: 161717bf1

Time (s): cpu = 00:00:01 ; elapsed = 00:00:00.750 . Memory (MB): peak = 1187.094 ; gain = 0.000

Phase 1.4 Constrain Clocks/Macros
Phase 1.4 Constrain Clocks/Macros | Checksum: 161717bf1

Time (s): cpu = 00:00:01 ; elapsed = 00:00:00.751 . Memory (MB): peak = 1187.094 ; gain = 0.000
Phase 1 Placer Initialization | Checksum: 161717bf1

Time (s): cpu = 00:00:01 ; elapsed = 00:00:00.752 . Memory (MB): peak = 1187.094 ; gain = 0.000

Phase 2 Global Placement
Phase 2 Global Placement | Checksum: 1088ed86a

Time (s): cpu = 00:00:01 ; elapsed = 00:00:01 . Memory (MB): peak = 1187.094 ; gain = 0.000

Phase 3 Detail Placement

Phase 3.1 Commit Multi Column Macros
Phase 3.1 Commit Multi Column Macros | Checksum: 1088ed86a

Time (s): cpu = 00:00:01 ; elapsed = 00:00:01 . Memory (MB): peak = 1187.094 ; gain = 0.000

Phase 3.2 Commit Most Macros & LUTRAMs
Phase 3.2 Commit Most Macros & LUTRAMs | Checksum: 10fb39824

Time (s): cpu = 00:00:01 ; elapsed = 00:00:01 . Memory (MB): peak = 1187.094 ; gain = 0.000

Phase 3.3 Area Swap Optimization
Phase 3.3 Area Swap Optimization | Checksum: 17c2b0db4

Time (s): cpu = 00:00:01 ; elapsed = 00:00:01 . Memory (MB): peak = 1187.094 ; gain = 0.000

Phase 3.4 Pipeline Register Optimization
Phase 3.4 Pipeline Register Optimization | Checksum: 17c2b0db4

Time (s): cpu = 00:00:01 ; elapsed = 00:00:01 . Memory (MB): peak = 1187.094 ; gain = 0.000

Phase 3.5 Small Shape Detail Placement
Phase 3.5 Small Shape Detail Placement | Checksum: e9dfd750

Time (s): cpu = 00:00:02 ; elapsed = 00:00:01 . Memory (MB): peak = 1187.094 ; gain = 0.000

Phase 3.6 Re-assign LUT pins
Phase 3.6 Re-assign LUT pins | Checksum: e9dfd750

Time (s): cpu = 00:00:02 ; elapsed = 00:00:01 . Memory (MB): peak = 1187.094 ; gain = 0.000

Phase 3.7 Pipeline Register Optimization
Phase 3.7 Pipeline Register Optimization | Checksum: e9dfd750

Time (s): cpu = 00:00:02 ; elapsed = 00:00:01 . Memory (MB): peak = 1187.094 ; gain = 0.000
Phase 3 Detail Placement | Checksum: e9dfd750

Time (s): cpu = 00:00:02 ; elapsed = 00:00:01 . Memory (MB): peak = 1187.094 ; gain = 0.000

Phase 4 Post Placement Optimization and Clean-Up

Phase 4.1 Post Commit Optimization
Phase 4.1 Post Commit Optimization | Checksum: e9dfd750

Time (s): cpu = 00:00:02 ; elapsed = 00:00:01 . Memory (MB): peak = 1187.094 ; gain = 0.000

Phase 4.2 Post Placement Cleanup
Phase 4.2 Post Placement Cleanup | Checksum: e9dfd750

Time (s): cpu = 00:00:02 ; elapsed = 00:00:01 . Memory (MB): peak = 1187.094 ; gain = 0.000

Phase 4.3 Placer Reporting
Phase 4.3 Placer Reporting | Checksum: e9dfd750

Time (s): cpu = 00:00:02 ; elapsed = 00:00:01 . Memory (MB): peak = 1187.094 ; gain = 0.000

Phase 4.4 Final Placement Cleanup
Phase 4.4 Final Placement Cleanup | Checksum: 14a75e094

Time (s): cpu = 00:00:02 ; elapsed = 00:00:01 . Memory (MB): peak = 1187.094 ; gain = 0.000
Phase 4 Post Placement Optimization and Clean-Up | Checksum: 14a75e094

Time (s): cpu = 00:00:02 ; elapsed = 00:00:01 . Memory (MB): peak = 1187.094 ; gain = 0.000
Ending Placer Task | Checksum: dc341925

Time (s): cpu = 00:00:02 ; elapsed = 00:00:01 . Memory (MB): peak = 1187.094 ; gain = 0.000
INFO: [Common 17-83] Releasing license: Implementation
40 Infos, 0 Warnings, 0 Critical Warnings and 0 Errors encountered.
place_design completed successfully
Writing placer database...
Writing XDEF routing.
Writing XDEF routing logical nets.
Writing XDEF routing special nets.
Write XDEF Complete: Time (s): cpu = 00:00:00 ; elapsed = 00:00:00.049 . Memory (MB): peak = 1187.094 ; gain = 0.000
INFO: [Common 17-1381] The checkpoint 'F:/FPGA/EEPROM/EEPROM.runs/impl_1/i2c_eerom_top_placed.dcp' has been generated.
INFO: [runtcl-4] Executing : report_io -file i2c_eerom_top_io_placed.rpt
report_io: Time (s): cpu = 00:00:00 ; elapsed = 00:00:00.036 . Memory (MB): peak = 1187.094 ; gain = 0.000
INFO: [runtcl-4] Executing : report_utilization -file i2c_eerom_top_utilization_placed.rpt -pb i2c_eerom_top_utilization_placed.pb
report_utilization: Time (s): cpu = 00:00:00 ; elapsed = 00:00:00.031 . Memory (MB): peak = 1187.094 ; gain = 0.000
INFO: [runtcl-4] Executing : report_control_sets -verbose -file i2c_eerom_top_control_sets_placed.rpt
report_control_sets: Time (s): cpu = 00:00:00 ; elapsed = 00:00:00.001 . Memory (MB): peak = 1187.094 ; gain = 0.000
Command: route_design
Attempting to get a license for feature 'Implementation' and/or device 'xc7z020'
INFO: [Common 17-349] Got license for feature 'Implementation' and/or device 'xc7z020'
Running DRC as a precondition to command route_design
INFO: [DRC 23-27] Running DRC with 2 threads
INFO: [Vivado_Tcl 4-198] DRC finished with 0 Errors
INFO: [Vivado_Tcl 4-199] Please refer to the DRC report (report_drc) for more information.


Starting Routing Task
INFO: [Route 35-254] Multithreading enabled for route_design using a maximum of 2 CPUs
Checksum: PlaceDB: 6f9d4b10 ConstDB: 0 ShapeSum: 6c96ce15 RouteDB: 0

Phase 1 Build RT Design
Phase 1 Build RT Design | Checksum: a2213ce5

Time (s): cpu = 00:00:23 ; elapsed = 00:00:20 . Memory (MB): peak = 1322.020 ; gain = 134.926
Post Restoration Checksum: NetGraph: 2d551905 NumContArr: 74cc23e0 Constraints: 0 Timing: 0

Phase 2 Router Initialization
INFO: [Route 35-64] No timing constraints were detected. The router will operate in resource-optimization mode.

Phase 2.1 Fix Topology Constraints
Phase 2.1 Fix Topology Constraints | Checksum: a2213ce5

Time (s): cpu = 00:00:23 ; elapsed = 00:00:20 . Memory (MB): peak = 1327.855 ; gain = 140.762

Phase 2.2 Pre Route Cleanup
Phase 2.2 Pre Route Cleanup | Checksum: a2213ce5

Time (s): cpu = 00:00:23 ; elapsed = 00:00:20 . Memory (MB): peak = 1327.855 ; gain = 140.762
 Number of Nodes with overlaps = 0
Phase 2 Router Initialization | Checksum: e03f21db

Time (s): cpu = 00:00:23 ; elapsed = 00:00:21 . Memory (MB): peak = 1337.812 ; gain = 150.719

Phase 3 Initial Routing
Phase 3 Initial Routing | Checksum: 67f7eca1

Time (s): cpu = 00:00:23 ; elapsed = 00:00:21 . Memory (MB): peak = 1337.812 ; gain = 150.719

Phase 4 Rip-up And Reroute

Phase 4.1 Global Iteration 0
 Number of Nodes with overlaps = 8
 Number of Nodes with overlaps = 0
Phase 4.1 Global Iteration 0 | Checksum: 13eb35800

Time (s): cpu = 00:00:23 ; elapsed = 00:00:21 . Memory (MB): peak = 1337.812 ; gain = 150.719
Phase 4 Rip-up And Reroute | Checksum: 13eb35800

Time (s): cpu = 00:00:23 ; elapsed = 00:00:21 . Memory (MB): peak = 1337.812 ; gain = 150.719

Phase 5 Delay and Skew Optimization
Phase 5 Delay and Skew Optimization | Checksum: 13eb35800

Time (s): cpu = 00:00:23 ; elapsed = 00:00:21 . Memory (MB): peak = 1337.812 ; gain = 150.719

Phase 6 Post Hold Fix

Phase 6.1 Hold Fix Iter
Phase 6.1 Hold Fix Iter | Checksum: 13eb35800

Time (s): cpu = 00:00:23 ; elapsed = 00:00:21 . Memory (MB): peak = 1337.812 ; gain = 150.719
Phase 6 Post Hold Fix | Checksum: 13eb35800

Time (s): cpu = 00:00:23 ; elapsed = 00:00:21 . Memory (MB): peak = 1337.812 ; gain = 150.719

Phase 7 Route finalize

Router Utilization Summary
  Global Vertical Routing Utilization    = 0.00823237 %
  Global Horizontal Routing Utilization  = 0.00760649 %
  Routable Net Status*
  *Does not include unroutable nets such as driverless and loadless.
  Run report_route_status for detailed report.
  Number of Failed Nets               = 0
  Number of Unrouted Nets             = 0
  Number of Partially Routed Nets     = 0
  Number of Node Overlaps             = 0

Utilization threshold used for congestion level computation: 0.85
Congestion Report
North Dir 1x1 Area, Max Cong = 12.6126%, No Congested Regions.
South Dir 1x1 Area, Max Cong = 12.6126%, No Congested Regions.
East Dir 1x1 Area, Max Cong = 17.6471%, No Congested Regions.
West Dir 1x1 Area, Max Cong = 16.1765%, No Congested Regions.
Phase 7 Route finalize | Checksum: 13eb35800

Time (s): cpu = 00:00:23 ; elapsed = 00:00:21 . Memory (MB): peak = 1337.812 ; gain = 150.719

Phase 8 Verifying routed nets

 Verification completed successfully
Phase 8 Verifying routed nets | Checksum: 13eb35800

Time (s): cpu = 00:00:23 ; elapsed = 00:00:21 . Memory (MB): peak = 1337.812 ; gain = 150.719

Phase 9 Depositing Routes
Phase 9 Depositing Routes | Checksum: 1288e451c

Time (s): cpu = 00:00:23 ; elapsed = 00:00:21 . Memory (MB): peak = 1337.812 ; gain = 150.719
INFO: [Route 35-16] Router Completed Successfully

Time (s): cpu = 00:00:23 ; elapsed = 00:00:21 . Memory (MB): peak = 1337.812 ; gain = 150.719

Routing Is Done.
INFO: [Common 17-83] Releasing license: Implementation
52 Infos, 0 Warnings, 0 Critical Warnings and 0 Errors encountered.
route_design completed successfully
route_design: Time (s): cpu = 00:00:24 ; elapsed = 00:00:21 . Memory (MB): peak = 1337.812 ; gain = 150.719
Writing placer database...
Writing XDEF routing.
Writing XDEF routing logical nets.
Writing XDEF routing special nets.
Write XDEF Complete: Time (s): cpu = 00:00:00 ; elapsed = 00:00:00.048 . Memory (MB): peak = 1337.812 ; gain = 0.000
INFO: [Common 17-1381] The checkpoint 'F:/FPGA/EEPROM/EEPROM.runs/impl_1/i2c_eerom_top_routed.dcp' has been generated.
INFO: [runtcl-4] Executing : report_drc -file i2c_eerom_top_drc_routed.rpt -pb i2c_eerom_top_drc_routed.pb -rpx i2c_eerom_top_drc_routed.rpx
Command: report_drc -file i2c_eerom_top_drc_routed.rpt -pb i2c_eerom_top_drc_routed.pb -rpx i2c_eerom_top_drc_routed.rpx
INFO: [IP_Flow 19-1839] IP Catalog is up to date.
INFO: [DRC 23-27] Running DRC with 2 threads
INFO: [Coretcl 2-168] The results of DRC are in file F:/FPGA/EEPROM/EEPROM.runs/impl_1/i2c_eerom_top_drc_routed.rpt.
report_drc completed successfully
INFO: [runtcl-4] Executing : report_methodology -file i2c_eerom_top_methodology_drc_routed.rpt -pb i2c_eerom_top_methodology_drc_routed.pb -rpx i2c_eerom_top_methodology_drc_routed.rpx
Command: report_methodology -file i2c_eerom_top_methodology_drc_routed.rpt -pb i2c_eerom_top_methodology_drc_routed.pb -rpx i2c_eerom_top_methodology_drc_routed.rpx
INFO: [Timing 38-35] Done setting XDC timing constraints.
INFO: [Timing 38-35] Done setting XDC timing constraints.
INFO: [DRC 23-133] Running Methodology with 2 threads
INFO: [Coretcl 2-1520] The results of Report Methodology are in file F:/FPGA/EEPROM/EEPROM.runs/impl_1/i2c_eerom_top_methodology_drc_routed.rpt.
report_methodology completed successfully
INFO: [runtcl-4] Executing : report_power -file i2c_eerom_top_power_routed.rpt -pb i2c_eerom_top_power_summary_routed.pb -rpx i2c_eerom_top_power_routed.rpx
Command: report_power -file i2c_eerom_top_power_routed.rpt -pb i2c_eerom_top_power_summary_routed.pb -rpx i2c_eerom_top_power_routed.rpx
WARNING: [Power 33-232] No user defined clocks were found in the design!
Resolution: Please specify clocks using create_clock/create_generated_clock for sequential elements. For pure combinatorial circuits, please specify a virtual clock, otherwise the vectorless estimation might be inaccurate
INFO: [Timing 38-35] Done setting XDC timing constraints.
Running Vector-less Activity Propagation...

Finished Running Vector-less Activity Propagation
64 Infos, 1 Warnings, 0 Critical Warnings and 0 Errors encountered.
report_power completed successfully
INFO: [runtcl-4] Executing : report_route_status -file i2c_eerom_top_route_status.rpt -pb i2c_eerom_top_route_status.pb
INFO: [runtcl-4] Executing : report_timing_summary -max_paths 10 -file i2c_eerom_top_timing_summary_routed.rpt -rpx i2c_eerom_top_timing_summary_routed.rpx -warn_on_violation 
INFO: [Timing 38-91] UpdateTimingParams: Speed grade: -2, Delay Type: min_max.
INFO: [Timing 38-191] Multithreading enabled for timing update using a maximum of 2 CPUs
WARNING: [Timing 38-313] There are no user specified timing constraints. Timing constraints are needed for proper timing analysis.
INFO: [runtcl-4] Executing : report_incremental_reuse -file i2c_eerom_top_incremental_reuse_routed.rpt
INFO: [Vivado_Tcl 4-545] No incremental reuse to report, no incremental placement and routing data was found.
INFO: [runtcl-4] Executing : report_clock_utilization -file i2c_eerom_top_clock_utilization_routed.rpt
INFO: [Common 17-206] Exiting Vivado at Fri Nov 22 18:25:42 2024...

*** Running vivado
    with args -log i2c_eerom_top.vdi -applog -m64 -product Vivado -messageDb vivado.pb -mode batch -source i2c_eerom_top.tcl -notrace


****** Vivado v2017.4 (64-bit)
  **** SW Build 2086221 on Fri Dec 15 20:55:39 MST 2017
  **** IP Build 2085800 on Fri Dec 15 22:25:07 MST 2017
    ** Copyright 1986-2017 Xilinx, Inc. All Rights Reserved.

source i2c_eerom_top.tcl -notrace
Command: link_design -top i2c_eerom_top -part xc7z020clg400-2
Design is defaulting to srcset: sources_1
Design is defaulting to constrset: constrs_1
INFO: [Netlist 29-17] Analyzing 3 Unisim elements for replacement
INFO: [Netlist 29-28] Unisim Transformation completed in 0 CPU seconds
INFO: [Project 1-479] Netlist was created with Vivado 2017.4
INFO: [Device 21-403] Loading part xc7z020clg400-2
INFO: [Project 1-570] Preparing netlist for logic optimization
Parsing XDC File [F:/FPGA/EEPROM/EEPROM.srcs/constrs_1/new/i2c_eerom.xdc]
Finished Parsing XDC File [F:/FPGA/EEPROM/EEPROM.srcs/constrs_1/new/i2c_eerom.xdc]
INFO: [Opt 31-138] Pushed 0 inverter(s) to 0 load pin(s).
INFO: [Project 1-111] Unisim Transformation Summary:
  A total of 1 instances were transformed.
  IOBUF => IOBUF (IBUF, OBUFT): 1 instances

7 Infos, 0 Warnings, 0 Critical Warnings and 0 Errors encountered.
link_design completed successfully
link_design: Time (s): cpu = 00:00:06 ; elapsed = 00:00:06 . Memory (MB): peak = 617.629 ; gain = 335.617
Command: opt_design
Attempting to get a license for feature 'Implementation' and/or device 'xc7z020'
INFO: [Common 17-349] Got license for feature 'Implementation' and/or device 'xc7z020'
Running DRC as a precondition to command opt_design

Starting DRC Task
INFO: [DRC 23-27] Running DRC with 2 threads
INFO: [Project 1-461] DRC finished with 0 Errors
INFO: [Project 1-462] Please refer to the DRC report (report_drc) for more information.

Time (s): cpu = 00:00:00 ; elapsed = 00:00:00.363 . Memory (MB): peak = 632.555 ; gain = 14.926
INFO: [Timing 38-35] Done setting XDC timing constraints.

Starting Logic Optimization Task

Phase 1 Retarget
INFO: [Opt 31-138] Pushed 0 inverter(s) to 0 load pin(s).
INFO: [Opt 31-49] Retargeted 0 cell(s).
Phase 1 Retarget | Checksum: 1921c2157

Time (s): cpu = 00:00:00 ; elapsed = 00:00:00.007 . Memory (MB): peak = 1186.270 ; gain = 0.000
INFO: [Opt 31-389] Phase Retarget created 0 cells and removed 1 cells

Phase 2 Constant propagation
INFO: [Opt 31-138] Pushed 0 inverter(s) to 0 load pin(s).
Phase 2 Constant propagation | Checksum: 1921c2157

Time (s): cpu = 00:00:00 ; elapsed = 00:00:00.009 . Memory (MB): peak = 1186.270 ; gain = 0.000
INFO: [Opt 31-389] Phase Constant propagation created 0 cells and removed 0 cells

Phase 3 Sweep
Phase 3 Sweep | Checksum: 1921c2157

Time (s): cpu = 00:00:00 ; elapsed = 00:00:00.010 . Memory (MB): peak = 1186.270 ; gain = 0.000
INFO: [Opt 31-389] Phase Sweep created 0 cells and removed 0 cells

Phase 4 BUFG optimization
Phase 4 BUFG optimization | Checksum: 1921c2157

Time (s): cpu = 00:00:00 ; elapsed = 00:00:00.012 . Memory (MB): peak = 1186.270 ; gain = 0.000
INFO: [Opt 31-389] Phase BUFG optimization created 0 cells and removed 0 cells

Phase 5 Shift Register Optimization
Phase 5 Shift Register Optimization | Checksum: 1921c2157

Time (s): cpu = 00:00:00 ; elapsed = 00:00:00.013 . Memory (MB): peak = 1186.270 ; gain = 0.000
INFO: [Opt 31-389] Phase Shift Register Optimization created 0 cells and removed 0 cells

Starting Connectivity Check Task

Time (s): cpu = 00:00:00 ; elapsed = 00:00:00.001 . Memory (MB): peak = 1186.270 ; gain = 0.000
Ending Logic Optimization Task | Checksum: 1921c2157

Time (s): cpu = 00:00:00 ; elapsed = 00:00:00.014 . Memory (MB): peak = 1186.270 ; gain = 0.000

Starting Power Optimization Task
INFO: [Pwropt 34-132] Skipping clock gating for clocks with a period < 2.00 ns.
Ending Power Optimization Task | Checksum: 1921c2157

Time (s): cpu = 00:00:00 ; elapsed = 00:00:00.005 . Memory (MB): peak = 1186.270 ; gain = 0.000
INFO: [Common 17-83] Releasing license: Implementation
22 Infos, 0 Warnings, 0 Critical Warnings and 0 Errors encountered.
opt_design completed successfully
opt_design: Time (s): cpu = 00:00:09 ; elapsed = 00:00:09 . Memory (MB): peak = 1186.270 ; gain = 568.641
Writing placer database...
Writing XDEF routing.
Writing XDEF routing logical nets.
Writing XDEF routing special nets.
Write XDEF Complete: Time (s): cpu = 00:00:00 ; elapsed = 00:00:00.044 . Memory (MB): peak = 1186.270 ; gain = 0.000
INFO: [Common 17-1381] The checkpoint 'F:/FPGA/EEPROM/EEPROM.runs/impl_1/i2c_eerom_top_opt.dcp' has been generated.
INFO: [runtcl-4] Executing : report_drc -file i2c_eerom_top_drc_opted.rpt -pb i2c_eerom_top_drc_opted.pb -rpx i2c_eerom_top_drc_opted.rpx
Command: report_drc -file i2c_eerom_top_drc_opted.rpt -pb i2c_eerom_top_drc_opted.pb -rpx i2c_eerom_top_drc_opted.rpx
INFO: [IP_Flow 19-234] Refreshing IP repositories
INFO: [IP_Flow 19-1704] No user IP repositories specified
INFO: [IP_Flow 19-2313] Loaded Vivado IP repository 'E:/vivado/Vivado/2017.4/data/ip'.
INFO: [DRC 23-27] Running DRC with 2 threads
INFO: [Coretcl 2-168] The results of DRC are in file F:/FPGA/EEPROM/EEPROM.runs/impl_1/i2c_eerom_top_drc_opted.rpt.
report_drc completed successfully
INFO: [Chipscope 16-241] No debug cores found in the current design.
Before running the implement_debug_core command, either use the Set Up Debug wizard (GUI mode)
or use the create_debug_core and connect_debug_core Tcl commands to insert debug cores into the design.
Command: place_design
Attempting to get a license for feature 'Implementation' and/or device 'xc7z020'
INFO: [Common 17-349] Got license for feature 'Implementation' and/or device 'xc7z020'
INFO: [DRC 23-27] Running DRC with 2 threads
INFO: [Vivado_Tcl 4-198] DRC finished with 0 Errors
INFO: [Vivado_Tcl 4-199] Please refer to the DRC report (report_drc) for more information.
Running DRC as a precondition to command place_design
INFO: [DRC 23-27] Running DRC with 2 threads
INFO: [Vivado_Tcl 4-198] DRC finished with 0 Errors
INFO: [Vivado_Tcl 4-199] Please refer to the DRC report (report_drc) for more information.

Starting Placer Task
INFO: [Place 30-611] Multithreading enabled for place_design using a maximum of 2 CPUs

Phase 1 Placer Initialization

Phase 1.1 Placer Initialization Netlist Sorting
Netlist sorting complete. Time (s): cpu = 00:00:00 ; elapsed = 00:00:00 . Memory (MB): peak = 1186.270 ; gain = 0.000
Phase 1.1 Placer Initialization Netlist Sorting | Checksum: ce9254e1

Time (s): cpu = 00:00:00 ; elapsed = 00:00:00.002 . Memory (MB): peak = 1186.270 ; gain = 0.000
Netlist sorting complete. Time (s): cpu = 00:00:00 ; elapsed = 00:00:00 . Memory (MB): peak = 1186.270 ; gain = 0.000

Phase 1.2 IO Placement/ Clock Placement/ Build Placer Device
INFO: [Timing 38-35] Done setting XDC timing constraints.
Phase 1.2 IO Placement/ Clock Placement/ Build Placer Device | Checksum: 14c68b139

Time (s): cpu = 00:00:01 ; elapsed = 00:00:00.680 . Memory (MB): peak = 1186.270 ; gain = 0.000

Phase 1.3 Build Placer Netlist Model
Phase 1.3 Build Placer Netlist Model | Checksum: 1fc4380ff

Time (s): cpu = 00:00:01 ; elapsed = 00:00:00.706 . Memory (MB): peak = 1186.270 ; gain = 0.000

Phase 1.4 Constrain Clocks/Macros
Phase 1.4 Constrain Clocks/Macros | Checksum: 1fc4380ff

Time (s): cpu = 00:00:01 ; elapsed = 00:00:00.708 . Memory (MB): peak = 1186.270 ; gain = 0.000
Phase 1 Placer Initialization | Checksum: 1fc4380ff

Time (s): cpu = 00:00:01 ; elapsed = 00:00:00.708 . Memory (MB): peak = 1186.270 ; gain = 0.000

Phase 2 Global Placement
Phase 2 Global Placement | Checksum: 1df16f1aa

Time (s): cpu = 00:00:02 ; elapsed = 00:00:01 . Memory (MB): peak = 1186.270 ; gain = 0.000

Phase 3 Detail Placement

Phase 3.1 Commit Multi Column Macros
Phase 3.1 Commit Multi Column Macros | Checksum: 1df16f1aa

Time (s): cpu = 00:00:02 ; elapsed = 00:00:01 . Memory (MB): peak = 1186.270 ; gain = 0.000

Phase 3.2 Commit Most Macros & LUTRAMs
Phase 3.2 Commit Most Macros & LUTRAMs | Checksum: 1ac5c3af4

Time (s): cpu = 00:00:02 ; elapsed = 00:00:01 . Memory (MB): peak = 1186.270 ; gain = 0.000

Phase 3.3 Area Swap Optimization
Phase 3.3 Area Swap Optimization | Checksum: 16e95a462

Time (s): cpu = 00:00:02 ; elapsed = 00:00:01 . Memory (MB): peak = 1186.270 ; gain = 0.000

Phase 3.4 Pipeline Register Optimization
Phase 3.4 Pipeline Register Optimization | Checksum: 16e95a462

Time (s): cpu = 00:00:02 ; elapsed = 00:00:01 . Memory (MB): peak = 1186.270 ; gain = 0.000

Phase 3.5 Small Shape Detail Placement
Phase 3.5 Small Shape Detail Placement | Checksum: 102f92fe3

Time (s): cpu = 00:00:02 ; elapsed = 00:00:01 . Memory (MB): peak = 1186.270 ; gain = 0.000

Phase 3.6 Re-assign LUT pins
Phase 3.6 Re-assign LUT pins | Checksum: 102f92fe3

Time (s): cpu = 00:00:02 ; elapsed = 00:00:01 . Memory (MB): peak = 1186.270 ; gain = 0.000

Phase 3.7 Pipeline Register Optimization
Phase 3.7 Pipeline Register Optimization | Checksum: 102f92fe3

Time (s): cpu = 00:00:02 ; elapsed = 00:00:01 . Memory (MB): peak = 1186.270 ; gain = 0.000
Phase 3 Detail Placement | Checksum: 102f92fe3

Time (s): cpu = 00:00:02 ; elapsed = 00:00:01 . Memory (MB): peak = 1186.270 ; gain = 0.000

Phase 4 Post Placement Optimization and Clean-Up

Phase 4.1 Post Commit Optimization
Phase 4.1 Post Commit Optimization | Checksum: 102f92fe3

Time (s): cpu = 00:00:02 ; elapsed = 00:00:01 . Memory (MB): peak = 1186.270 ; gain = 0.000

Phase 4.2 Post Placement Cleanup
Phase 4.2 Post Placement Cleanup | Checksum: 102f92fe3

Time (s): cpu = 00:00:02 ; elapsed = 00:00:01 . Memory (MB): peak = 1186.270 ; gain = 0.000

Phase 4.3 Placer Reporting
Phase 4.3 Placer Reporting | Checksum: 102f92fe3

Time (s): cpu = 00:00:02 ; elapsed = 00:00:01 . Memory (MB): peak = 1186.270 ; gain = 0.000

Phase 4.4 Final Placement Cleanup
Phase 4.4 Final Placement Cleanup | Checksum: fb17c887

Time (s): cpu = 00:00:02 ; elapsed = 00:00:01 . Memory (MB): peak = 1186.270 ; gain = 0.000
Phase 4 Post Placement Optimization and Clean-Up | Checksum: fb17c887

Time (s): cpu = 00:00:02 ; elapsed = 00:00:01 . Memory (MB): peak = 1186.270 ; gain = 0.000
Ending Placer Task | Checksum: e3bd2126

Time (s): cpu = 00:00:02 ; elapsed = 00:00:01 . Memory (MB): peak = 1186.270 ; gain = 0.000
INFO: [Common 17-83] Releasing license: Implementation
40 Infos, 0 Warnings, 0 Critical Warnings and 0 Errors encountered.
place_design completed successfully
Writing placer database...
Writing XDEF routing.
Writing XDEF routing logical nets.
Writing XDEF routing special nets.
Write XDEF Complete: Time (s): cpu = 00:00:00 ; elapsed = 00:00:00.046 . Memory (MB): peak = 1186.270 ; gain = 0.000
INFO: [Common 17-1381] The checkpoint 'F:/FPGA/EEPROM/EEPROM.runs/impl_1/i2c_eerom_top_placed.dcp' has been generated.
INFO: [runtcl-4] Executing : report_io -file i2c_eerom_top_io_placed.rpt
report_io: Time (s): cpu = 00:00:00 ; elapsed = 00:00:00.037 . Memory (MB): peak = 1186.270 ; gain = 0.000
INFO: [runtcl-4] Executing : report_utilization -file i2c_eerom_top_utilization_placed.rpt -pb i2c_eerom_top_utilization_placed.pb
report_utilization: Time (s): cpu = 00:00:00 ; elapsed = 00:00:00.030 . Memory (MB): peak = 1186.270 ; gain = 0.000
INFO: [runtcl-4] Executing : report_control_sets -verbose -file i2c_eerom_top_control_sets_placed.rpt
report_control_sets: Time (s): cpu = 00:00:00 ; elapsed = 00:00:00 . Memory (MB): peak = 1186.270 ; gain = 0.000
Command: route_design
Attempting to get a license for feature 'Implementation' and/or device 'xc7z020'
INFO: [Common 17-349] Got license for feature 'Implementation' and/or device 'xc7z020'
Running DRC as a precondition to command route_design
INFO: [DRC 23-27] Running DRC with 2 threads
INFO: [Vivado_Tcl 4-198] DRC finished with 0 Errors
INFO: [Vivado_Tcl 4-199] Please refer to the DRC report (report_drc) for more information.


Starting Routing Task
INFO: [Route 35-254] Multithreading enabled for route_design using a maximum of 2 CPUs
Checksum: PlaceDB: 47a8f367 ConstDB: 0 ShapeSum: 9c142dbf RouteDB: 0

Phase 1 Build RT Design
Phase 1 Build RT Design | Checksum: 92b60e9f

Time (s): cpu = 00:00:22 ; elapsed = 00:00:20 . Memory (MB): peak = 1320.273 ; gain = 134.004
Post Restoration Checksum: NetGraph: a2b59fe NumContArr: 888ab4a1 Constraints: 0 Timing: 0

Phase 2 Router Initialization
INFO: [Route 35-64] No timing constraints were detected. The router will operate in resource-optimization mode.

Phase 2.1 Fix Topology Constraints
Phase 2.1 Fix Topology Constraints | Checksum: 92b60e9f

Time (s): cpu = 00:00:22 ; elapsed = 00:00:20 . Memory (MB): peak = 1326.199 ; gain = 139.930

Phase 2.2 Pre Route Cleanup
Phase 2.2 Pre Route Cleanup | Checksum: 92b60e9f

Time (s): cpu = 00:00:22 ; elapsed = 00:00:20 . Memory (MB): peak = 1326.199 ; gain = 139.930
 Number of Nodes with overlaps = 0
Phase 2 Router Initialization | Checksum: 1662b3630

Time (s): cpu = 00:00:23 ; elapsed = 00:00:20 . Memory (MB): peak = 1336.480 ; gain = 150.211

Phase 3 Initial Routing
Phase 3 Initial Routing | Checksum: d6e99592

Time (s): cpu = 00:00:23 ; elapsed = 00:00:20 . Memory (MB): peak = 1336.480 ; gain = 150.211

Phase 4 Rip-up And Reroute

Phase 4.1 Global Iteration 0
 Number of Nodes with overlaps = 6
 Number of Nodes with overlaps = 0
Phase 4.1 Global Iteration 0 | Checksum: b6e689aa

Time (s): cpu = 00:00:23 ; elapsed = 00:00:20 . Memory (MB): peak = 1336.480 ; gain = 150.211
Phase 4 Rip-up And Reroute | Checksum: b6e689aa

Time (s): cpu = 00:00:23 ; elapsed = 00:00:20 . Memory (MB): peak = 1336.480 ; gain = 150.211

Phase 5 Delay and Skew Optimization
Phase 5 Delay and Skew Optimization | Checksum: b6e689aa

Time (s): cpu = 00:00:23 ; elapsed = 00:00:20 . Memory (MB): peak = 1336.480 ; gain = 150.211

Phase 6 Post Hold Fix

Phase 6.1 Hold Fix Iter
Phase 6.1 Hold Fix Iter | Checksum: b6e689aa

Time (s): cpu = 00:00:23 ; elapsed = 00:00:20 . Memory (MB): peak = 1336.480 ; gain = 150.211
Phase 6 Post Hold Fix | Checksum: b6e689aa

Time (s): cpu = 00:00:23 ; elapsed = 00:00:20 . Memory (MB): peak = 1336.480 ; gain = 150.211

Phase 7 Route finalize

Router Utilization Summary
  Global Vertical Routing Utilization    = 0.00797349 %
  Global Horizontal Routing Utilization  = 0.00447938 %
  Routable Net Status*
  *Does not include unroutable nets such as driverless and loadless.
  Run report_route_status for detailed report.
  Number of Failed Nets               = 0
  Number of Unrouted Nets             = 0
  Number of Partially Routed Nets     = 0
  Number of Node Overlaps             = 0

Utilization threshold used for congestion level computation: 0.85
Congestion Report
North Dir 1x1 Area, Max Cong = 9.90991%, No Congested Regions.
South Dir 1x1 Area, Max Cong = 10.8108%, No Congested Regions.
East Dir 1x1 Area, Max Cong = 11.7647%, No Congested Regions.
West Dir 1x1 Area, Max Cong = 8.82353%, No Congested Regions.
Phase 7 Route finalize | Checksum: b6e689aa

Time (s): cpu = 00:00:23 ; elapsed = 00:00:20 . Memory (MB): peak = 1336.480 ; gain = 150.211

Phase 8 Verifying routed nets

 Verification completed successfully
Phase 8 Verifying routed nets | Checksum: b6e689aa

Time (s): cpu = 00:00:23 ; elapsed = 00:00:20 . Memory (MB): peak = 1336.480 ; gain = 150.211

Phase 9 Depositing Routes
Phase 9 Depositing Routes | Checksum: 6d7eb7fc

Time (s): cpu = 00:00:23 ; elapsed = 00:00:20 . Memory (MB): peak = 1336.480 ; gain = 150.211
INFO: [Route 35-16] Router Completed Successfully

Time (s): cpu = 00:00:23 ; elapsed = 00:00:20 . Memory (MB): peak = 1336.480 ; gain = 150.211

Routing Is Done.
INFO: [Common 17-83] Releasing license: Implementation
52 Infos, 0 Warnings, 0 Critical Warnings and 0 Errors encountered.
route_design completed successfully
route_design: Time (s): cpu = 00:00:24 ; elapsed = 00:00:21 . Memory (MB): peak = 1336.480 ; gain = 150.211
Writing placer database...
Writing XDEF routing.
Writing XDEF routing logical nets.
Writing XDEF routing special nets.
Write XDEF Complete: Time (s): cpu = 00:00:00 ; elapsed = 00:00:00.041 . Memory (MB): peak = 1336.480 ; gain = 0.000
INFO: [Common 17-1381] The checkpoint 'F:/FPGA/EEPROM/EEPROM.runs/impl_1/i2c_eerom_top_routed.dcp' has been generated.
INFO: [runtcl-4] Executing : report_drc -file i2c_eerom_top_drc_routed.rpt -pb i2c_eerom_top_drc_routed.pb -rpx i2c_eerom_top_drc_routed.rpx
Command: report_drc -file i2c_eerom_top_drc_routed.rpt -pb i2c_eerom_top_drc_routed.pb -rpx i2c_eerom_top_drc_routed.rpx
INFO: [IP_Flow 19-1839] IP Catalog is up to date.
INFO: [DRC 23-27] Running DRC with 2 threads
INFO: [Coretcl 2-168] The results of DRC are in file F:/FPGA/EEPROM/EEPROM.runs/impl_1/i2c_eerom_top_drc_routed.rpt.
report_drc completed successfully
INFO: [runtcl-4] Executing : report_methodology -file i2c_eerom_top_methodology_drc_routed.rpt -pb i2c_eerom_top_methodology_drc_routed.pb -rpx i2c_eerom_top_methodology_drc_routed.rpx
Command: report_methodology -file i2c_eerom_top_methodology_drc_routed.rpt -pb i2c_eerom_top_methodology_drc_routed.pb -rpx i2c_eerom_top_methodology_drc_routed.rpx
INFO: [Timing 38-35] Done setting XDC timing constraints.
INFO: [Timing 38-35] Done setting XDC timing constraints.
INFO: [DRC 23-133] Running Methodology with 2 threads
INFO: [Coretcl 2-1520] The results of Report Methodology are in file F:/FPGA/EEPROM/EEPROM.runs/impl_1/i2c_eerom_top_methodology_drc_routed.rpt.
report_methodology completed successfully
INFO: [runtcl-4] Executing : report_power -file i2c_eerom_top_power_routed.rpt -pb i2c_eerom_top_power_summary_routed.pb -rpx i2c_eerom_top_power_routed.rpx
Command: report_power -file i2c_eerom_top_power_routed.rpt -pb i2c_eerom_top_power_summary_routed.pb -rpx i2c_eerom_top_power_routed.rpx
WARNING: [Power 33-232] No user defined clocks were found in the design!
Resolution: Please specify clocks using create_clock/create_generated_clock for sequential elements. For pure combinatorial circuits, please specify a virtual clock, otherwise the vectorless estimation might be inaccurate
INFO: [Timing 38-35] Done setting XDC timing constraints.
Running Vector-less Activity Propagation...

Finished Running Vector-less Activity Propagation
64 Infos, 1 Warnings, 0 Critical Warnings and 0 Errors encountered.
report_power completed successfully
INFO: [runtcl-4] Executing : report_route_status -file i2c_eerom_top_route_status.rpt -pb i2c_eerom_top_route_status.pb
INFO: [runtcl-4] Executing : report_timing_summary -max_paths 10 -file i2c_eerom_top_timing_summary_routed.rpt -rpx i2c_eerom_top_timing_summary_routed.rpx -warn_on_violation 
INFO: [Timing 38-91] UpdateTimingParams: Speed grade: -2, Delay Type: min_max.
INFO: [Timing 38-191] Multithreading enabled for timing update using a maximum of 2 CPUs
WARNING: [Timing 38-313] There are no user specified timing constraints. Timing constraints are needed for proper timing analysis.
INFO: [runtcl-4] Executing : report_incremental_reuse -file i2c_eerom_top_incremental_reuse_routed.rpt
INFO: [Vivado_Tcl 4-545] No incremental reuse to report, no incremental placement and routing data was found.
INFO: [runtcl-4] Executing : report_clock_utilization -file i2c_eerom_top_clock_utilization_routed.rpt
INFO: [Common 17-206] Exiting Vivado at Fri Nov 22 18:29:22 2024...

*** Running vivado
    with args -log i2c_eerom_top.vdi -applog -m64 -product Vivado -messageDb vivado.pb -mode batch -source i2c_eerom_top.tcl -notrace


****** Vivado v2017.4 (64-bit)
  **** SW Build 2086221 on Fri Dec 15 20:55:39 MST 2017
  **** IP Build 2085800 on Fri Dec 15 22:25:07 MST 2017
    ** Copyright 1986-2017 Xilinx, Inc. All Rights Reserved.

source i2c_eerom_top.tcl -notrace
Command: link_design -top i2c_eerom_top -part xc7z020clg400-2
Design is defaulting to srcset: sources_1
Design is defaulting to constrset: constrs_1
INFO: [Netlist 29-17] Analyzing 3 Unisim elements for replacement
INFO: [Netlist 29-28] Unisim Transformation completed in 0 CPU seconds
INFO: [Project 1-479] Netlist was created with Vivado 2017.4
INFO: [Device 21-403] Loading part xc7z020clg400-2
INFO: [Project 1-570] Preparing netlist for logic optimization
Parsing XDC File [F:/FPGA/EEPROM/EEPROM.srcs/constrs_1/new/i2c_eerom.xdc]
Finished Parsing XDC File [F:/FPGA/EEPROM/EEPROM.srcs/constrs_1/new/i2c_eerom.xdc]
INFO: [Opt 31-138] Pushed 0 inverter(s) to 0 load pin(s).
INFO: [Project 1-111] Unisim Transformation Summary:
  A total of 1 instances were transformed.
  IOBUF => IOBUF (IBUF, OBUFT): 1 instances

7 Infos, 0 Warnings, 0 Critical Warnings and 0 Errors encountered.
link_design completed successfully
link_design: Time (s): cpu = 00:00:06 ; elapsed = 00:00:06 . Memory (MB): peak = 617.742 ; gain = 335.445
Command: opt_design
Attempting to get a license for feature 'Implementation' and/or device 'xc7z020'
INFO: [Common 17-349] Got license for feature 'Implementation' and/or device 'xc7z020'
Running DRC as a precondition to command opt_design

Starting DRC Task
INFO: [DRC 23-27] Running DRC with 2 threads
INFO: [Project 1-461] DRC finished with 0 Errors
INFO: [Project 1-462] Please refer to the DRC report (report_drc) for more information.

Time (s): cpu = 00:00:00 ; elapsed = 00:00:00.350 . Memory (MB): peak = 631.680 ; gain = 13.938
INFO: [Timing 38-35] Done setting XDC timing constraints.

Starting Logic Optimization Task

Phase 1 Retarget
INFO: [Opt 31-138] Pushed 0 inverter(s) to 0 load pin(s).
INFO: [Opt 31-49] Retargeted 0 cell(s).
Phase 1 Retarget | Checksum: 1e23f30d9

Time (s): cpu = 00:00:00 ; elapsed = 00:00:00.007 . Memory (MB): peak = 1187.258 ; gain = 0.000
INFO: [Opt 31-389] Phase Retarget created 0 cells and removed 1 cells

Phase 2 Constant propagation
INFO: [Opt 31-138] Pushed 0 inverter(s) to 0 load pin(s).
Phase 2 Constant propagation | Checksum: 1e23f30d9

Time (s): cpu = 00:00:00 ; elapsed = 00:00:00.009 . Memory (MB): peak = 1187.258 ; gain = 0.000
INFO: [Opt 31-389] Phase Constant propagation created 0 cells and removed 0 cells

Phase 3 Sweep
Phase 3 Sweep | Checksum: 1e23f30d9

Time (s): cpu = 00:00:00 ; elapsed = 00:00:00.011 . Memory (MB): peak = 1187.258 ; gain = 0.000
INFO: [Opt 31-389] Phase Sweep created 0 cells and removed 0 cells

Phase 4 BUFG optimization
Phase 4 BUFG optimization | Checksum: 1e23f30d9

Time (s): cpu = 00:00:00 ; elapsed = 00:00:00.012 . Memory (MB): peak = 1187.258 ; gain = 0.000
INFO: [Opt 31-389] Phase BUFG optimization created 0 cells and removed 0 cells

Phase 5 Shift Register Optimization
Phase 5 Shift Register Optimization | Checksum: 1e23f30d9

Time (s): cpu = 00:00:00 ; elapsed = 00:00:00.013 . Memory (MB): peak = 1187.258 ; gain = 0.000
INFO: [Opt 31-389] Phase Shift Register Optimization created 0 cells and removed 0 cells

Starting Connectivity Check Task

Time (s): cpu = 00:00:00 ; elapsed = 00:00:00.001 . Memory (MB): peak = 1187.258 ; gain = 0.000
Ending Logic Optimization Task | Checksum: 1e23f30d9

Time (s): cpu = 00:00:00 ; elapsed = 00:00:00.014 . Memory (MB): peak = 1187.258 ; gain = 0.000

Starting Power Optimization Task
INFO: [Pwropt 34-132] Skipping clock gating for clocks with a period < 2.00 ns.
Ending Power Optimization Task | Checksum: 1e23f30d9

Time (s): cpu = 00:00:00 ; elapsed = 00:00:00.004 . Memory (MB): peak = 1187.258 ; gain = 0.000
INFO: [Common 17-83] Releasing license: Implementation
22 Infos, 0 Warnings, 0 Critical Warnings and 0 Errors encountered.
opt_design completed successfully
opt_design: Time (s): cpu = 00:00:08 ; elapsed = 00:00:08 . Memory (MB): peak = 1187.258 ; gain = 569.516
Writing placer database...
Writing XDEF routing.
Writing XDEF routing logical nets.
Writing XDEF routing special nets.
Write XDEF Complete: Time (s): cpu = 00:00:00 ; elapsed = 00:00:00.040 . Memory (MB): peak = 1187.258 ; gain = 0.000
INFO: [Common 17-1381] The checkpoint 'F:/FPGA/EEPROM/EEPROM.runs/impl_1/i2c_eerom_top_opt.dcp' has been generated.
INFO: [runtcl-4] Executing : report_drc -file i2c_eerom_top_drc_opted.rpt -pb i2c_eerom_top_drc_opted.pb -rpx i2c_eerom_top_drc_opted.rpx
Command: report_drc -file i2c_eerom_top_drc_opted.rpt -pb i2c_eerom_top_drc_opted.pb -rpx i2c_eerom_top_drc_opted.rpx
INFO: [IP_Flow 19-234] Refreshing IP repositories
INFO: [IP_Flow 19-1704] No user IP repositories specified
INFO: [IP_Flow 19-2313] Loaded Vivado IP repository 'E:/vivado/Vivado/2017.4/data/ip'.
INFO: [DRC 23-27] Running DRC with 2 threads
INFO: [Coretcl 2-168] The results of DRC are in file F:/FPGA/EEPROM/EEPROM.runs/impl_1/i2c_eerom_top_drc_opted.rpt.
report_drc completed successfully
INFO: [Chipscope 16-241] No debug cores found in the current design.
Before running the implement_debug_core command, either use the Set Up Debug wizard (GUI mode)
or use the create_debug_core and connect_debug_core Tcl commands to insert debug cores into the design.
Command: place_design
Attempting to get a license for feature 'Implementation' and/or device 'xc7z020'
INFO: [Common 17-349] Got license for feature 'Implementation' and/or device 'xc7z020'
INFO: [DRC 23-27] Running DRC with 2 threads
INFO: [Vivado_Tcl 4-198] DRC finished with 0 Errors
INFO: [Vivado_Tcl 4-199] Please refer to the DRC report (report_drc) for more information.
Running DRC as a precondition to command place_design
INFO: [DRC 23-27] Running DRC with 2 threads
INFO: [Vivado_Tcl 4-198] DRC finished with 0 Errors
INFO: [Vivado_Tcl 4-199] Please refer to the DRC report (report_drc) for more information.

Starting Placer Task
INFO: [Place 30-611] Multithreading enabled for place_design using a maximum of 2 CPUs

Phase 1 Placer Initialization

Phase 1.1 Placer Initialization Netlist Sorting
Netlist sorting complete. Time (s): cpu = 00:00:00 ; elapsed = 00:00:00 . Memory (MB): peak = 1187.258 ; gain = 0.000
Phase 1.1 Placer Initialization Netlist Sorting | Checksum: f8442713

Time (s): cpu = 00:00:00 ; elapsed = 00:00:00.002 . Memory (MB): peak = 1187.258 ; gain = 0.000
Netlist sorting complete. Time (s): cpu = 00:00:00 ; elapsed = 00:00:00.001 . Memory (MB): peak = 1187.258 ; gain = 0.000

Phase 1.2 IO Placement/ Clock Placement/ Build Placer Device
INFO: [Timing 38-35] Done setting XDC timing constraints.
Phase 1.2 IO Placement/ Clock Placement/ Build Placer Device | Checksum: 16d3c3e51

Time (s): cpu = 00:00:01 ; elapsed = 00:00:00.678 . Memory (MB): peak = 1187.258 ; gain = 0.000

Phase 1.3 Build Placer Netlist Model
Phase 1.3 Build Placer Netlist Model | Checksum: 1c5623d9d

Time (s): cpu = 00:00:01 ; elapsed = 00:00:00.710 . Memory (MB): peak = 1187.258 ; gain = 0.000

Phase 1.4 Constrain Clocks/Macros
Phase 1.4 Constrain Clocks/Macros | Checksum: 1c5623d9d

Time (s): cpu = 00:00:01 ; elapsed = 00:00:00.711 . Memory (MB): peak = 1187.258 ; gain = 0.000
Phase 1 Placer Initialization | Checksum: 1c5623d9d

Time (s): cpu = 00:00:01 ; elapsed = 00:00:00.712 . Memory (MB): peak = 1187.258 ; gain = 0.000

Phase 2 Global Placement
Phase 2 Global Placement | Checksum: 170157b4a

Time (s): cpu = 00:00:02 ; elapsed = 00:00:01 . Memory (MB): peak = 1187.258 ; gain = 0.000

Phase 3 Detail Placement

Phase 3.1 Commit Multi Column Macros
Phase 3.1 Commit Multi Column Macros | Checksum: 170157b4a

Time (s): cpu = 00:00:02 ; elapsed = 00:00:01 . Memory (MB): peak = 1187.258 ; gain = 0.000

Phase 3.2 Commit Most Macros & LUTRAMs
Phase 3.2 Commit Most Macros & LUTRAMs | Checksum: 24241ffc3

Time (s): cpu = 00:00:02 ; elapsed = 00:00:01 . Memory (MB): peak = 1187.258 ; gain = 0.000

Phase 3.3 Area Swap Optimization
Phase 3.3 Area Swap Optimization | Checksum: 18bb371a8

Time (s): cpu = 00:00:02 ; elapsed = 00:00:01 . Memory (MB): peak = 1187.258 ; gain = 0.000

Phase 3.4 Pipeline Register Optimization
Phase 3.4 Pipeline Register Optimization | Checksum: 18bb371a8

Time (s): cpu = 00:00:02 ; elapsed = 00:00:01 . Memory (MB): peak = 1187.258 ; gain = 0.000

Phase 3.5 Small Shape Detail Placement
Phase 3.5 Small Shape Detail Placement | Checksum: 18809fa3a

Time (s): cpu = 00:00:02 ; elapsed = 00:00:01 . Memory (MB): peak = 1187.258 ; gain = 0.000

Phase 3.6 Re-assign LUT pins
Phase 3.6 Re-assign LUT pins | Checksum: 18809fa3a

Time (s): cpu = 00:00:02 ; elapsed = 00:00:01 . Memory (MB): peak = 1187.258 ; gain = 0.000

Phase 3.7 Pipeline Register Optimization
Phase 3.7 Pipeline Register Optimization | Checksum: 18809fa3a

Time (s): cpu = 00:00:02 ; elapsed = 00:00:01 . Memory (MB): peak = 1187.258 ; gain = 0.000
Phase 3 Detail Placement | Checksum: 18809fa3a

Time (s): cpu = 00:00:02 ; elapsed = 00:00:01 . Memory (MB): peak = 1187.258 ; gain = 0.000

Phase 4 Post Placement Optimization and Clean-Up

Phase 4.1 Post Commit Optimization
Phase 4.1 Post Commit Optimization | Checksum: 18809fa3a

Time (s): cpu = 00:00:02 ; elapsed = 00:00:01 . Memory (MB): peak = 1187.258 ; gain = 0.000

Phase 4.2 Post Placement Cleanup
Phase 4.2 Post Placement Cleanup | Checksum: 18809fa3a

Time (s): cpu = 00:00:02 ; elapsed = 00:00:01 . Memory (MB): peak = 1187.258 ; gain = 0.000

Phase 4.3 Placer Reporting
Phase 4.3 Placer Reporting | Checksum: 18809fa3a

Time (s): cpu = 00:00:02 ; elapsed = 00:00:01 . Memory (MB): peak = 1187.258 ; gain = 0.000

Phase 4.4 Final Placement Cleanup
Phase 4.4 Final Placement Cleanup | Checksum: fd035276

Time (s): cpu = 00:00:02 ; elapsed = 00:00:01 . Memory (MB): peak = 1187.258 ; gain = 0.000
Phase 4 Post Placement Optimization and Clean-Up | Checksum: fd035276

Time (s): cpu = 00:00:02 ; elapsed = 00:00:01 . Memory (MB): peak = 1187.258 ; gain = 0.000
Ending Placer Task | Checksum: bee42e4e

Time (s): cpu = 00:00:02 ; elapsed = 00:00:01 . Memory (MB): peak = 1187.258 ; gain = 0.000
INFO: [Common 17-83] Releasing license: Implementation
40 Infos, 0 Warnings, 0 Critical Warnings and 0 Errors encountered.
place_design completed successfully
Writing placer database...
Writing XDEF routing.
Writing XDEF routing logical nets.
Writing XDEF routing special nets.
Write XDEF Complete: Time (s): cpu = 00:00:00 ; elapsed = 00:00:00.041 . Memory (MB): peak = 1187.258 ; gain = 0.000
INFO: [Common 17-1381] The checkpoint 'F:/FPGA/EEPROM/EEPROM.runs/impl_1/i2c_eerom_top_placed.dcp' has been generated.
INFO: [runtcl-4] Executing : report_io -file i2c_eerom_top_io_placed.rpt
report_io: Time (s): cpu = 00:00:00 ; elapsed = 00:00:00.035 . Memory (MB): peak = 1187.258 ; gain = 0.000
INFO: [runtcl-4] Executing : report_utilization -file i2c_eerom_top_utilization_placed.rpt -pb i2c_eerom_top_utilization_placed.pb
report_utilization: Time (s): cpu = 00:00:00 ; elapsed = 00:00:00.031 . Memory (MB): peak = 1187.258 ; gain = 0.000
INFO: [runtcl-4] Executing : report_control_sets -verbose -file i2c_eerom_top_control_sets_placed.rpt
report_control_sets: Time (s): cpu = 00:00:00 ; elapsed = 00:00:00.001 . Memory (MB): peak = 1187.258 ; gain = 0.000
Command: route_design
Attempting to get a license for feature 'Implementation' and/or device 'xc7z020'
INFO: [Common 17-349] Got license for feature 'Implementation' and/or device 'xc7z020'
Running DRC as a precondition to command route_design
INFO: [DRC 23-27] Running DRC with 2 threads
INFO: [Vivado_Tcl 4-198] DRC finished with 0 Errors
INFO: [Vivado_Tcl 4-199] Please refer to the DRC report (report_drc) for more information.


Starting Routing Task
INFO: [Route 35-254] Multithreading enabled for route_design using a maximum of 2 CPUs
Checksum: PlaceDB: 8521b3df ConstDB: 0 ShapeSum: 39c27a6f RouteDB: 0

Phase 1 Build RT Design
Phase 1 Build RT Design | Checksum: ae050661

Time (s): cpu = 00:00:23 ; elapsed = 00:00:21 . Memory (MB): peak = 1322.121 ; gain = 134.863
Post Restoration Checksum: NetGraph: 4b8dc0a4 NumContArr: 627745bd Constraints: 0 Timing: 0

Phase 2 Router Initialization
INFO: [Route 35-64] No timing constraints were detected. The router will operate in resource-optimization mode.

Phase 2.1 Fix Topology Constraints
Phase 2.1 Fix Topology Constraints | Checksum: ae050661

Time (s): cpu = 00:00:23 ; elapsed = 00:00:21 . Memory (MB): peak = 1328.352 ; gain = 141.094

Phase 2.2 Pre Route Cleanup
Phase 2.2 Pre Route Cleanup | Checksum: ae050661

Time (s): cpu = 00:00:23 ; elapsed = 00:00:21 . Memory (MB): peak = 1328.352 ; gain = 141.094
 Number of Nodes with overlaps = 0
Phase 2 Router Initialization | Checksum: 173a7d364

Time (s): cpu = 00:00:23 ; elapsed = 00:00:21 . Memory (MB): peak = 1338.695 ; gain = 151.438

Phase 3 Initial Routing
Phase 3 Initial Routing | Checksum: 1043c61a5

Time (s): cpu = 00:00:24 ; elapsed = 00:00:21 . Memory (MB): peak = 1338.695 ; gain = 151.438

Phase 4 Rip-up And Reroute

Phase 4.1 Global Iteration 0
 Number of Nodes with overlaps = 2
 Number of Nodes with overlaps = 0
Phase 4.1 Global Iteration 0 | Checksum: b22006ca

Time (s): cpu = 00:00:24 ; elapsed = 00:00:21 . Memory (MB): peak = 1338.695 ; gain = 151.438
Phase 4 Rip-up And Reroute | Checksum: b22006ca

Time (s): cpu = 00:00:24 ; elapsed = 00:00:21 . Memory (MB): peak = 1338.695 ; gain = 151.438

Phase 5 Delay and Skew Optimization
Phase 5 Delay and Skew Optimization | Checksum: b22006ca

Time (s): cpu = 00:00:24 ; elapsed = 00:00:21 . Memory (MB): peak = 1338.695 ; gain = 151.438

Phase 6 Post Hold Fix

Phase 6.1 Hold Fix Iter
Phase 6.1 Hold Fix Iter | Checksum: b22006ca

Time (s): cpu = 00:00:24 ; elapsed = 00:00:21 . Memory (MB): peak = 1338.695 ; gain = 151.438
Phase 6 Post Hold Fix | Checksum: b22006ca

Time (s): cpu = 00:00:24 ; elapsed = 00:00:21 . Memory (MB): peak = 1338.695 ; gain = 151.438

Phase 7 Route finalize

Router Utilization Summary
  Global Vertical Routing Utilization    = 0.0070933 %
  Global Horizontal Routing Utilization  = 0.00591616 %
  Routable Net Status*
  *Does not include unroutable nets such as driverless and loadless.
  Run report_route_status for detailed report.
  Number of Failed Nets               = 0
  Number of Unrouted Nets             = 0
  Number of Partially Routed Nets     = 0
  Number of Node Overlaps             = 0

Utilization threshold used for congestion level computation: 0.85
Congestion Report
North Dir 1x1 Area, Max Cong = 11.7117%, No Congested Regions.
South Dir 1x1 Area, Max Cong = 7.20721%, No Congested Regions.
East Dir 1x1 Area, Max Cong = 22.0588%, No Congested Regions.
West Dir 1x1 Area, Max Cong = 13.2353%, No Congested Regions.
Phase 7 Route finalize | Checksum: b22006ca

Time (s): cpu = 00:00:24 ; elapsed = 00:00:21 . Memory (MB): peak = 1338.695 ; gain = 151.438

Phase 8 Verifying routed nets

 Verification completed successfully
Phase 8 Verifying routed nets | Checksum: b22006ca

Time (s): cpu = 00:00:24 ; elapsed = 00:00:21 . Memory (MB): peak = 1338.695 ; gain = 151.438

Phase 9 Depositing Routes
Phase 9 Depositing Routes | Checksum: be275184

Time (s): cpu = 00:00:24 ; elapsed = 00:00:21 . Memory (MB): peak = 1338.695 ; gain = 151.438
INFO: [Route 35-16] Router Completed Successfully

Time (s): cpu = 00:00:24 ; elapsed = 00:00:21 . Memory (MB): peak = 1338.695 ; gain = 151.438

Routing Is Done.
INFO: [Common 17-83] Releasing license: Implementation
52 Infos, 0 Warnings, 0 Critical Warnings and 0 Errors encountered.
route_design completed successfully
route_design: Time (s): cpu = 00:00:25 ; elapsed = 00:00:21 . Memory (MB): peak = 1338.695 ; gain = 151.438
Writing placer database...
Writing XDEF routing.
Writing XDEF routing logical nets.
Writing XDEF routing special nets.
Write XDEF Complete: Time (s): cpu = 00:00:00 ; elapsed = 00:00:00.046 . Memory (MB): peak = 1338.695 ; gain = 0.000
INFO: [Common 17-1381] The checkpoint 'F:/FPGA/EEPROM/EEPROM.runs/impl_1/i2c_eerom_top_routed.dcp' has been generated.
INFO: [runtcl-4] Executing : report_drc -file i2c_eerom_top_drc_routed.rpt -pb i2c_eerom_top_drc_routed.pb -rpx i2c_eerom_top_drc_routed.rpx
Command: report_drc -file i2c_eerom_top_drc_routed.rpt -pb i2c_eerom_top_drc_routed.pb -rpx i2c_eerom_top_drc_routed.rpx
INFO: [IP_Flow 19-1839] IP Catalog is up to date.
INFO: [DRC 23-27] Running DRC with 2 threads
INFO: [Coretcl 2-168] The results of DRC are in file F:/FPGA/EEPROM/EEPROM.runs/impl_1/i2c_eerom_top_drc_routed.rpt.
report_drc completed successfully
INFO: [runtcl-4] Executing : report_methodology -file i2c_eerom_top_methodology_drc_routed.rpt -pb i2c_eerom_top_methodology_drc_routed.pb -rpx i2c_eerom_top_methodology_drc_routed.rpx
Command: report_methodology -file i2c_eerom_top_methodology_drc_routed.rpt -pb i2c_eerom_top_methodology_drc_routed.pb -rpx i2c_eerom_top_methodology_drc_routed.rpx
INFO: [Timing 38-35] Done setting XDC timing constraints.
INFO: [Timing 38-35] Done setting XDC timing constraints.
INFO: [DRC 23-133] Running Methodology with 2 threads
INFO: [Coretcl 2-1520] The results of Report Methodology are in file F:/FPGA/EEPROM/EEPROM.runs/impl_1/i2c_eerom_top_methodology_drc_routed.rpt.
report_methodology completed successfully
INFO: [runtcl-4] Executing : report_power -file i2c_eerom_top_power_routed.rpt -pb i2c_eerom_top_power_summary_routed.pb -rpx i2c_eerom_top_power_routed.rpx
Command: report_power -file i2c_eerom_top_power_routed.rpt -pb i2c_eerom_top_power_summary_routed.pb -rpx i2c_eerom_top_power_routed.rpx
WARNING: [Power 33-232] No user defined clocks were found in the design!
Resolution: Please specify clocks using create_clock/create_generated_clock for sequential elements. For pure combinatorial circuits, please specify a virtual clock, otherwise the vectorless estimation might be inaccurate
INFO: [Timing 38-35] Done setting XDC timing constraints.
Running Vector-less Activity Propagation...

Finished Running Vector-less Activity Propagation
64 Infos, 1 Warnings, 0 Critical Warnings and 0 Errors encountered.
report_power completed successfully
INFO: [runtcl-4] Executing : report_route_status -file i2c_eerom_top_route_status.rpt -pb i2c_eerom_top_route_status.pb
INFO: [runtcl-4] Executing : report_timing_summary -max_paths 10 -file i2c_eerom_top_timing_summary_routed.rpt -rpx i2c_eerom_top_timing_summary_routed.rpx -warn_on_violation 
INFO: [Timing 38-91] UpdateTimingParams: Speed grade: -2, Delay Type: min_max.
INFO: [Timing 38-191] Multithreading enabled for timing update using a maximum of 2 CPUs
WARNING: [Timing 38-313] There are no user specified timing constraints. Timing constraints are needed for proper timing analysis.
INFO: [runtcl-4] Executing : report_incremental_reuse -file i2c_eerom_top_incremental_reuse_routed.rpt
INFO: [Vivado_Tcl 4-545] No incremental reuse to report, no incremental placement and routing data was found.
INFO: [runtcl-4] Executing : report_clock_utilization -file i2c_eerom_top_clock_utilization_routed.rpt
INFO: [Common 17-206] Exiting Vivado at Fri Nov 22 18:33:17 2024...

*** Running vivado
    with args -log i2c_eerom_top.vdi -applog -m64 -product Vivado -messageDb vivado.pb -mode batch -source i2c_eerom_top.tcl -notrace


****** Vivado v2017.4 (64-bit)
  **** SW Build 2086221 on Fri Dec 15 20:55:39 MST 2017
  **** IP Build 2085800 on Fri Dec 15 22:25:07 MST 2017
    ** Copyright 1986-2017 Xilinx, Inc. All Rights Reserved.

source i2c_eerom_top.tcl -notrace
Command: link_design -top i2c_eerom_top -part xc7z020clg400-2
Design is defaulting to srcset: sources_1
Design is defaulting to constrset: constrs_1
INFO: [Netlist 29-17] Analyzing 3 Unisim elements for replacement
INFO: [Netlist 29-28] Unisim Transformation completed in 1 CPU seconds
INFO: [Project 1-479] Netlist was created with Vivado 2017.4
INFO: [Device 21-403] Loading part xc7z020clg400-2
INFO: [Project 1-570] Preparing netlist for logic optimization
Parsing XDC File [F:/FPGA/EEPROM/EEPROM.srcs/constrs_1/new/i2c_eerom.xdc]
Finished Parsing XDC File [F:/FPGA/EEPROM/EEPROM.srcs/constrs_1/new/i2c_eerom.xdc]
INFO: [Opt 31-138] Pushed 0 inverter(s) to 0 load pin(s).
INFO: [Project 1-111] Unisim Transformation Summary:
  A total of 1 instances were transformed.
  IOBUF => IOBUF (IBUF, OBUFT): 1 instances

7 Infos, 0 Warnings, 0 Critical Warnings and 0 Errors encountered.
link_design completed successfully
link_design: Time (s): cpu = 00:00:06 ; elapsed = 00:00:06 . Memory (MB): peak = 617.762 ; gain = 335.516
Command: opt_design
Attempting to get a license for feature 'Implementation' and/or device 'xc7z020'
INFO: [Common 17-349] Got license for feature 'Implementation' and/or device 'xc7z020'
Running DRC as a precondition to command opt_design

Starting DRC Task
INFO: [DRC 23-27] Running DRC with 2 threads
INFO: [Project 1-461] DRC finished with 0 Errors
INFO: [Project 1-462] Please refer to the DRC report (report_drc) for more information.

Time (s): cpu = 00:00:00 ; elapsed = 00:00:00.359 . Memory (MB): peak = 631.871 ; gain = 14.109
INFO: [Timing 38-35] Done setting XDC timing constraints.

Starting Logic Optimization Task

Phase 1 Retarget
INFO: [Opt 31-138] Pushed 0 inverter(s) to 0 load pin(s).
INFO: [Opt 31-49] Retargeted 0 cell(s).
Phase 1 Retarget | Checksum: 1799738e7

Time (s): cpu = 00:00:00 ; elapsed = 00:00:00.008 . Memory (MB): peak = 1187.730 ; gain = 0.000
INFO: [Opt 31-389] Phase Retarget created 0 cells and removed 1 cells

Phase 2 Constant propagation
INFO: [Opt 31-138] Pushed 0 inverter(s) to 0 load pin(s).
Phase 2 Constant propagation | Checksum: 1799738e7

Time (s): cpu = 00:00:00 ; elapsed = 00:00:00.010 . Memory (MB): peak = 1187.730 ; gain = 0.000
INFO: [Opt 31-389] Phase Constant propagation created 0 cells and removed 0 cells

Phase 3 Sweep
Phase 3 Sweep | Checksum: 1799738e7

Time (s): cpu = 00:00:00 ; elapsed = 00:00:00.012 . Memory (MB): peak = 1187.730 ; gain = 0.000
INFO: [Opt 31-389] Phase Sweep created 0 cells and removed 0 cells

Phase 4 BUFG optimization
Phase 4 BUFG optimization | Checksum: 1799738e7

Time (s): cpu = 00:00:00 ; elapsed = 00:00:00.013 . Memory (MB): peak = 1187.730 ; gain = 0.000
INFO: [Opt 31-389] Phase BUFG optimization created 0 cells and removed 0 cells

Phase 5 Shift Register Optimization
Phase 5 Shift Register Optimization | Checksum: 1799738e7

Time (s): cpu = 00:00:00 ; elapsed = 00:00:00.014 . Memory (MB): peak = 1187.730 ; gain = 0.000
INFO: [Opt 31-389] Phase Shift Register Optimization created 0 cells and removed 0 cells

Starting Connectivity Check Task

Time (s): cpu = 00:00:00 ; elapsed = 00:00:00.001 . Memory (MB): peak = 1187.730 ; gain = 0.000
Ending Logic Optimization Task | Checksum: 1799738e7

Time (s): cpu = 00:00:00 ; elapsed = 00:00:00.015 . Memory (MB): peak = 1187.730 ; gain = 0.000

Starting Power Optimization Task
INFO: [Pwropt 34-132] Skipping clock gating for clocks with a period < 2.00 ns.
Ending Power Optimization Task | Checksum: 1799738e7

Time (s): cpu = 00:00:00 ; elapsed = 00:00:00.005 . Memory (MB): peak = 1187.730 ; gain = 0.000
INFO: [Common 17-83] Releasing license: Implementation
22 Infos, 0 Warnings, 0 Critical Warnings and 0 Errors encountered.
opt_design completed successfully
opt_design: Time (s): cpu = 00:00:08 ; elapsed = 00:00:08 . Memory (MB): peak = 1187.730 ; gain = 569.969
Writing placer database...
Writing XDEF routing.
Writing XDEF routing logical nets.
Writing XDEF routing special nets.
Write XDEF Complete: Time (s): cpu = 00:00:00 ; elapsed = 00:00:00.041 . Memory (MB): peak = 1187.730 ; gain = 0.000
INFO: [Common 17-1381] The checkpoint 'F:/FPGA/EEPROM/EEPROM.runs/impl_1/i2c_eerom_top_opt.dcp' has been generated.
INFO: [runtcl-4] Executing : report_drc -file i2c_eerom_top_drc_opted.rpt -pb i2c_eerom_top_drc_opted.pb -rpx i2c_eerom_top_drc_opted.rpx
Command: report_drc -file i2c_eerom_top_drc_opted.rpt -pb i2c_eerom_top_drc_opted.pb -rpx i2c_eerom_top_drc_opted.rpx
INFO: [IP_Flow 19-234] Refreshing IP repositories
INFO: [IP_Flow 19-1704] No user IP repositories specified
INFO: [IP_Flow 19-2313] Loaded Vivado IP repository 'E:/vivado/Vivado/2017.4/data/ip'.
INFO: [DRC 23-27] Running DRC with 2 threads
INFO: [Coretcl 2-168] The results of DRC are in file F:/FPGA/EEPROM/EEPROM.runs/impl_1/i2c_eerom_top_drc_opted.rpt.
report_drc completed successfully
INFO: [Chipscope 16-241] No debug cores found in the current design.
Before running the implement_debug_core command, either use the Set Up Debug wizard (GUI mode)
or use the create_debug_core and connect_debug_core Tcl commands to insert debug cores into the design.
Command: place_design
Attempting to get a license for feature 'Implementation' and/or device 'xc7z020'
INFO: [Common 17-349] Got license for feature 'Implementation' and/or device 'xc7z020'
INFO: [DRC 23-27] Running DRC with 2 threads
INFO: [Vivado_Tcl 4-198] DRC finished with 0 Errors
INFO: [Vivado_Tcl 4-199] Please refer to the DRC report (report_drc) for more information.
Running DRC as a precondition to command place_design
INFO: [DRC 23-27] Running DRC with 2 threads
INFO: [Vivado_Tcl 4-198] DRC finished with 0 Errors
INFO: [Vivado_Tcl 4-199] Please refer to the DRC report (report_drc) for more information.

Starting Placer Task
INFO: [Place 30-611] Multithreading enabled for place_design using a maximum of 2 CPUs

Phase 1 Placer Initialization

Phase 1.1 Placer Initialization Netlist Sorting
Netlist sorting complete. Time (s): cpu = 00:00:00 ; elapsed = 00:00:00 . Memory (MB): peak = 1187.730 ; gain = 0.000
Phase 1.1 Placer Initialization Netlist Sorting | Checksum: ce9254e1

Time (s): cpu = 00:00:00 ; elapsed = 00:00:00.003 . Memory (MB): peak = 1187.730 ; gain = 0.000
Netlist sorting complete. Time (s): cpu = 00:00:00 ; elapsed = 00:00:00 . Memory (MB): peak = 1187.730 ; gain = 0.000

Phase 1.2 IO Placement/ Clock Placement/ Build Placer Device
INFO: [Timing 38-35] Done setting XDC timing constraints.
Phase 1.2 IO Placement/ Clock Placement/ Build Placer Device | Checksum: 14c68b139

Time (s): cpu = 00:00:01 ; elapsed = 00:00:00.686 . Memory (MB): peak = 1187.730 ; gain = 0.000

Phase 1.3 Build Placer Netlist Model
Phase 1.3 Build Placer Netlist Model | Checksum: 1fc4380ff

Time (s): cpu = 00:00:01 ; elapsed = 00:00:00.712 . Memory (MB): peak = 1187.730 ; gain = 0.000

Phase 1.4 Constrain Clocks/Macros
Phase 1.4 Constrain Clocks/Macros | Checksum: 1fc4380ff

Time (s): cpu = 00:00:01 ; elapsed = 00:00:00.714 . Memory (MB): peak = 1187.730 ; gain = 0.000
Phase 1 Placer Initialization | Checksum: 1fc4380ff

Time (s): cpu = 00:00:01 ; elapsed = 00:00:00.714 . Memory (MB): peak = 1187.730 ; gain = 0.000

Phase 2 Global Placement
Phase 2 Global Placement | Checksum: 1adc3a103

Time (s): cpu = 00:00:02 ; elapsed = 00:00:01 . Memory (MB): peak = 1187.730 ; gain = 0.000

Phase 3 Detail Placement

Phase 3.1 Commit Multi Column Macros
Phase 3.1 Commit Multi Column Macros | Checksum: 1adc3a103

Time (s): cpu = 00:00:02 ; elapsed = 00:00:01 . Memory (MB): peak = 1187.730 ; gain = 0.000

Phase 3.2 Commit Most Macros & LUTRAMs
Phase 3.2 Commit Most Macros & LUTRAMs | Checksum: 174453a0e

Time (s): cpu = 00:00:02 ; elapsed = 00:00:01 . Memory (MB): peak = 1187.730 ; gain = 0.000

Phase 3.3 Area Swap Optimization
Phase 3.3 Area Swap Optimization | Checksum: 1ebd6aefc

Time (s): cpu = 00:00:02 ; elapsed = 00:00:01 . Memory (MB): peak = 1187.730 ; gain = 0.000

Phase 3.4 Pipeline Register Optimization
Phase 3.4 Pipeline Register Optimization | Checksum: 1ebd6aefc

Time (s): cpu = 00:00:02 ; elapsed = 00:00:01 . Memory (MB): peak = 1187.730 ; gain = 0.000

Phase 3.5 Small Shape Detail Placement
Phase 3.5 Small Shape Detail Placement | Checksum: 1af9e479a

Time (s): cpu = 00:00:02 ; elapsed = 00:00:01 . Memory (MB): peak = 1187.730 ; gain = 0.000

Phase 3.6 Re-assign LUT pins
Phase 3.6 Re-assign LUT pins | Checksum: 1af9e479a

Time (s): cpu = 00:00:02 ; elapsed = 00:00:01 . Memory (MB): peak = 1187.730 ; gain = 0.000

Phase 3.7 Pipeline Register Optimization
Phase 3.7 Pipeline Register Optimization | Checksum: 1af9e479a

Time (s): cpu = 00:00:02 ; elapsed = 00:00:01 . Memory (MB): peak = 1187.730 ; gain = 0.000
Phase 3 Detail Placement | Checksum: 1af9e479a

Time (s): cpu = 00:00:02 ; elapsed = 00:00:01 . Memory (MB): peak = 1187.730 ; gain = 0.000

Phase 4 Post Placement Optimization and Clean-Up

Phase 4.1 Post Commit Optimization
Phase 4.1 Post Commit Optimization | Checksum: 1af9e479a

Time (s): cpu = 00:00:02 ; elapsed = 00:00:01 . Memory (MB): peak = 1187.730 ; gain = 0.000

Phase 4.2 Post Placement Cleanup
Phase 4.2 Post Placement Cleanup | Checksum: 1af9e479a

Time (s): cpu = 00:00:02 ; elapsed = 00:00:01 . Memory (MB): peak = 1187.730 ; gain = 0.000

Phase 4.3 Placer Reporting
Phase 4.3 Placer Reporting | Checksum: 1af9e479a

Time (s): cpu = 00:00:02 ; elapsed = 00:00:01 . Memory (MB): peak = 1187.730 ; gain = 0.000

Phase 4.4 Final Placement Cleanup
Phase 4.4 Final Placement Cleanup | Checksum: 1a7bce03e

Time (s): cpu = 00:00:02 ; elapsed = 00:00:01 . Memory (MB): peak = 1187.730 ; gain = 0.000
Phase 4 Post Placement Optimization and Clean-Up | Checksum: 1a7bce03e

Time (s): cpu = 00:00:02 ; elapsed = 00:00:01 . Memory (MB): peak = 1187.730 ; gain = 0.000
Ending Placer Task | Checksum: e626f495

Time (s): cpu = 00:00:02 ; elapsed = 00:00:01 . Memory (MB): peak = 1187.730 ; gain = 0.000
INFO: [Common 17-83] Releasing license: Implementation
40 Infos, 0 Warnings, 0 Critical Warnings and 0 Errors encountered.
place_design completed successfully
Writing placer database...
Writing XDEF routing.
Writing XDEF routing logical nets.
Writing XDEF routing special nets.
Write XDEF Complete: Time (s): cpu = 00:00:00 ; elapsed = 00:00:00.045 . Memory (MB): peak = 1187.730 ; gain = 0.000
INFO: [Common 17-1381] The checkpoint 'F:/FPGA/EEPROM/EEPROM.runs/impl_1/i2c_eerom_top_placed.dcp' has been generated.
INFO: [runtcl-4] Executing : report_io -file i2c_eerom_top_io_placed.rpt
report_io: Time (s): cpu = 00:00:00 ; elapsed = 00:00:00.036 . Memory (MB): peak = 1187.730 ; gain = 0.000
INFO: [runtcl-4] Executing : report_utilization -file i2c_eerom_top_utilization_placed.rpt -pb i2c_eerom_top_utilization_placed.pb
report_utilization: Time (s): cpu = 00:00:00 ; elapsed = 00:00:00.029 . Memory (MB): peak = 1187.730 ; gain = 0.000
INFO: [runtcl-4] Executing : report_control_sets -verbose -file i2c_eerom_top_control_sets_placed.rpt
report_control_sets: Time (s): cpu = 00:00:00 ; elapsed = 00:00:00.001 . Memory (MB): peak = 1187.730 ; gain = 0.000
Command: route_design
Attempting to get a license for feature 'Implementation' and/or device 'xc7z020'
INFO: [Common 17-349] Got license for feature 'Implementation' and/or device 'xc7z020'
Running DRC as a precondition to command route_design
INFO: [DRC 23-27] Running DRC with 2 threads
INFO: [Vivado_Tcl 4-198] DRC finished with 0 Errors
INFO: [Vivado_Tcl 4-199] Please refer to the DRC report (report_drc) for more information.


Starting Routing Task
INFO: [Route 35-254] Multithreading enabled for route_design using a maximum of 2 CPUs
Checksum: PlaceDB: 4a12c6d6 ConstDB: 0 ShapeSum: 9c142dbf RouteDB: 0

Phase 1 Build RT Design
Phase 1 Build RT Design | Checksum: 9aa64c5a

Time (s): cpu = 00:00:22 ; elapsed = 00:00:20 . Memory (MB): peak = 1323.340 ; gain = 135.609
Post Restoration Checksum: NetGraph: 978e679e NumContArr: 317e4bc Constraints: 0 Timing: 0

Phase 2 Router Initialization
INFO: [Route 35-64] No timing constraints were detected. The router will operate in resource-optimization mode.

Phase 2.1 Fix Topology Constraints
Phase 2.1 Fix Topology Constraints | Checksum: 9aa64c5a

Time (s): cpu = 00:00:22 ; elapsed = 00:00:20 . Memory (MB): peak = 1329.980 ; gain = 142.250

Phase 2.2 Pre Route Cleanup
Phase 2.2 Pre Route Cleanup | Checksum: 9aa64c5a

Time (s): cpu = 00:00:22 ; elapsed = 00:00:20 . Memory (MB): peak = 1329.980 ; gain = 142.250
 Number of Nodes with overlaps = 0
Phase 2 Router Initialization | Checksum: 143d61218

Time (s): cpu = 00:00:23 ; elapsed = 00:00:20 . Memory (MB): peak = 1339.625 ; gain = 151.895

Phase 3 Initial Routing
Phase 3 Initial Routing | Checksum: 1859ad0b6

Time (s): cpu = 00:00:23 ; elapsed = 00:00:20 . Memory (MB): peak = 1339.625 ; gain = 151.895

Phase 4 Rip-up And Reroute

Phase 4.1 Global Iteration 0
 Number of Nodes with overlaps = 8
 Number of Nodes with overlaps = 0
Phase 4.1 Global Iteration 0 | Checksum: 1282efa8d

Time (s): cpu = 00:00:23 ; elapsed = 00:00:20 . Memory (MB): peak = 1339.625 ; gain = 151.895
Phase 4 Rip-up And Reroute | Checksum: 1282efa8d

Time (s): cpu = 00:00:23 ; elapsed = 00:00:20 . Memory (MB): peak = 1339.625 ; gain = 151.895

Phase 5 Delay and Skew Optimization
Phase 5 Delay and Skew Optimization | Checksum: 1282efa8d

Time (s): cpu = 00:00:23 ; elapsed = 00:00:20 . Memory (MB): peak = 1339.625 ; gain = 151.895

Phase 6 Post Hold Fix

Phase 6.1 Hold Fix Iter
Phase 6.1 Hold Fix Iter | Checksum: 1282efa8d

Time (s): cpu = 00:00:23 ; elapsed = 00:00:20 . Memory (MB): peak = 1339.625 ; gain = 151.895
Phase 6 Post Hold Fix | Checksum: 1282efa8d

Time (s): cpu = 00:00:23 ; elapsed = 00:00:20 . Memory (MB): peak = 1339.625 ; gain = 151.895

Phase 7 Route finalize

Router Utilization Summary
  Global Vertical Routing Utilization    = 0.00740396 %
  Global Horizontal Routing Utilization  = 0.00515551 %
  Routable Net Status*
  *Does not include unroutable nets such as driverless and loadless.
  Run report_route_status for detailed report.
  Number of Failed Nets               = 0
  Number of Unrouted Nets             = 0
  Number of Partially Routed Nets     = 0
  Number of Node Overlaps             = 0

Utilization threshold used for congestion level computation: 0.85
Congestion Report
North Dir 1x1 Area, Max Cong = 10.8108%, No Congested Regions.
South Dir 1x1 Area, Max Cong = 9.90991%, No Congested Regions.
East Dir 1x1 Area, Max Cong = 10.2941%, No Congested Regions.
West Dir 1x1 Area, Max Cong = 7.35294%, No Congested Regions.
Phase 7 Route finalize | Checksum: 1282efa8d

Time (s): cpu = 00:00:23 ; elapsed = 00:00:20 . Memory (MB): peak = 1339.625 ; gain = 151.895

Phase 8 Verifying routed nets

 Verification completed successfully
Phase 8 Verifying routed nets | Checksum: 1282efa8d

Time (s): cpu = 00:00:23 ; elapsed = 00:00:20 . Memory (MB): peak = 1339.625 ; gain = 151.895

Phase 9 Depositing Routes
Phase 9 Depositing Routes | Checksum: cd54f6ad

Time (s): cpu = 00:00:23 ; elapsed = 00:00:20 . Memory (MB): peak = 1339.625 ; gain = 151.895
INFO: [Route 35-16] Router Completed Successfully

Time (s): cpu = 00:00:23 ; elapsed = 00:00:20 . Memory (MB): peak = 1339.625 ; gain = 151.895

Routing Is Done.
INFO: [Common 17-83] Releasing license: Implementation
52 Infos, 0 Warnings, 0 Critical Warnings and 0 Errors encountered.
route_design completed successfully
route_design: Time (s): cpu = 00:00:24 ; elapsed = 00:00:21 . Memory (MB): peak = 1339.625 ; gain = 151.895
Writing placer database...
Writing XDEF routing.
Writing XDEF routing logical nets.
Writing XDEF routing special nets.
Write XDEF Complete: Time (s): cpu = 00:00:00 ; elapsed = 00:00:00.040 . Memory (MB): peak = 1339.625 ; gain = 0.000
INFO: [Common 17-1381] The checkpoint 'F:/FPGA/EEPROM/EEPROM.runs/impl_1/i2c_eerom_top_routed.dcp' has been generated.
INFO: [runtcl-4] Executing : report_drc -file i2c_eerom_top_drc_routed.rpt -pb i2c_eerom_top_drc_routed.pb -rpx i2c_eerom_top_drc_routed.rpx
Command: report_drc -file i2c_eerom_top_drc_routed.rpt -pb i2c_eerom_top_drc_routed.pb -rpx i2c_eerom_top_drc_routed.rpx
INFO: [IP_Flow 19-1839] IP Catalog is up to date.
INFO: [DRC 23-27] Running DRC with 2 threads
INFO: [Coretcl 2-168] The results of DRC are in file F:/FPGA/EEPROM/EEPROM.runs/impl_1/i2c_eerom_top_drc_routed.rpt.
report_drc completed successfully
INFO: [runtcl-4] Executing : report_methodology -file i2c_eerom_top_methodology_drc_routed.rpt -pb i2c_eerom_top_methodology_drc_routed.pb -rpx i2c_eerom_top_methodology_drc_routed.rpx
Command: report_methodology -file i2c_eerom_top_methodology_drc_routed.rpt -pb i2c_eerom_top_methodology_drc_routed.pb -rpx i2c_eerom_top_methodology_drc_routed.rpx
INFO: [Timing 38-35] Done setting XDC timing constraints.
INFO: [Timing 38-35] Done setting XDC timing constraints.
INFO: [DRC 23-133] Running Methodology with 2 threads
INFO: [Coretcl 2-1520] The results of Report Methodology are in file F:/FPGA/EEPROM/EEPROM.runs/impl_1/i2c_eerom_top_methodology_drc_routed.rpt.
report_methodology completed successfully
INFO: [runtcl-4] Executing : report_power -file i2c_eerom_top_power_routed.rpt -pb i2c_eerom_top_power_summary_routed.pb -rpx i2c_eerom_top_power_routed.rpx
Command: report_power -file i2c_eerom_top_power_routed.rpt -pb i2c_eerom_top_power_summary_routed.pb -rpx i2c_eerom_top_power_routed.rpx
WARNING: [Power 33-232] No user defined clocks were found in the design!
Resolution: Please specify clocks using create_clock/create_generated_clock for sequential elements. For pure combinatorial circuits, please specify a virtual clock, otherwise the vectorless estimation might be inaccurate
INFO: [Timing 38-35] Done setting XDC timing constraints.
Running Vector-less Activity Propagation...

Finished Running Vector-less Activity Propagation
64 Infos, 1 Warnings, 0 Critical Warnings and 0 Errors encountered.
report_power completed successfully
INFO: [runtcl-4] Executing : report_route_status -file i2c_eerom_top_route_status.rpt -pb i2c_eerom_top_route_status.pb
INFO: [runtcl-4] Executing : report_timing_summary -max_paths 10 -file i2c_eerom_top_timing_summary_routed.rpt -rpx i2c_eerom_top_timing_summary_routed.rpx -warn_on_violation 
INFO: [Timing 38-91] UpdateTimingParams: Speed grade: -2, Delay Type: min_max.
INFO: [Timing 38-191] Multithreading enabled for timing update using a maximum of 2 CPUs
WARNING: [Timing 38-313] There are no user specified timing constraints. Timing constraints are needed for proper timing analysis.
INFO: [runtcl-4] Executing : report_incremental_reuse -file i2c_eerom_top_incremental_reuse_routed.rpt
INFO: [Vivado_Tcl 4-545] No incremental reuse to report, no incremental placement and routing data was found.
INFO: [runtcl-4] Executing : report_clock_utilization -file i2c_eerom_top_clock_utilization_routed.rpt
INFO: [Common 17-206] Exiting Vivado at Fri Nov 22 18:35:48 2024...

*** Running vivado
    with args -log i2c_eerom_top.vdi -applog -m64 -product Vivado -messageDb vivado.pb -mode batch -source i2c_eerom_top.tcl -notrace


****** Vivado v2017.4 (64-bit)
  **** SW Build 2086221 on Fri Dec 15 20:55:39 MST 2017
  **** IP Build 2085800 on Fri Dec 15 22:25:07 MST 2017
    ** Copyright 1986-2017 Xilinx, Inc. All Rights Reserved.

source i2c_eerom_top.tcl -notrace
Command: link_design -top i2c_eerom_top -part xc7z020clg400-2
Design is defaulting to srcset: sources_1
Design is defaulting to constrset: constrs_1
INFO: [Netlist 29-17] Analyzing 3 Unisim elements for replacement
INFO: [Netlist 29-28] Unisim Transformation completed in 0 CPU seconds
INFO: [Project 1-479] Netlist was created with Vivado 2017.4
INFO: [Device 21-403] Loading part xc7z020clg400-2
INFO: [Project 1-570] Preparing netlist for logic optimization
Parsing XDC File [F:/FPGA/EEPROM/EEPROM.srcs/constrs_1/new/i2c_eerom.xdc]
Finished Parsing XDC File [F:/FPGA/EEPROM/EEPROM.srcs/constrs_1/new/i2c_eerom.xdc]
INFO: [Opt 31-138] Pushed 0 inverter(s) to 0 load pin(s).
INFO: [Project 1-111] Unisim Transformation Summary:
  A total of 1 instances were transformed.
  IOBUF => IOBUF (IBUF, OBUFT): 1 instances

7 Infos, 0 Warnings, 0 Critical Warnings and 0 Errors encountered.
link_design completed successfully
link_design: Time (s): cpu = 00:00:05 ; elapsed = 00:00:06 . Memory (MB): peak = 617.145 ; gain = 334.539
Command: opt_design
Attempting to get a license for feature 'Implementation' and/or device 'xc7z020'
INFO: [Common 17-349] Got license for feature 'Implementation' and/or device 'xc7z020'
Running DRC as a precondition to command opt_design

Starting DRC Task
INFO: [DRC 23-27] Running DRC with 2 threads
INFO: [Project 1-461] DRC finished with 0 Errors
INFO: [Project 1-462] Please refer to the DRC report (report_drc) for more information.

Time (s): cpu = 00:00:01 ; elapsed = 00:00:00.360 . Memory (MB): peak = 632.219 ; gain = 15.074
INFO: [Timing 38-35] Done setting XDC timing constraints.

Starting Logic Optimization Task

Phase 1 Retarget
INFO: [Opt 31-138] Pushed 0 inverter(s) to 0 load pin(s).
INFO: [Opt 31-49] Retargeted 0 cell(s).
Phase 1 Retarget | Checksum: 1c0b82e15

Time (s): cpu = 00:00:00 ; elapsed = 00:00:00.014 . Memory (MB): peak = 1186.953 ; gain = 0.000
INFO: [Opt 31-389] Phase Retarget created 0 cells and removed 1 cells

Phase 2 Constant propagation
INFO: [Opt 31-138] Pushed 0 inverter(s) to 0 load pin(s).
Phase 2 Constant propagation | Checksum: 1c0b82e15

Time (s): cpu = 00:00:00 ; elapsed = 00:00:00.016 . Memory (MB): peak = 1186.953 ; gain = 0.000
INFO: [Opt 31-389] Phase Constant propagation created 0 cells and removed 0 cells

Phase 3 Sweep
Phase 3 Sweep | Checksum: 1c0b82e15

Time (s): cpu = 00:00:00 ; elapsed = 00:00:00.017 . Memory (MB): peak = 1186.953 ; gain = 0.000
INFO: [Opt 31-389] Phase Sweep created 0 cells and removed 0 cells

Phase 4 BUFG optimization
Phase 4 BUFG optimization | Checksum: 1c0b82e15

Time (s): cpu = 00:00:00 ; elapsed = 00:00:00.019 . Memory (MB): peak = 1186.953 ; gain = 0.000
INFO: [Opt 31-389] Phase BUFG optimization created 0 cells and removed 0 cells

Phase 5 Shift Register Optimization
Phase 5 Shift Register Optimization | Checksum: 1c0b82e15

Time (s): cpu = 00:00:00 ; elapsed = 00:00:00.020 . Memory (MB): peak = 1186.953 ; gain = 0.000
INFO: [Opt 31-389] Phase Shift Register Optimization created 0 cells and removed 0 cells

Starting Connectivity Check Task

Time (s): cpu = 00:00:00 ; elapsed = 00:00:00.001 . Memory (MB): peak = 1186.953 ; gain = 0.000
Ending Logic Optimization Task | Checksum: 1c0b82e15

Time (s): cpu = 00:00:00 ; elapsed = 00:00:00.021 . Memory (MB): peak = 1186.953 ; gain = 0.000

Starting Power Optimization Task
INFO: [Pwropt 34-132] Skipping clock gating for clocks with a period < 2.00 ns.
Ending Power Optimization Task | Checksum: 1c0b82e15

Time (s): cpu = 00:00:00 ; elapsed = 00:00:00.005 . Memory (MB): peak = 1186.953 ; gain = 0.000
INFO: [Common 17-83] Releasing license: Implementation
22 Infos, 0 Warnings, 0 Critical Warnings and 0 Errors encountered.
opt_design completed successfully
opt_design: Time (s): cpu = 00:00:09 ; elapsed = 00:00:08 . Memory (MB): peak = 1186.953 ; gain = 569.809
Writing placer database...
Writing XDEF routing.
Writing XDEF routing logical nets.
Writing XDEF routing special nets.
Write XDEF Complete: Time (s): cpu = 00:00:00 ; elapsed = 00:00:00.036 . Memory (MB): peak = 1186.953 ; gain = 0.000
INFO: [Common 17-1381] The checkpoint 'F:/FPGA/EEPROM/EEPROM.runs/impl_1/i2c_eerom_top_opt.dcp' has been generated.
INFO: [runtcl-4] Executing : report_drc -file i2c_eerom_top_drc_opted.rpt -pb i2c_eerom_top_drc_opted.pb -rpx i2c_eerom_top_drc_opted.rpx
Command: report_drc -file i2c_eerom_top_drc_opted.rpt -pb i2c_eerom_top_drc_opted.pb -rpx i2c_eerom_top_drc_opted.rpx
INFO: [IP_Flow 19-234] Refreshing IP repositories
INFO: [IP_Flow 19-1704] No user IP repositories specified
INFO: [IP_Flow 19-2313] Loaded Vivado IP repository 'E:/vivado/Vivado/2017.4/data/ip'.
INFO: [DRC 23-27] Running DRC with 2 threads
INFO: [Coretcl 2-168] The results of DRC are in file F:/FPGA/EEPROM/EEPROM.runs/impl_1/i2c_eerom_top_drc_opted.rpt.
report_drc completed successfully
INFO: [Chipscope 16-241] No debug cores found in the current design.
Before running the implement_debug_core command, either use the Set Up Debug wizard (GUI mode)
or use the create_debug_core and connect_debug_core Tcl commands to insert debug cores into the design.
Command: place_design
Attempting to get a license for feature 'Implementation' and/or device 'xc7z020'
INFO: [Common 17-349] Got license for feature 'Implementation' and/or device 'xc7z020'
INFO: [DRC 23-27] Running DRC with 2 threads
INFO: [Vivado_Tcl 4-198] DRC finished with 0 Errors
INFO: [Vivado_Tcl 4-199] Please refer to the DRC report (report_drc) for more information.
Running DRC as a precondition to command place_design
INFO: [DRC 23-27] Running DRC with 2 threads
INFO: [Vivado_Tcl 4-198] DRC finished with 0 Errors
INFO: [Vivado_Tcl 4-199] Please refer to the DRC report (report_drc) for more information.

Starting Placer Task
INFO: [Place 30-611] Multithreading enabled for place_design using a maximum of 2 CPUs

Phase 1 Placer Initialization

Phase 1.1 Placer Initialization Netlist Sorting
Netlist sorting complete. Time (s): cpu = 00:00:00 ; elapsed = 00:00:00 . Memory (MB): peak = 1186.953 ; gain = 0.000
Phase 1.1 Placer Initialization Netlist Sorting | Checksum: 13826df5e

Time (s): cpu = 00:00:00 ; elapsed = 00:00:00.002 . Memory (MB): peak = 1186.953 ; gain = 0.000
Netlist sorting complete. Time (s): cpu = 00:00:00 ; elapsed = 00:00:00.001 . Memory (MB): peak = 1186.953 ; gain = 0.000

Phase 1.2 IO Placement/ Clock Placement/ Build Placer Device
INFO: [Timing 38-35] Done setting XDC timing constraints.
Phase 1.2 IO Placement/ Clock Placement/ Build Placer Device | Checksum: e4f4554c

Time (s): cpu = 00:00:01 ; elapsed = 00:00:00.689 . Memory (MB): peak = 1186.953 ; gain = 0.000

Phase 1.3 Build Placer Netlist Model
Phase 1.3 Build Placer Netlist Model | Checksum: 1ba6cd86f

Time (s): cpu = 00:00:01 ; elapsed = 00:00:00.715 . Memory (MB): peak = 1186.953 ; gain = 0.000

Phase 1.4 Constrain Clocks/Macros
Phase 1.4 Constrain Clocks/Macros | Checksum: 1ba6cd86f

Time (s): cpu = 00:00:01 ; elapsed = 00:00:00.716 . Memory (MB): peak = 1186.953 ; gain = 0.000
Phase 1 Placer Initialization | Checksum: 1ba6cd86f

Time (s): cpu = 00:00:01 ; elapsed = 00:00:00.717 . Memory (MB): peak = 1186.953 ; gain = 0.000

Phase 2 Global Placement
Phase 2 Global Placement | Checksum: fa42e689

Time (s): cpu = 00:00:02 ; elapsed = 00:00:01 . Memory (MB): peak = 1186.953 ; gain = 0.000

Phase 3 Detail Placement

Phase 3.1 Commit Multi Column Macros
Phase 3.1 Commit Multi Column Macros | Checksum: fa42e689

Time (s): cpu = 00:00:02 ; elapsed = 00:00:01 . Memory (MB): peak = 1186.953 ; gain = 0.000

Phase 3.2 Commit Most Macros & LUTRAMs
Phase 3.2 Commit Most Macros & LUTRAMs | Checksum: 150cf31a1

Time (s): cpu = 00:00:02 ; elapsed = 00:00:01 . Memory (MB): peak = 1186.953 ; gain = 0.000

Phase 3.3 Area Swap Optimization
Phase 3.3 Area Swap Optimization | Checksum: 1003b9e80

Time (s): cpu = 00:00:02 ; elapsed = 00:00:01 . Memory (MB): peak = 1186.953 ; gain = 0.000

Phase 3.4 Pipeline Register Optimization
Phase 3.4 Pipeline Register Optimization | Checksum: 1003b9e80

Time (s): cpu = 00:00:02 ; elapsed = 00:00:01 . Memory (MB): peak = 1186.953 ; gain = 0.000

Phase 3.5 Small Shape Detail Placement
Phase 3.5 Small Shape Detail Placement | Checksum: 10767648a

Time (s): cpu = 00:00:02 ; elapsed = 00:00:01 . Memory (MB): peak = 1186.953 ; gain = 0.000

Phase 3.6 Re-assign LUT pins
Phase 3.6 Re-assign LUT pins | Checksum: 10767648a

Time (s): cpu = 00:00:02 ; elapsed = 00:00:01 . Memory (MB): peak = 1186.953 ; gain = 0.000

Phase 3.7 Pipeline Register Optimization
Phase 3.7 Pipeline Register Optimization | Checksum: 10767648a

Time (s): cpu = 00:00:02 ; elapsed = 00:00:01 . Memory (MB): peak = 1186.953 ; gain = 0.000
Phase 3 Detail Placement | Checksum: 10767648a

Time (s): cpu = 00:00:02 ; elapsed = 00:00:01 . Memory (MB): peak = 1186.953 ; gain = 0.000

Phase 4 Post Placement Optimization and Clean-Up

Phase 4.1 Post Commit Optimization
Phase 4.1 Post Commit Optimization | Checksum: 10767648a

Time (s): cpu = 00:00:02 ; elapsed = 00:00:01 . Memory (MB): peak = 1186.953 ; gain = 0.000

Phase 4.2 Post Placement Cleanup
Phase 4.2 Post Placement Cleanup | Checksum: 10767648a

Time (s): cpu = 00:00:02 ; elapsed = 00:00:01 . Memory (MB): peak = 1186.953 ; gain = 0.000

Phase 4.3 Placer Reporting
Phase 4.3 Placer Reporting | Checksum: 10767648a

Time (s): cpu = 00:00:02 ; elapsed = 00:00:01 . Memory (MB): peak = 1186.953 ; gain = 0.000

Phase 4.4 Final Placement Cleanup
Phase 4.4 Final Placement Cleanup | Checksum: 128936b86

Time (s): cpu = 00:00:02 ; elapsed = 00:00:01 . Memory (MB): peak = 1186.953 ; gain = 0.000
Phase 4 Post Placement Optimization and Clean-Up | Checksum: 128936b86

Time (s): cpu = 00:00:02 ; elapsed = 00:00:01 . Memory (MB): peak = 1186.953 ; gain = 0.000
Ending Placer Task | Checksum: a336aede

Time (s): cpu = 00:00:02 ; elapsed = 00:00:01 . Memory (MB): peak = 1186.953 ; gain = 0.000
INFO: [Common 17-83] Releasing license: Implementation
40 Infos, 0 Warnings, 0 Critical Warnings and 0 Errors encountered.
place_design completed successfully
Writing placer database...
Writing XDEF routing.
Writing XDEF routing logical nets.
Writing XDEF routing special nets.
Write XDEF Complete: Time (s): cpu = 00:00:00 ; elapsed = 00:00:00.046 . Memory (MB): peak = 1186.953 ; gain = 0.000
INFO: [Common 17-1381] The checkpoint 'F:/FPGA/EEPROM/EEPROM.runs/impl_1/i2c_eerom_top_placed.dcp' has been generated.
INFO: [runtcl-4] Executing : report_io -file i2c_eerom_top_io_placed.rpt
report_io: Time (s): cpu = 00:00:00 ; elapsed = 00:00:00.035 . Memory (MB): peak = 1186.953 ; gain = 0.000
INFO: [runtcl-4] Executing : report_utilization -file i2c_eerom_top_utilization_placed.rpt -pb i2c_eerom_top_utilization_placed.pb
report_utilization: Time (s): cpu = 00:00:00 ; elapsed = 00:00:00.029 . Memory (MB): peak = 1186.953 ; gain = 0.000
INFO: [runtcl-4] Executing : report_control_sets -verbose -file i2c_eerom_top_control_sets_placed.rpt
report_control_sets: Time (s): cpu = 00:00:00 ; elapsed = 00:00:00.001 . Memory (MB): peak = 1186.953 ; gain = 0.000
Command: route_design
Attempting to get a license for feature 'Implementation' and/or device 'xc7z020'
INFO: [Common 17-349] Got license for feature 'Implementation' and/or device 'xc7z020'
Running DRC as a precondition to command route_design
INFO: [DRC 23-27] Running DRC with 2 threads
INFO: [Vivado_Tcl 4-198] DRC finished with 0 Errors
INFO: [Vivado_Tcl 4-199] Please refer to the DRC report (report_drc) for more information.


Starting Routing Task
INFO: [Route 35-254] Multithreading enabled for route_design using a maximum of 2 CPUs
Checksum: PlaceDB: 45896eb4 ConstDB: 0 ShapeSum: 5dad402a RouteDB: 0

Phase 1 Build RT Design
Phase 1 Build RT Design | Checksum: 1566cab35

Time (s): cpu = 00:00:22 ; elapsed = 00:00:19 . Memory (MB): peak = 1317.984 ; gain = 131.031
Post Restoration Checksum: NetGraph: f45b97c8 NumContArr: 6211136d Constraints: 0 Timing: 0

Phase 2 Router Initialization
INFO: [Route 35-64] No timing constraints were detected. The router will operate in resource-optimization mode.

Phase 2.1 Fix Topology Constraints
Phase 2.1 Fix Topology Constraints | Checksum: 1566cab35

Time (s): cpu = 00:00:22 ; elapsed = 00:00:19 . Memory (MB): peak = 1324.441 ; gain = 137.488

Phase 2.2 Pre Route Cleanup
Phase 2.2 Pre Route Cleanup | Checksum: 1566cab35

Time (s): cpu = 00:00:22 ; elapsed = 00:00:19 . Memory (MB): peak = 1324.441 ; gain = 137.488
 Number of Nodes with overlaps = 0
Phase 2 Router Initialization | Checksum: 4b92d6a5

Time (s): cpu = 00:00:22 ; elapsed = 00:00:20 . Memory (MB): peak = 1333.973 ; gain = 147.020

Phase 3 Initial Routing
Phase 3 Initial Routing | Checksum: 18a2bc20c

Time (s): cpu = 00:00:22 ; elapsed = 00:00:20 . Memory (MB): peak = 1333.973 ; gain = 147.020

Phase 4 Rip-up And Reroute

Phase 4.1 Global Iteration 0
 Number of Nodes with overlaps = 7
 Number of Nodes with overlaps = 0
Phase 4.1 Global Iteration 0 | Checksum: e3e7506a

Time (s): cpu = 00:00:22 ; elapsed = 00:00:20 . Memory (MB): peak = 1333.973 ; gain = 147.020
Phase 4 Rip-up And Reroute | Checksum: e3e7506a

Time (s): cpu = 00:00:22 ; elapsed = 00:00:20 . Memory (MB): peak = 1333.973 ; gain = 147.020

Phase 5 Delay and Skew Optimization
Phase 5 Delay and Skew Optimization | Checksum: e3e7506a

Time (s): cpu = 00:00:22 ; elapsed = 00:00:20 . Memory (MB): peak = 1333.973 ; gain = 147.020

Phase 6 Post Hold Fix

Phase 6.1 Hold Fix Iter
Phase 6.1 Hold Fix Iter | Checksum: e3e7506a

Time (s): cpu = 00:00:22 ; elapsed = 00:00:20 . Memory (MB): peak = 1333.973 ; gain = 147.020
Phase 6 Post Hold Fix | Checksum: e3e7506a

Time (s): cpu = 00:00:22 ; elapsed = 00:00:20 . Memory (MB): peak = 1333.973 ; gain = 147.020

Phase 7 Route finalize

Router Utilization Summary
  Global Vertical Routing Utilization    = 0.00792172 %
  Global Horizontal Routing Utilization  = 0.00524003 %
  Routable Net Status*
  *Does not include unroutable nets such as driverless and loadless.
  Run report_route_status for detailed report.
  Number of Failed Nets               = 0
  Number of Unrouted Nets             = 0
  Number of Partially Routed Nets     = 0
  Number of Node Overlaps             = 0

Utilization threshold used for congestion level computation: 0.85
Congestion Report
North Dir 1x1 Area, Max Cong = 12.6126%, No Congested Regions.
South Dir 1x1 Area, Max Cong = 9.90991%, No Congested Regions.
East Dir 1x1 Area, Max Cong = 14.7059%, No Congested Regions.
West Dir 1x1 Area, Max Cong = 11.7647%, No Congested Regions.
Phase 7 Route finalize | Checksum: e3e7506a

Time (s): cpu = 00:00:22 ; elapsed = 00:00:20 . Memory (MB): peak = 1333.973 ; gain = 147.020

Phase 8 Verifying routed nets

 Verification completed successfully
Phase 8 Verifying routed nets | Checksum: e3e7506a

Time (s): cpu = 00:00:22 ; elapsed = 00:00:20 . Memory (MB): peak = 1333.973 ; gain = 147.020

Phase 9 Depositing Routes
Phase 9 Depositing Routes | Checksum: 14c7c91f0

Time (s): cpu = 00:00:22 ; elapsed = 00:00:20 . Memory (MB): peak = 1333.973 ; gain = 147.020
INFO: [Route 35-16] Router Completed Successfully

Time (s): cpu = 00:00:22 ; elapsed = 00:00:20 . Memory (MB): peak = 1333.973 ; gain = 147.020

Routing Is Done.
INFO: [Common 17-83] Releasing license: Implementation
52 Infos, 0 Warnings, 0 Critical Warnings and 0 Errors encountered.
route_design completed successfully
route_design: Time (s): cpu = 00:00:23 ; elapsed = 00:00:20 . Memory (MB): peak = 1333.973 ; gain = 147.020
Writing placer database...
Writing XDEF routing.
Writing XDEF routing logical nets.
Writing XDEF routing special nets.
Write XDEF Complete: Time (s): cpu = 00:00:00 ; elapsed = 00:00:00.047 . Memory (MB): peak = 1333.973 ; gain = 0.000
INFO: [Common 17-1381] The checkpoint 'F:/FPGA/EEPROM/EEPROM.runs/impl_1/i2c_eerom_top_routed.dcp' has been generated.
INFO: [runtcl-4] Executing : report_drc -file i2c_eerom_top_drc_routed.rpt -pb i2c_eerom_top_drc_routed.pb -rpx i2c_eerom_top_drc_routed.rpx
Command: report_drc -file i2c_eerom_top_drc_routed.rpt -pb i2c_eerom_top_drc_routed.pb -rpx i2c_eerom_top_drc_routed.rpx
INFO: [IP_Flow 19-1839] IP Catalog is up to date.
INFO: [DRC 23-27] Running DRC with 2 threads
INFO: [Coretcl 2-168] The results of DRC are in file F:/FPGA/EEPROM/EEPROM.runs/impl_1/i2c_eerom_top_drc_routed.rpt.
report_drc completed successfully
INFO: [runtcl-4] Executing : report_methodology -file i2c_eerom_top_methodology_drc_routed.rpt -pb i2c_eerom_top_methodology_drc_routed.pb -rpx i2c_eerom_top_methodology_drc_routed.rpx
Command: report_methodology -file i2c_eerom_top_methodology_drc_routed.rpt -pb i2c_eerom_top_methodology_drc_routed.pb -rpx i2c_eerom_top_methodology_drc_routed.rpx
INFO: [Timing 38-35] Done setting XDC timing constraints.
INFO: [Timing 38-35] Done setting XDC timing constraints.
INFO: [DRC 23-133] Running Methodology with 2 threads
INFO: [Coretcl 2-1520] The results of Report Methodology are in file F:/FPGA/EEPROM/EEPROM.runs/impl_1/i2c_eerom_top_methodology_drc_routed.rpt.
report_methodology completed successfully
INFO: [runtcl-4] Executing : report_power -file i2c_eerom_top_power_routed.rpt -pb i2c_eerom_top_power_summary_routed.pb -rpx i2c_eerom_top_power_routed.rpx
Command: report_power -file i2c_eerom_top_power_routed.rpt -pb i2c_eerom_top_power_summary_routed.pb -rpx i2c_eerom_top_power_routed.rpx
WARNING: [Power 33-232] No user defined clocks were found in the design!
Resolution: Please specify clocks using create_clock/create_generated_clock for sequential elements. For pure combinatorial circuits, please specify a virtual clock, otherwise the vectorless estimation might be inaccurate
INFO: [Timing 38-35] Done setting XDC timing constraints.
Running Vector-less Activity Propagation...

Finished Running Vector-less Activity Propagation
64 Infos, 1 Warnings, 0 Critical Warnings and 0 Errors encountered.
report_power completed successfully
INFO: [runtcl-4] Executing : report_route_status -file i2c_eerom_top_route_status.rpt -pb i2c_eerom_top_route_status.pb
INFO: [runtcl-4] Executing : report_timing_summary -max_paths 10 -file i2c_eerom_top_timing_summary_routed.rpt -rpx i2c_eerom_top_timing_summary_routed.rpx -warn_on_violation 
INFO: [Timing 38-91] UpdateTimingParams: Speed grade: -2, Delay Type: min_max.
INFO: [Timing 38-191] Multithreading enabled for timing update using a maximum of 2 CPUs
WARNING: [Timing 38-313] There are no user specified timing constraints. Timing constraints are needed for proper timing analysis.
INFO: [runtcl-4] Executing : report_incremental_reuse -file i2c_eerom_top_incremental_reuse_routed.rpt
INFO: [Vivado_Tcl 4-545] No incremental reuse to report, no incremental placement and routing data was found.
INFO: [runtcl-4] Executing : report_clock_utilization -file i2c_eerom_top_clock_utilization_routed.rpt
INFO: [Common 17-206] Exiting Vivado at Fri Nov 22 18:55:22 2024...

*** Running vivado
    with args -log i2c_eerom_top.vdi -applog -m64 -product Vivado -messageDb vivado.pb -mode batch -source i2c_eerom_top.tcl -notrace


****** Vivado v2017.4 (64-bit)
  **** SW Build 2086221 on Fri Dec 15 20:55:39 MST 2017
  **** IP Build 2085800 on Fri Dec 15 22:25:07 MST 2017
    ** Copyright 1986-2017 Xilinx, Inc. All Rights Reserved.

source i2c_eerom_top.tcl -notrace
Command: link_design -top i2c_eerom_top -part xc7z020clg400-2
Design is defaulting to srcset: sources_1
Design is defaulting to constrset: constrs_1
INFO: [Netlist 29-17] Analyzing 3 Unisim elements for replacement
INFO: [Netlist 29-28] Unisim Transformation completed in 0 CPU seconds
INFO: [Project 1-479] Netlist was created with Vivado 2017.4
INFO: [Device 21-403] Loading part xc7z020clg400-2
INFO: [Project 1-570] Preparing netlist for logic optimization
Parsing XDC File [F:/FPGA/EEPROM/EEPROM.srcs/constrs_1/new/i2c_eerom.xdc]
Finished Parsing XDC File [F:/FPGA/EEPROM/EEPROM.srcs/constrs_1/new/i2c_eerom.xdc]
INFO: [Opt 31-138] Pushed 0 inverter(s) to 0 load pin(s).
INFO: [Project 1-111] Unisim Transformation Summary:
  A total of 1 instances were transformed.
  IOBUF => IOBUF (IBUF, OBUFT): 1 instances

7 Infos, 0 Warnings, 0 Critical Warnings and 0 Errors encountered.
link_design completed successfully
link_design: Time (s): cpu = 00:00:06 ; elapsed = 00:00:06 . Memory (MB): peak = 617.688 ; gain = 335.156
Command: opt_design
Attempting to get a license for feature 'Implementation' and/or device 'xc7z020'
INFO: [Common 17-349] Got license for feature 'Implementation' and/or device 'xc7z020'
Running DRC as a precondition to command opt_design

Starting DRC Task
INFO: [DRC 23-27] Running DRC with 2 threads
INFO: [Project 1-461] DRC finished with 0 Errors
INFO: [Project 1-462] Please refer to the DRC report (report_drc) for more information.

Time (s): cpu = 00:00:01 ; elapsed = 00:00:00.352 . Memory (MB): peak = 631.770 ; gain = 14.082
INFO: [Timing 38-35] Done setting XDC timing constraints.

Starting Logic Optimization Task

Phase 1 Retarget
INFO: [Opt 31-138] Pushed 0 inverter(s) to 0 load pin(s).
INFO: [Opt 31-49] Retargeted 0 cell(s).
Phase 1 Retarget | Checksum: 1e23f30d9

Time (s): cpu = 00:00:00 ; elapsed = 00:00:00.007 . Memory (MB): peak = 1187.605 ; gain = 0.000
INFO: [Opt 31-389] Phase Retarget created 0 cells and removed 1 cells

Phase 2 Constant propagation
INFO: [Opt 31-138] Pushed 0 inverter(s) to 0 load pin(s).
Phase 2 Constant propagation | Checksum: 1e23f30d9

Time (s): cpu = 00:00:00 ; elapsed = 00:00:00.009 . Memory (MB): peak = 1187.605 ; gain = 0.000
INFO: [Opt 31-389] Phase Constant propagation created 0 cells and removed 0 cells

Phase 3 Sweep
Phase 3 Sweep | Checksum: 1e23f30d9

Time (s): cpu = 00:00:00 ; elapsed = 00:00:00.011 . Memory (MB): peak = 1187.605 ; gain = 0.000
INFO: [Opt 31-389] Phase Sweep created 0 cells and removed 0 cells

Phase 4 BUFG optimization
Phase 4 BUFG optimization | Checksum: 1e23f30d9

Time (s): cpu = 00:00:00 ; elapsed = 00:00:00.012 . Memory (MB): peak = 1187.605 ; gain = 0.000
INFO: [Opt 31-389] Phase BUFG optimization created 0 cells and removed 0 cells

Phase 5 Shift Register Optimization
Phase 5 Shift Register Optimization | Checksum: 1e23f30d9

Time (s): cpu = 00:00:00 ; elapsed = 00:00:00.013 . Memory (MB): peak = 1187.605 ; gain = 0.000
INFO: [Opt 31-389] Phase Shift Register Optimization created 0 cells and removed 0 cells

Starting Connectivity Check Task

Time (s): cpu = 00:00:00 ; elapsed = 00:00:00.001 . Memory (MB): peak = 1187.605 ; gain = 0.000
Ending Logic Optimization Task | Checksum: 1e23f30d9

Time (s): cpu = 00:00:00 ; elapsed = 00:00:00.015 . Memory (MB): peak = 1187.605 ; gain = 0.000

Starting Power Optimization Task
INFO: [Pwropt 34-132] Skipping clock gating for clocks with a period < 2.00 ns.
Ending Power Optimization Task | Checksum: 1e23f30d9

Time (s): cpu = 00:00:00 ; elapsed = 00:00:00.005 . Memory (MB): peak = 1187.605 ; gain = 0.000
INFO: [Common 17-83] Releasing license: Implementation
22 Infos, 0 Warnings, 0 Critical Warnings and 0 Errors encountered.
opt_design completed successfully
opt_design: Time (s): cpu = 00:00:09 ; elapsed = 00:00:09 . Memory (MB): peak = 1187.605 ; gain = 569.918
Writing placer database...
Writing XDEF routing.
Writing XDEF routing logical nets.
Writing XDEF routing special nets.
Write XDEF Complete: Time (s): cpu = 00:00:00 ; elapsed = 00:00:00.043 . Memory (MB): peak = 1187.605 ; gain = 0.000
INFO: [Common 17-1381] The checkpoint 'F:/FPGA/EEPROM/EEPROM.runs/impl_1/i2c_eerom_top_opt.dcp' has been generated.
INFO: [runtcl-4] Executing : report_drc -file i2c_eerom_top_drc_opted.rpt -pb i2c_eerom_top_drc_opted.pb -rpx i2c_eerom_top_drc_opted.rpx
Command: report_drc -file i2c_eerom_top_drc_opted.rpt -pb i2c_eerom_top_drc_opted.pb -rpx i2c_eerom_top_drc_opted.rpx
INFO: [IP_Flow 19-234] Refreshing IP repositories
INFO: [IP_Flow 19-1704] No user IP repositories specified
INFO: [IP_Flow 19-2313] Loaded Vivado IP repository 'E:/vivado/Vivado/2017.4/data/ip'.
INFO: [DRC 23-27] Running DRC with 2 threads
INFO: [Coretcl 2-168] The results of DRC are in file F:/FPGA/EEPROM/EEPROM.runs/impl_1/i2c_eerom_top_drc_opted.rpt.
report_drc completed successfully
INFO: [Chipscope 16-241] No debug cores found in the current design.
Before running the implement_debug_core command, either use the Set Up Debug wizard (GUI mode)
or use the create_debug_core and connect_debug_core Tcl commands to insert debug cores into the design.
Command: place_design
Attempting to get a license for feature 'Implementation' and/or device 'xc7z020'
INFO: [Common 17-349] Got license for feature 'Implementation' and/or device 'xc7z020'
INFO: [DRC 23-27] Running DRC with 2 threads
INFO: [Vivado_Tcl 4-198] DRC finished with 0 Errors
INFO: [Vivado_Tcl 4-199] Please refer to the DRC report (report_drc) for more information.
Running DRC as a precondition to command place_design
INFO: [DRC 23-27] Running DRC with 2 threads
INFO: [Vivado_Tcl 4-198] DRC finished with 0 Errors
INFO: [Vivado_Tcl 4-199] Please refer to the DRC report (report_drc) for more information.

Starting Placer Task
INFO: [Place 30-611] Multithreading enabled for place_design using a maximum of 2 CPUs

Phase 1 Placer Initialization

Phase 1.1 Placer Initialization Netlist Sorting
Netlist sorting complete. Time (s): cpu = 00:00:00 ; elapsed = 00:00:00 . Memory (MB): peak = 1187.605 ; gain = 0.000
Phase 1.1 Placer Initialization Netlist Sorting | Checksum: f8442713

Time (s): cpu = 00:00:00 ; elapsed = 00:00:00.003 . Memory (MB): peak = 1187.605 ; gain = 0.000
Netlist sorting complete. Time (s): cpu = 00:00:00 ; elapsed = 00:00:00 . Memory (MB): peak = 1187.605 ; gain = 0.000

Phase 1.2 IO Placement/ Clock Placement/ Build Placer Device
INFO: [Timing 38-35] Done setting XDC timing constraints.
Phase 1.2 IO Placement/ Clock Placement/ Build Placer Device | Checksum: 16d3c3e51

Time (s): cpu = 00:00:01 ; elapsed = 00:00:00.659 . Memory (MB): peak = 1187.605 ; gain = 0.000

Phase 1.3 Build Placer Netlist Model
Phase 1.3 Build Placer Netlist Model | Checksum: 1c5623d9d

Time (s): cpu = 00:00:01 ; elapsed = 00:00:00.687 . Memory (MB): peak = 1187.605 ; gain = 0.000

Phase 1.4 Constrain Clocks/Macros
Phase 1.4 Constrain Clocks/Macros | Checksum: 1c5623d9d

Time (s): cpu = 00:00:01 ; elapsed = 00:00:00.688 . Memory (MB): peak = 1187.605 ; gain = 0.000
Phase 1 Placer Initialization | Checksum: 1c5623d9d

Time (s): cpu = 00:00:01 ; elapsed = 00:00:00.688 . Memory (MB): peak = 1187.605 ; gain = 0.000

Phase 2 Global Placement
Phase 2 Global Placement | Checksum: 170157b4a

Time (s): cpu = 00:00:02 ; elapsed = 00:00:01 . Memory (MB): peak = 1187.605 ; gain = 0.000

Phase 3 Detail Placement

Phase 3.1 Commit Multi Column Macros
Phase 3.1 Commit Multi Column Macros | Checksum: 170157b4a

Time (s): cpu = 00:00:02 ; elapsed = 00:00:01 . Memory (MB): peak = 1187.605 ; gain = 0.000

Phase 3.2 Commit Most Macros & LUTRAMs
Phase 3.2 Commit Most Macros & LUTRAMs | Checksum: 24241ffc3

Time (s): cpu = 00:00:02 ; elapsed = 00:00:01 . Memory (MB): peak = 1187.605 ; gain = 0.000

Phase 3.3 Area Swap Optimization
Phase 3.3 Area Swap Optimization | Checksum: 18bb371a8

Time (s): cpu = 00:00:02 ; elapsed = 00:00:01 . Memory (MB): peak = 1187.605 ; gain = 0.000

Phase 3.4 Pipeline Register Optimization
Phase 3.4 Pipeline Register Optimization | Checksum: 18bb371a8

Time (s): cpu = 00:00:02 ; elapsed = 00:00:01 . Memory (MB): peak = 1187.605 ; gain = 0.000

Phase 3.5 Small Shape Detail Placement
Phase 3.5 Small Shape Detail Placement | Checksum: 18809fa3a

Time (s): cpu = 00:00:02 ; elapsed = 00:00:01 . Memory (MB): peak = 1187.605 ; gain = 0.000

Phase 3.6 Re-assign LUT pins
Phase 3.6 Re-assign LUT pins | Checksum: 18809fa3a

Time (s): cpu = 00:00:02 ; elapsed = 00:00:01 . Memory (MB): peak = 1187.605 ; gain = 0.000

Phase 3.7 Pipeline Register Optimization
Phase 3.7 Pipeline Register Optimization | Checksum: 18809fa3a

Time (s): cpu = 00:00:02 ; elapsed = 00:00:01 . Memory (MB): peak = 1187.605 ; gain = 0.000
Phase 3 Detail Placement | Checksum: 18809fa3a

Time (s): cpu = 00:00:02 ; elapsed = 00:00:01 . Memory (MB): peak = 1187.605 ; gain = 0.000

Phase 4 Post Placement Optimization and Clean-Up

Phase 4.1 Post Commit Optimization
Phase 4.1 Post Commit Optimization | Checksum: 18809fa3a

Time (s): cpu = 00:00:02 ; elapsed = 00:00:01 . Memory (MB): peak = 1187.605 ; gain = 0.000

Phase 4.2 Post Placement Cleanup
Phase 4.2 Post Placement Cleanup | Checksum: 18809fa3a

Time (s): cpu = 00:00:02 ; elapsed = 00:00:01 . Memory (MB): peak = 1187.605 ; gain = 0.000

Phase 4.3 Placer Reporting
Phase 4.3 Placer Reporting | Checksum: 18809fa3a

Time (s): cpu = 00:00:02 ; elapsed = 00:00:01 . Memory (MB): peak = 1187.605 ; gain = 0.000

Phase 4.4 Final Placement Cleanup
Phase 4.4 Final Placement Cleanup | Checksum: fd035276

Time (s): cpu = 00:00:02 ; elapsed = 00:00:01 . Memory (MB): peak = 1187.605 ; gain = 0.000
Phase 4 Post Placement Optimization and Clean-Up | Checksum: fd035276

Time (s): cpu = 00:00:02 ; elapsed = 00:00:01 . Memory (MB): peak = 1187.605 ; gain = 0.000
Ending Placer Task | Checksum: bee42e4e

Time (s): cpu = 00:00:02 ; elapsed = 00:00:01 . Memory (MB): peak = 1187.605 ; gain = 0.000
INFO: [Common 17-83] Releasing license: Implementation
40 Infos, 0 Warnings, 0 Critical Warnings and 0 Errors encountered.
place_design completed successfully
Writing placer database...
Writing XDEF routing.
Writing XDEF routing logical nets.
Writing XDEF routing special nets.
Write XDEF Complete: Time (s): cpu = 00:00:00 ; elapsed = 00:00:00.045 . Memory (MB): peak = 1187.605 ; gain = 0.000
INFO: [Common 17-1381] The checkpoint 'F:/FPGA/EEPROM/EEPROM.runs/impl_1/i2c_eerom_top_placed.dcp' has been generated.
INFO: [runtcl-4] Executing : report_io -file i2c_eerom_top_io_placed.rpt
report_io: Time (s): cpu = 00:00:00 ; elapsed = 00:00:00.037 . Memory (MB): peak = 1187.605 ; gain = 0.000
INFO: [runtcl-4] Executing : report_utilization -file i2c_eerom_top_utilization_placed.rpt -pb i2c_eerom_top_utilization_placed.pb
report_utilization: Time (s): cpu = 00:00:00 ; elapsed = 00:00:00.029 . Memory (MB): peak = 1187.605 ; gain = 0.000
INFO: [runtcl-4] Executing : report_control_sets -verbose -file i2c_eerom_top_control_sets_placed.rpt
report_control_sets: Time (s): cpu = 00:00:00 ; elapsed = 00:00:00.001 . Memory (MB): peak = 1187.605 ; gain = 0.000
Command: route_design
Attempting to get a license for feature 'Implementation' and/or device 'xc7z020'
INFO: [Common 17-349] Got license for feature 'Implementation' and/or device 'xc7z020'
Running DRC as a precondition to command route_design
INFO: [DRC 23-27] Running DRC with 2 threads
INFO: [Vivado_Tcl 4-198] DRC finished with 0 Errors
INFO: [Vivado_Tcl 4-199] Please refer to the DRC report (report_drc) for more information.


Starting Routing Task
INFO: [Route 35-254] Multithreading enabled for route_design using a maximum of 2 CPUs
Checksum: PlaceDB: 8521b3df ConstDB: 0 ShapeSum: 39c27a6f RouteDB: 0

Phase 1 Build RT Design
Phase 1 Build RT Design | Checksum: ae050661

Time (s): cpu = 00:00:23 ; elapsed = 00:00:20 . Memory (MB): peak = 1321.164 ; gain = 133.559
Post Restoration Checksum: NetGraph: 4b8dc0a4 NumContArr: 627745bd Constraints: 0 Timing: 0

Phase 2 Router Initialization
INFO: [Route 35-64] No timing constraints were detected. The router will operate in resource-optimization mode.

Phase 2.1 Fix Topology Constraints
Phase 2.1 Fix Topology Constraints | Checksum: ae050661

Time (s): cpu = 00:00:23 ; elapsed = 00:00:20 . Memory (MB): peak = 1327.035 ; gain = 139.430

Phase 2.2 Pre Route Cleanup
Phase 2.2 Pre Route Cleanup | Checksum: ae050661

Time (s): cpu = 00:00:23 ; elapsed = 00:00:20 . Memory (MB): peak = 1327.035 ; gain = 139.430
 Number of Nodes with overlaps = 0
Phase 2 Router Initialization | Checksum: 173a7d364

Time (s): cpu = 00:00:23 ; elapsed = 00:00:20 . Memory (MB): peak = 1336.668 ; gain = 149.062

Phase 3 Initial Routing
Phase 3 Initial Routing | Checksum: 1043c61a5

Time (s): cpu = 00:00:23 ; elapsed = 00:00:20 . Memory (MB): peak = 1336.668 ; gain = 149.062

Phase 4 Rip-up And Reroute

Phase 4.1 Global Iteration 0
 Number of Nodes with overlaps = 2
 Number of Nodes with overlaps = 0
Phase 4.1 Global Iteration 0 | Checksum: b22006ca

Time (s): cpu = 00:00:23 ; elapsed = 00:00:20 . Memory (MB): peak = 1336.668 ; gain = 149.062
Phase 4 Rip-up And Reroute | Checksum: b22006ca

Time (s): cpu = 00:00:23 ; elapsed = 00:00:20 . Memory (MB): peak = 1336.668 ; gain = 149.062

Phase 5 Delay and Skew Optimization
Phase 5 Delay and Skew Optimization | Checksum: b22006ca

Time (s): cpu = 00:00:23 ; elapsed = 00:00:20 . Memory (MB): peak = 1336.668 ; gain = 149.062

Phase 6 Post Hold Fix

Phase 6.1 Hold Fix Iter
Phase 6.1 Hold Fix Iter | Checksum: b22006ca

Time (s): cpu = 00:00:23 ; elapsed = 00:00:20 . Memory (MB): peak = 1336.668 ; gain = 149.062
Phase 6 Post Hold Fix | Checksum: b22006ca

Time (s): cpu = 00:00:23 ; elapsed = 00:00:20 . Memory (MB): peak = 1336.668 ; gain = 149.062

Phase 7 Route finalize

Router Utilization Summary
  Global Vertical Routing Utilization    = 0.0070933 %
  Global Horizontal Routing Utilization  = 0.00591616 %
  Routable Net Status*
  *Does not include unroutable nets such as driverless and loadless.
  Run report_route_status for detailed report.
  Number of Failed Nets               = 0
  Number of Unrouted Nets             = 0
  Number of Partially Routed Nets     = 0
  Number of Node Overlaps             = 0

Utilization threshold used for congestion level computation: 0.85
Congestion Report
North Dir 1x1 Area, Max Cong = 11.7117%, No Congested Regions.
South Dir 1x1 Area, Max Cong = 7.20721%, No Congested Regions.
East Dir 1x1 Area, Max Cong = 22.0588%, No Congested Regions.
West Dir 1x1 Area, Max Cong = 13.2353%, No Congested Regions.
Phase 7 Route finalize | Checksum: b22006ca

Time (s): cpu = 00:00:23 ; elapsed = 00:00:21 . Memory (MB): peak = 1336.668 ; gain = 149.062

Phase 8 Verifying routed nets

 Verification completed successfully
Phase 8 Verifying routed nets | Checksum: b22006ca

Time (s): cpu = 00:00:23 ; elapsed = 00:00:21 . Memory (MB): peak = 1336.668 ; gain = 149.062

Phase 9 Depositing Routes
Phase 9 Depositing Routes | Checksum: be275184

Time (s): cpu = 00:00:23 ; elapsed = 00:00:21 . Memory (MB): peak = 1336.668 ; gain = 149.062
INFO: [Route 35-16] Router Completed Successfully

Time (s): cpu = 00:00:23 ; elapsed = 00:00:21 . Memory (MB): peak = 1336.668 ; gain = 149.062

Routing Is Done.
INFO: [Common 17-83] Releasing license: Implementation
52 Infos, 0 Warnings, 0 Critical Warnings and 0 Errors encountered.
route_design completed successfully
route_design: Time (s): cpu = 00:00:24 ; elapsed = 00:00:21 . Memory (MB): peak = 1336.668 ; gain = 149.062
Writing placer database...
Writing XDEF routing.
Writing XDEF routing logical nets.
Writing XDEF routing special nets.
Write XDEF Complete: Time (s): cpu = 00:00:00 ; elapsed = 00:00:00.051 . Memory (MB): peak = 1336.668 ; gain = 0.000
INFO: [Common 17-1381] The checkpoint 'F:/FPGA/EEPROM/EEPROM.runs/impl_1/i2c_eerom_top_routed.dcp' has been generated.
INFO: [runtcl-4] Executing : report_drc -file i2c_eerom_top_drc_routed.rpt -pb i2c_eerom_top_drc_routed.pb -rpx i2c_eerom_top_drc_routed.rpx
Command: report_drc -file i2c_eerom_top_drc_routed.rpt -pb i2c_eerom_top_drc_routed.pb -rpx i2c_eerom_top_drc_routed.rpx
INFO: [IP_Flow 19-1839] IP Catalog is up to date.
INFO: [DRC 23-27] Running DRC with 2 threads
INFO: [Coretcl 2-168] The results of DRC are in file F:/FPGA/EEPROM/EEPROM.runs/impl_1/i2c_eerom_top_drc_routed.rpt.
report_drc completed successfully
INFO: [runtcl-4] Executing : report_methodology -file i2c_eerom_top_methodology_drc_routed.rpt -pb i2c_eerom_top_methodology_drc_routed.pb -rpx i2c_eerom_top_methodology_drc_routed.rpx
Command: report_methodology -file i2c_eerom_top_methodology_drc_routed.rpt -pb i2c_eerom_top_methodology_drc_routed.pb -rpx i2c_eerom_top_methodology_drc_routed.rpx
INFO: [Timing 38-35] Done setting XDC timing constraints.
INFO: [Timing 38-35] Done setting XDC timing constraints.
INFO: [DRC 23-133] Running Methodology with 2 threads
INFO: [Coretcl 2-1520] The results of Report Methodology are in file F:/FPGA/EEPROM/EEPROM.runs/impl_1/i2c_eerom_top_methodology_drc_routed.rpt.
report_methodology completed successfully
INFO: [runtcl-4] Executing : report_power -file i2c_eerom_top_power_routed.rpt -pb i2c_eerom_top_power_summary_routed.pb -rpx i2c_eerom_top_power_routed.rpx
Command: report_power -file i2c_eerom_top_power_routed.rpt -pb i2c_eerom_top_power_summary_routed.pb -rpx i2c_eerom_top_power_routed.rpx
WARNING: [Power 33-232] No user defined clocks were found in the design!
Resolution: Please specify clocks using create_clock/create_generated_clock for sequential elements. For pure combinatorial circuits, please specify a virtual clock, otherwise the vectorless estimation might be inaccurate
INFO: [Timing 38-35] Done setting XDC timing constraints.
Running Vector-less Activity Propagation...

Finished Running Vector-less Activity Propagation
64 Infos, 1 Warnings, 0 Critical Warnings and 0 Errors encountered.
report_power completed successfully
INFO: [runtcl-4] Executing : report_route_status -file i2c_eerom_top_route_status.rpt -pb i2c_eerom_top_route_status.pb
INFO: [runtcl-4] Executing : report_timing_summary -max_paths 10 -file i2c_eerom_top_timing_summary_routed.rpt -rpx i2c_eerom_top_timing_summary_routed.rpx -warn_on_violation 
INFO: [Timing 38-91] UpdateTimingParams: Speed grade: -2, Delay Type: min_max.
INFO: [Timing 38-191] Multithreading enabled for timing update using a maximum of 2 CPUs
WARNING: [Timing 38-313] There are no user specified timing constraints. Timing constraints are needed for proper timing analysis.
INFO: [runtcl-4] Executing : report_incremental_reuse -file i2c_eerom_top_incremental_reuse_routed.rpt
INFO: [Vivado_Tcl 4-545] No incremental reuse to report, no incremental placement and routing data was found.
INFO: [runtcl-4] Executing : report_clock_utilization -file i2c_eerom_top_clock_utilization_routed.rpt
INFO: [Common 17-206] Exiting Vivado at Fri Nov 22 18:59:05 2024...

*** Running vivado
    with args -log i2c_eerom_top.vdi -applog -m64 -product Vivado -messageDb vivado.pb -mode batch -source i2c_eerom_top.tcl -notrace


****** Vivado v2017.4 (64-bit)
  **** SW Build 2086221 on Fri Dec 15 20:55:39 MST 2017
  **** IP Build 2085800 on Fri Dec 15 22:25:07 MST 2017
    ** Copyright 1986-2017 Xilinx, Inc. All Rights Reserved.

source i2c_eerom_top.tcl -notrace
Command: link_design -top i2c_eerom_top -part xc7z020clg400-2
Design is defaulting to srcset: sources_1
Design is defaulting to constrset: constrs_1
INFO: [Netlist 29-17] Analyzing 3 Unisim elements for replacement
INFO: [Netlist 29-28] Unisim Transformation completed in 0 CPU seconds
INFO: [Project 1-479] Netlist was created with Vivado 2017.4
INFO: [Device 21-403] Loading part xc7z020clg400-2
INFO: [Project 1-570] Preparing netlist for logic optimization
Parsing XDC File [F:/FPGA/EEPROM/EEPROM.srcs/constrs_1/new/i2c_eerom.xdc]
Finished Parsing XDC File [F:/FPGA/EEPROM/EEPROM.srcs/constrs_1/new/i2c_eerom.xdc]
INFO: [Opt 31-138] Pushed 0 inverter(s) to 0 load pin(s).
INFO: [Project 1-111] Unisim Transformation Summary:
  A total of 1 instances were transformed.
  IOBUF => IOBUF (IBUF, OBUFT): 1 instances

7 Infos, 0 Warnings, 0 Critical Warnings and 0 Errors encountered.
link_design completed successfully
link_design: Time (s): cpu = 00:00:05 ; elapsed = 00:00:06 . Memory (MB): peak = 617.043 ; gain = 335.023
Command: opt_design
Attempting to get a license for feature 'Implementation' and/or device 'xc7z020'
INFO: [Common 17-349] Got license for feature 'Implementation' and/or device 'xc7z020'
Running DRC as a precondition to command opt_design

Starting DRC Task
INFO: [DRC 23-27] Running DRC with 2 threads
INFO: [Project 1-461] DRC finished with 0 Errors
INFO: [Project 1-462] Please refer to the DRC report (report_drc) for more information.

Time (s): cpu = 00:00:01 ; elapsed = 00:00:00.376 . Memory (MB): peak = 632.355 ; gain = 15.312
INFO: [Timing 38-35] Done setting XDC timing constraints.

Starting Logic Optimization Task

Phase 1 Retarget
INFO: [Opt 31-138] Pushed 0 inverter(s) to 0 load pin(s).
INFO: [Opt 31-49] Retargeted 0 cell(s).
Phase 1 Retarget | Checksum: 1799738e7

Time (s): cpu = 00:00:00 ; elapsed = 00:00:00.007 . Memory (MB): peak = 1187.137 ; gain = 0.000
INFO: [Opt 31-389] Phase Retarget created 0 cells and removed 1 cells

Phase 2 Constant propagation
INFO: [Opt 31-138] Pushed 0 inverter(s) to 0 load pin(s).
Phase 2 Constant propagation | Checksum: 1799738e7

Time (s): cpu = 00:00:00 ; elapsed = 00:00:00.010 . Memory (MB): peak = 1187.137 ; gain = 0.000
INFO: [Opt 31-389] Phase Constant propagation created 0 cells and removed 0 cells

Phase 3 Sweep
Phase 3 Sweep | Checksum: 1799738e7

Time (s): cpu = 00:00:00 ; elapsed = 00:00:00.011 . Memory (MB): peak = 1187.137 ; gain = 0.000
INFO: [Opt 31-389] Phase Sweep created 0 cells and removed 0 cells

Phase 4 BUFG optimization
Phase 4 BUFG optimization | Checksum: 1799738e7

Time (s): cpu = 00:00:00 ; elapsed = 00:00:00.012 . Memory (MB): peak = 1187.137 ; gain = 0.000
INFO: [Opt 31-389] Phase BUFG optimization created 0 cells and removed 0 cells

Phase 5 Shift Register Optimization
Phase 5 Shift Register Optimization | Checksum: 1799738e7

Time (s): cpu = 00:00:00 ; elapsed = 00:00:00.014 . Memory (MB): peak = 1187.137 ; gain = 0.000
INFO: [Opt 31-389] Phase Shift Register Optimization created 0 cells and removed 0 cells

Starting Connectivity Check Task

Time (s): cpu = 00:00:00 ; elapsed = 00:00:00.001 . Memory (MB): peak = 1187.137 ; gain = 0.000
Ending Logic Optimization Task | Checksum: 1799738e7

Time (s): cpu = 00:00:00 ; elapsed = 00:00:00.015 . Memory (MB): peak = 1187.137 ; gain = 0.000

Starting Power Optimization Task
INFO: [Pwropt 34-132] Skipping clock gating for clocks with a period < 2.00 ns.
Ending Power Optimization Task | Checksum: 1799738e7

Time (s): cpu = 00:00:00 ; elapsed = 00:00:00.005 . Memory (MB): peak = 1187.137 ; gain = 0.000
INFO: [Common 17-83] Releasing license: Implementation
22 Infos, 0 Warnings, 0 Critical Warnings and 0 Errors encountered.
opt_design completed successfully
opt_design: Time (s): cpu = 00:00:09 ; elapsed = 00:00:08 . Memory (MB): peak = 1187.137 ; gain = 570.094
Writing placer database...
Writing XDEF routing.
Writing XDEF routing logical nets.
Writing XDEF routing special nets.
Write XDEF Complete: Time (s): cpu = 00:00:00 ; elapsed = 00:00:00.043 . Memory (MB): peak = 1187.137 ; gain = 0.000
INFO: [Common 17-1381] The checkpoint 'F:/FPGA/EEPROM/EEPROM.runs/impl_1/i2c_eerom_top_opt.dcp' has been generated.
INFO: [runtcl-4] Executing : report_drc -file i2c_eerom_top_drc_opted.rpt -pb i2c_eerom_top_drc_opted.pb -rpx i2c_eerom_top_drc_opted.rpx
Command: report_drc -file i2c_eerom_top_drc_opted.rpt -pb i2c_eerom_top_drc_opted.pb -rpx i2c_eerom_top_drc_opted.rpx
INFO: [IP_Flow 19-234] Refreshing IP repositories
INFO: [IP_Flow 19-1704] No user IP repositories specified
INFO: [IP_Flow 19-2313] Loaded Vivado IP repository 'E:/vivado/Vivado/2017.4/data/ip'.
INFO: [DRC 23-27] Running DRC with 2 threads
INFO: [Coretcl 2-168] The results of DRC are in file F:/FPGA/EEPROM/EEPROM.runs/impl_1/i2c_eerom_top_drc_opted.rpt.
report_drc completed successfully
INFO: [Chipscope 16-241] No debug cores found in the current design.
Before running the implement_debug_core command, either use the Set Up Debug wizard (GUI mode)
or use the create_debug_core and connect_debug_core Tcl commands to insert debug cores into the design.
Command: place_design
Attempting to get a license for feature 'Implementation' and/or device 'xc7z020'
INFO: [Common 17-349] Got license for feature 'Implementation' and/or device 'xc7z020'
INFO: [DRC 23-27] Running DRC with 2 threads
INFO: [Vivado_Tcl 4-198] DRC finished with 0 Errors
INFO: [Vivado_Tcl 4-199] Please refer to the DRC report (report_drc) for more information.
Running DRC as a precondition to command place_design
INFO: [DRC 23-27] Running DRC with 2 threads
INFO: [Vivado_Tcl 4-198] DRC finished with 0 Errors
INFO: [Vivado_Tcl 4-199] Please refer to the DRC report (report_drc) for more information.

Starting Placer Task
INFO: [Place 30-611] Multithreading enabled for place_design using a maximum of 2 CPUs

Phase 1 Placer Initialization

Phase 1.1 Placer Initialization Netlist Sorting
Netlist sorting complete. Time (s): cpu = 00:00:00 ; elapsed = 00:00:00.001 . Memory (MB): peak = 1187.137 ; gain = 0.000
Phase 1.1 Placer Initialization Netlist Sorting | Checksum: ce9254e1

Time (s): cpu = 00:00:00 ; elapsed = 00:00:00.002 . Memory (MB): peak = 1187.137 ; gain = 0.000
Netlist sorting complete. Time (s): cpu = 00:00:00 ; elapsed = 00:00:00 . Memory (MB): peak = 1187.137 ; gain = 0.000

Phase 1.2 IO Placement/ Clock Placement/ Build Placer Device
INFO: [Timing 38-35] Done setting XDC timing constraints.
Phase 1.2 IO Placement/ Clock Placement/ Build Placer Device | Checksum: 14c68b139

Time (s): cpu = 00:00:01 ; elapsed = 00:00:00.669 . Memory (MB): peak = 1187.137 ; gain = 0.000

Phase 1.3 Build Placer Netlist Model
Phase 1.3 Build Placer Netlist Model | Checksum: 1fc4380ff

Time (s): cpu = 00:00:01 ; elapsed = 00:00:00.697 . Memory (MB): peak = 1187.137 ; gain = 0.000

Phase 1.4 Constrain Clocks/Macros
Phase 1.4 Constrain Clocks/Macros | Checksum: 1fc4380ff

Time (s): cpu = 00:00:01 ; elapsed = 00:00:00.698 . Memory (MB): peak = 1187.137 ; gain = 0.000
Phase 1 Placer Initialization | Checksum: 1fc4380ff

Time (s): cpu = 00:00:01 ; elapsed = 00:00:00.699 . Memory (MB): peak = 1187.137 ; gain = 0.000

Phase 2 Global Placement
Phase 2 Global Placement | Checksum: 1adc3a103

Time (s): cpu = 00:00:02 ; elapsed = 00:00:01 . Memory (MB): peak = 1187.137 ; gain = 0.000

Phase 3 Detail Placement

Phase 3.1 Commit Multi Column Macros
Phase 3.1 Commit Multi Column Macros | Checksum: 1adc3a103

Time (s): cpu = 00:00:02 ; elapsed = 00:00:01 . Memory (MB): peak = 1187.137 ; gain = 0.000

Phase 3.2 Commit Most Macros & LUTRAMs
Phase 3.2 Commit Most Macros & LUTRAMs | Checksum: 174453a0e

Time (s): cpu = 00:00:02 ; elapsed = 00:00:01 . Memory (MB): peak = 1187.137 ; gain = 0.000

Phase 3.3 Area Swap Optimization
Phase 3.3 Area Swap Optimization | Checksum: 1ebd6aefc

Time (s): cpu = 00:00:02 ; elapsed = 00:00:01 . Memory (MB): peak = 1187.137 ; gain = 0.000

Phase 3.4 Pipeline Register Optimization
Phase 3.4 Pipeline Register Optimization | Checksum: 1ebd6aefc

Time (s): cpu = 00:00:02 ; elapsed = 00:00:01 . Memory (MB): peak = 1187.137 ; gain = 0.000

Phase 3.5 Small Shape Detail Placement
Phase 3.5 Small Shape Detail Placement | Checksum: 1af9e479a

Time (s): cpu = 00:00:02 ; elapsed = 00:00:01 . Memory (MB): peak = 1187.137 ; gain = 0.000

Phase 3.6 Re-assign LUT pins
Phase 3.6 Re-assign LUT pins | Checksum: 1af9e479a

Time (s): cpu = 00:00:02 ; elapsed = 00:00:01 . Memory (MB): peak = 1187.137 ; gain = 0.000

Phase 3.7 Pipeline Register Optimization
Phase 3.7 Pipeline Register Optimization | Checksum: 1af9e479a

Time (s): cpu = 00:00:02 ; elapsed = 00:00:01 . Memory (MB): peak = 1187.137 ; gain = 0.000
Phase 3 Detail Placement | Checksum: 1af9e479a

Time (s): cpu = 00:00:02 ; elapsed = 00:00:01 . Memory (MB): peak = 1187.137 ; gain = 0.000

Phase 4 Post Placement Optimization and Clean-Up

Phase 4.1 Post Commit Optimization
Phase 4.1 Post Commit Optimization | Checksum: 1af9e479a

Time (s): cpu = 00:00:02 ; elapsed = 00:00:01 . Memory (MB): peak = 1187.137 ; gain = 0.000

Phase 4.2 Post Placement Cleanup
Phase 4.2 Post Placement Cleanup | Checksum: 1af9e479a

Time (s): cpu = 00:00:02 ; elapsed = 00:00:01 . Memory (MB): peak = 1187.137 ; gain = 0.000

Phase 4.3 Placer Reporting
Phase 4.3 Placer Reporting | Checksum: 1af9e479a

Time (s): cpu = 00:00:02 ; elapsed = 00:00:01 . Memory (MB): peak = 1187.137 ; gain = 0.000

Phase 4.4 Final Placement Cleanup
Phase 4.4 Final Placement Cleanup | Checksum: 1a7bce03e

Time (s): cpu = 00:00:02 ; elapsed = 00:00:01 . Memory (MB): peak = 1187.137 ; gain = 0.000
Phase 4 Post Placement Optimization and Clean-Up | Checksum: 1a7bce03e

Time (s): cpu = 00:00:02 ; elapsed = 00:00:01 . Memory (MB): peak = 1187.137 ; gain = 0.000
Ending Placer Task | Checksum: e626f495

Time (s): cpu = 00:00:02 ; elapsed = 00:00:01 . Memory (MB): peak = 1187.137 ; gain = 0.000
INFO: [Common 17-83] Releasing license: Implementation
40 Infos, 0 Warnings, 0 Critical Warnings and 0 Errors encountered.
place_design completed successfully
Writing placer database...
Writing XDEF routing.
Writing XDEF routing logical nets.
Writing XDEF routing special nets.
Write XDEF Complete: Time (s): cpu = 00:00:00 ; elapsed = 00:00:00.051 . Memory (MB): peak = 1187.137 ; gain = 0.000
INFO: [Common 17-1381] The checkpoint 'F:/FPGA/EEPROM/EEPROM.runs/impl_1/i2c_eerom_top_placed.dcp' has been generated.
INFO: [runtcl-4] Executing : report_io -file i2c_eerom_top_io_placed.rpt
report_io: Time (s): cpu = 00:00:00 ; elapsed = 00:00:00.035 . Memory (MB): peak = 1187.137 ; gain = 0.000
INFO: [runtcl-4] Executing : report_utilization -file i2c_eerom_top_utilization_placed.rpt -pb i2c_eerom_top_utilization_placed.pb
report_utilization: Time (s): cpu = 00:00:00 ; elapsed = 00:00:00.030 . Memory (MB): peak = 1187.137 ; gain = 0.000
INFO: [runtcl-4] Executing : report_control_sets -verbose -file i2c_eerom_top_control_sets_placed.rpt
report_control_sets: Time (s): cpu = 00:00:00 ; elapsed = 00:00:00.001 . Memory (MB): peak = 1187.137 ; gain = 0.000
Command: route_design
Attempting to get a license for feature 'Implementation' and/or device 'xc7z020'
INFO: [Common 17-349] Got license for feature 'Implementation' and/or device 'xc7z020'
Running DRC as a precondition to command route_design
INFO: [DRC 23-27] Running DRC with 2 threads
INFO: [Vivado_Tcl 4-198] DRC finished with 0 Errors
INFO: [Vivado_Tcl 4-199] Please refer to the DRC report (report_drc) for more information.


Starting Routing Task
INFO: [Route 35-254] Multithreading enabled for route_design using a maximum of 2 CPUs
Checksum: PlaceDB: 4a12c6d6 ConstDB: 0 ShapeSum: 9c142dbf RouteDB: 0

Phase 1 Build RT Design
Phase 1 Build RT Design | Checksum: 9aa64c5a

Time (s): cpu = 00:00:22 ; elapsed = 00:00:20 . Memory (MB): peak = 1323.898 ; gain = 136.762
Post Restoration Checksum: NetGraph: 978e679e NumContArr: 317e4bc Constraints: 0 Timing: 0

Phase 2 Router Initialization
INFO: [Route 35-64] No timing constraints were detected. The router will operate in resource-optimization mode.

Phase 2.1 Fix Topology Constraints
Phase 2.1 Fix Topology Constraints | Checksum: 9aa64c5a

Time (s): cpu = 00:00:22 ; elapsed = 00:00:20 . Memory (MB): peak = 1329.574 ; gain = 142.438

Phase 2.2 Pre Route Cleanup
Phase 2.2 Pre Route Cleanup | Checksum: 9aa64c5a

Time (s): cpu = 00:00:22 ; elapsed = 00:00:20 . Memory (MB): peak = 1329.574 ; gain = 142.438
 Number of Nodes with overlaps = 0
Phase 2 Router Initialization | Checksum: 143d61218

Time (s): cpu = 00:00:22 ; elapsed = 00:00:20 . Memory (MB): peak = 1339.555 ; gain = 152.418

Phase 3 Initial Routing
Phase 3 Initial Routing | Checksum: 1859ad0b6

Time (s): cpu = 00:00:23 ; elapsed = 00:00:20 . Memory (MB): peak = 1339.555 ; gain = 152.418

Phase 4 Rip-up And Reroute

Phase 4.1 Global Iteration 0
 Number of Nodes with overlaps = 8
 Number of Nodes with overlaps = 0
Phase 4.1 Global Iteration 0 | Checksum: 1282efa8d

Time (s): cpu = 00:00:23 ; elapsed = 00:00:20 . Memory (MB): peak = 1339.555 ; gain = 152.418
Phase 4 Rip-up And Reroute | Checksum: 1282efa8d

Time (s): cpu = 00:00:23 ; elapsed = 00:00:20 . Memory (MB): peak = 1339.555 ; gain = 152.418

Phase 5 Delay and Skew Optimization
Phase 5 Delay and Skew Optimization | Checksum: 1282efa8d

Time (s): cpu = 00:00:23 ; elapsed = 00:00:20 . Memory (MB): peak = 1339.555 ; gain = 152.418

Phase 6 Post Hold Fix

Phase 6.1 Hold Fix Iter
Phase 6.1 Hold Fix Iter | Checksum: 1282efa8d

Time (s): cpu = 00:00:23 ; elapsed = 00:00:20 . Memory (MB): peak = 1339.555 ; gain = 152.418
Phase 6 Post Hold Fix | Checksum: 1282efa8d

Time (s): cpu = 00:00:23 ; elapsed = 00:00:20 . Memory (MB): peak = 1339.555 ; gain = 152.418

Phase 7 Route finalize

Router Utilization Summary
  Global Vertical Routing Utilization    = 0.00740396 %
  Global Horizontal Routing Utilization  = 0.00515551 %
  Routable Net Status*
  *Does not include unroutable nets such as driverless and loadless.
  Run report_route_status for detailed report.
  Number of Failed Nets               = 0
  Number of Unrouted Nets             = 0
  Number of Partially Routed Nets     = 0
  Number of Node Overlaps             = 0

Utilization threshold used for congestion level computation: 0.85
Congestion Report
North Dir 1x1 Area, Max Cong = 10.8108%, No Congested Regions.
South Dir 1x1 Area, Max Cong = 9.90991%, No Congested Regions.
East Dir 1x1 Area, Max Cong = 10.2941%, No Congested Regions.
West Dir 1x1 Area, Max Cong = 7.35294%, No Congested Regions.
Phase 7 Route finalize | Checksum: 1282efa8d

Time (s): cpu = 00:00:23 ; elapsed = 00:00:20 . Memory (MB): peak = 1339.555 ; gain = 152.418

Phase 8 Verifying routed nets

 Verification completed successfully
Phase 8 Verifying routed nets | Checksum: 1282efa8d

Time (s): cpu = 00:00:23 ; elapsed = 00:00:20 . Memory (MB): peak = 1339.555 ; gain = 152.418

Phase 9 Depositing Routes
Phase 9 Depositing Routes | Checksum: cd54f6ad

Time (s): cpu = 00:00:23 ; elapsed = 00:00:20 . Memory (MB): peak = 1339.555 ; gain = 152.418
INFO: [Route 35-16] Router Completed Successfully

Time (s): cpu = 00:00:23 ; elapsed = 00:00:20 . Memory (MB): peak = 1339.555 ; gain = 152.418

Routing Is Done.
INFO: [Common 17-83] Releasing license: Implementation
52 Infos, 0 Warnings, 0 Critical Warnings and 0 Errors encountered.
route_design completed successfully
route_design: Time (s): cpu = 00:00:24 ; elapsed = 00:00:20 . Memory (MB): peak = 1339.555 ; gain = 152.418
Writing placer database...
Writing XDEF routing.
Writing XDEF routing logical nets.
Writing XDEF routing special nets.
Write XDEF Complete: Time (s): cpu = 00:00:00 ; elapsed = 00:00:00.039 . Memory (MB): peak = 1339.555 ; gain = 0.000
INFO: [Common 17-1381] The checkpoint 'F:/FPGA/EEPROM/EEPROM.runs/impl_1/i2c_eerom_top_routed.dcp' has been generated.
INFO: [runtcl-4] Executing : report_drc -file i2c_eerom_top_drc_routed.rpt -pb i2c_eerom_top_drc_routed.pb -rpx i2c_eerom_top_drc_routed.rpx
Command: report_drc -file i2c_eerom_top_drc_routed.rpt -pb i2c_eerom_top_drc_routed.pb -rpx i2c_eerom_top_drc_routed.rpx
INFO: [IP_Flow 19-1839] IP Catalog is up to date.
INFO: [DRC 23-27] Running DRC with 2 threads
INFO: [Coretcl 2-168] The results of DRC are in file F:/FPGA/EEPROM/EEPROM.runs/impl_1/i2c_eerom_top_drc_routed.rpt.
report_drc completed successfully
INFO: [runtcl-4] Executing : report_methodology -file i2c_eerom_top_methodology_drc_routed.rpt -pb i2c_eerom_top_methodology_drc_routed.pb -rpx i2c_eerom_top_methodology_drc_routed.rpx
Command: report_methodology -file i2c_eerom_top_methodology_drc_routed.rpt -pb i2c_eerom_top_methodology_drc_routed.pb -rpx i2c_eerom_top_methodology_drc_routed.rpx
INFO: [Timing 38-35] Done setting XDC timing constraints.
INFO: [Timing 38-35] Done setting XDC timing constraints.
INFO: [DRC 23-133] Running Methodology with 2 threads
INFO: [Coretcl 2-1520] The results of Report Methodology are in file F:/FPGA/EEPROM/EEPROM.runs/impl_1/i2c_eerom_top_methodology_drc_routed.rpt.
report_methodology completed successfully
INFO: [runtcl-4] Executing : report_power -file i2c_eerom_top_power_routed.rpt -pb i2c_eerom_top_power_summary_routed.pb -rpx i2c_eerom_top_power_routed.rpx
Command: report_power -file i2c_eerom_top_power_routed.rpt -pb i2c_eerom_top_power_summary_routed.pb -rpx i2c_eerom_top_power_routed.rpx
WARNING: [Power 33-232] No user defined clocks were found in the design!
Resolution: Please specify clocks using create_clock/create_generated_clock for sequential elements. For pure combinatorial circuits, please specify a virtual clock, otherwise the vectorless estimation might be inaccurate
INFO: [Timing 38-35] Done setting XDC timing constraints.
Running Vector-less Activity Propagation...

Finished Running Vector-less Activity Propagation
64 Infos, 1 Warnings, 0 Critical Warnings and 0 Errors encountered.
report_power completed successfully
INFO: [runtcl-4] Executing : report_route_status -file i2c_eerom_top_route_status.rpt -pb i2c_eerom_top_route_status.pb
INFO: [runtcl-4] Executing : report_timing_summary -max_paths 10 -file i2c_eerom_top_timing_summary_routed.rpt -rpx i2c_eerom_top_timing_summary_routed.rpx -warn_on_violation 
INFO: [Timing 38-91] UpdateTimingParams: Speed grade: -2, Delay Type: min_max.
INFO: [Timing 38-191] Multithreading enabled for timing update using a maximum of 2 CPUs
WARNING: [Timing 38-313] There are no user specified timing constraints. Timing constraints are needed for proper timing analysis.
INFO: [runtcl-4] Executing : report_incremental_reuse -file i2c_eerom_top_incremental_reuse_routed.rpt
INFO: [Vivado_Tcl 4-545] No incremental reuse to report, no incremental placement and routing data was found.
INFO: [runtcl-4] Executing : report_clock_utilization -file i2c_eerom_top_clock_utilization_routed.rpt
INFO: [Common 17-206] Exiting Vivado at Fri Nov 22 19:06:10 2024...

*** Running vivado
    with args -log i2c_eerom_top.vdi -applog -m64 -product Vivado -messageDb vivado.pb -mode batch -source i2c_eerom_top.tcl -notrace


****** Vivado v2017.4 (64-bit)
  **** SW Build 2086221 on Fri Dec 15 20:55:39 MST 2017
  **** IP Build 2085800 on Fri Dec 15 22:25:07 MST 2017
    ** Copyright 1986-2017 Xilinx, Inc. All Rights Reserved.

source i2c_eerom_top.tcl -notrace
Command: link_design -top i2c_eerom_top -part xc7z020clg400-2
Design is defaulting to srcset: sources_1
Design is defaulting to constrset: constrs_1
INFO: [Netlist 29-17] Analyzing 3 Unisim elements for replacement
INFO: [Netlist 29-28] Unisim Transformation completed in 0 CPU seconds
INFO: [Project 1-479] Netlist was created with Vivado 2017.4
INFO: [Device 21-403] Loading part xc7z020clg400-2
INFO: [Project 1-570] Preparing netlist for logic optimization
Parsing XDC File [F:/FPGA/EEPROM/EEPROM.srcs/constrs_1/new/i2c_eerom.xdc]
Finished Parsing XDC File [F:/FPGA/EEPROM/EEPROM.srcs/constrs_1/new/i2c_eerom.xdc]
INFO: [Opt 31-138] Pushed 0 inverter(s) to 0 load pin(s).
INFO: [Project 1-111] Unisim Transformation Summary:
  A total of 1 instances were transformed.
  IOBUF => IOBUF (IBUF, OBUFT): 1 instances

7 Infos, 0 Warnings, 0 Critical Warnings and 0 Errors encountered.
link_design completed successfully
link_design: Time (s): cpu = 00:00:05 ; elapsed = 00:00:06 . Memory (MB): peak = 617.469 ; gain = 334.836
Command: opt_design
Attempting to get a license for feature 'Implementation' and/or device 'xc7z020'
INFO: [Common 17-349] Got license for feature 'Implementation' and/or device 'xc7z020'
Running DRC as a precondition to command opt_design

Starting DRC Task
INFO: [DRC 23-27] Running DRC with 2 threads
INFO: [Project 1-461] DRC finished with 0 Errors
INFO: [Project 1-462] Please refer to the DRC report (report_drc) for more information.

Time (s): cpu = 00:00:01 ; elapsed = 00:00:00.360 . Memory (MB): peak = 631.617 ; gain = 14.148
INFO: [Timing 38-35] Done setting XDC timing constraints.

Starting Logic Optimization Task

Phase 1 Retarget
INFO: [Opt 31-138] Pushed 0 inverter(s) to 0 load pin(s).
INFO: [Opt 31-49] Retargeted 0 cell(s).
Phase 1 Retarget | Checksum: 1799738e7

Time (s): cpu = 00:00:00 ; elapsed = 00:00:00.009 . Memory (MB): peak = 1186.375 ; gain = 0.000
INFO: [Opt 31-389] Phase Retarget created 0 cells and removed 1 cells

Phase 2 Constant propagation
INFO: [Opt 31-138] Pushed 0 inverter(s) to 0 load pin(s).
Phase 2 Constant propagation | Checksum: 1799738e7

Time (s): cpu = 00:00:00 ; elapsed = 00:00:00.011 . Memory (MB): peak = 1186.375 ; gain = 0.000
INFO: [Opt 31-389] Phase Constant propagation created 0 cells and removed 0 cells

Phase 3 Sweep
Phase 3 Sweep | Checksum: 1799738e7

Time (s): cpu = 00:00:00 ; elapsed = 00:00:00.012 . Memory (MB): peak = 1186.375 ; gain = 0.000
INFO: [Opt 31-389] Phase Sweep created 0 cells and removed 0 cells

Phase 4 BUFG optimization
Phase 4 BUFG optimization | Checksum: 1799738e7

Time (s): cpu = 00:00:00 ; elapsed = 00:00:00.013 . Memory (MB): peak = 1186.375 ; gain = 0.000
INFO: [Opt 31-389] Phase BUFG optimization created 0 cells and removed 0 cells

Phase 5 Shift Register Optimization
Phase 5 Shift Register Optimization | Checksum: 1799738e7

Time (s): cpu = 00:00:00 ; elapsed = 00:00:00.014 . Memory (MB): peak = 1186.375 ; gain = 0.000
INFO: [Opt 31-389] Phase Shift Register Optimization created 0 cells and removed 0 cells

Starting Connectivity Check Task

Time (s): cpu = 00:00:00 ; elapsed = 00:00:00.001 . Memory (MB): peak = 1186.375 ; gain = 0.000
Ending Logic Optimization Task | Checksum: 1799738e7

Time (s): cpu = 00:00:00 ; elapsed = 00:00:00.016 . Memory (MB): peak = 1186.375 ; gain = 0.000

Starting Power Optimization Task
INFO: [Pwropt 34-132] Skipping clock gating for clocks with a period < 2.00 ns.
Ending Power Optimization Task | Checksum: 1799738e7

Time (s): cpu = 00:00:00 ; elapsed = 00:00:00.005 . Memory (MB): peak = 1186.375 ; gain = 0.000
INFO: [Common 17-83] Releasing license: Implementation
22 Infos, 0 Warnings, 0 Critical Warnings and 0 Errors encountered.
opt_design completed successfully
opt_design: Time (s): cpu = 00:00:09 ; elapsed = 00:00:08 . Memory (MB): peak = 1186.375 ; gain = 568.906
Writing placer database...
Writing XDEF routing.
Writing XDEF routing logical nets.
Writing XDEF routing special nets.
Write XDEF Complete: Time (s): cpu = 00:00:00 ; elapsed = 00:00:00.041 . Memory (MB): peak = 1186.375 ; gain = 0.000
INFO: [Common 17-1381] The checkpoint 'F:/FPGA/EEPROM/EEPROM.runs/impl_1/i2c_eerom_top_opt.dcp' has been generated.
INFO: [runtcl-4] Executing : report_drc -file i2c_eerom_top_drc_opted.rpt -pb i2c_eerom_top_drc_opted.pb -rpx i2c_eerom_top_drc_opted.rpx
Command: report_drc -file i2c_eerom_top_drc_opted.rpt -pb i2c_eerom_top_drc_opted.pb -rpx i2c_eerom_top_drc_opted.rpx
INFO: [IP_Flow 19-234] Refreshing IP repositories
INFO: [IP_Flow 19-1704] No user IP repositories specified
INFO: [IP_Flow 19-2313] Loaded Vivado IP repository 'E:/vivado/Vivado/2017.4/data/ip'.
INFO: [DRC 23-27] Running DRC with 2 threads
INFO: [Coretcl 2-168] The results of DRC are in file F:/FPGA/EEPROM/EEPROM.runs/impl_1/i2c_eerom_top_drc_opted.rpt.
report_drc completed successfully
INFO: [Chipscope 16-241] No debug cores found in the current design.
Before running the implement_debug_core command, either use the Set Up Debug wizard (GUI mode)
or use the create_debug_core and connect_debug_core Tcl commands to insert debug cores into the design.
Command: place_design
Attempting to get a license for feature 'Implementation' and/or device 'xc7z020'
INFO: [Common 17-349] Got license for feature 'Implementation' and/or device 'xc7z020'
INFO: [DRC 23-27] Running DRC with 2 threads
INFO: [Vivado_Tcl 4-198] DRC finished with 0 Errors
INFO: [Vivado_Tcl 4-199] Please refer to the DRC report (report_drc) for more information.
Running DRC as a precondition to command place_design
INFO: [DRC 23-27] Running DRC with 2 threads
INFO: [Vivado_Tcl 4-198] DRC finished with 0 Errors
INFO: [Vivado_Tcl 4-199] Please refer to the DRC report (report_drc) for more information.

Starting Placer Task
INFO: [Place 30-611] Multithreading enabled for place_design using a maximum of 2 CPUs

Phase 1 Placer Initialization

Phase 1.1 Placer Initialization Netlist Sorting
Netlist sorting complete. Time (s): cpu = 00:00:00 ; elapsed = 00:00:00 . Memory (MB): peak = 1186.375 ; gain = 0.000
Phase 1.1 Placer Initialization Netlist Sorting | Checksum: ce9254e1

Time (s): cpu = 00:00:00 ; elapsed = 00:00:00.002 . Memory (MB): peak = 1186.375 ; gain = 0.000
Netlist sorting complete. Time (s): cpu = 00:00:00 ; elapsed = 00:00:00 . Memory (MB): peak = 1186.375 ; gain = 0.000

Phase 1.2 IO Placement/ Clock Placement/ Build Placer Device
INFO: [Timing 38-35] Done setting XDC timing constraints.
Phase 1.2 IO Placement/ Clock Placement/ Build Placer Device | Checksum: 14c68b139

Time (s): cpu = 00:00:01 ; elapsed = 00:00:00.685 . Memory (MB): peak = 1186.375 ; gain = 0.000

Phase 1.3 Build Placer Netlist Model
Phase 1.3 Build Placer Netlist Model | Checksum: 1fc4380ff

Time (s): cpu = 00:00:01 ; elapsed = 00:00:00.712 . Memory (MB): peak = 1186.375 ; gain = 0.000

Phase 1.4 Constrain Clocks/Macros
Phase 1.4 Constrain Clocks/Macros | Checksum: 1fc4380ff

Time (s): cpu = 00:00:01 ; elapsed = 00:00:00.714 . Memory (MB): peak = 1186.375 ; gain = 0.000
Phase 1 Placer Initialization | Checksum: 1fc4380ff

Time (s): cpu = 00:00:01 ; elapsed = 00:00:00.715 . Memory (MB): peak = 1186.375 ; gain = 0.000

Phase 2 Global Placement
Phase 2 Global Placement | Checksum: 1adc3a103

Time (s): cpu = 00:00:02 ; elapsed = 00:00:01 . Memory (MB): peak = 1186.375 ; gain = 0.000

Phase 3 Detail Placement

Phase 3.1 Commit Multi Column Macros
Phase 3.1 Commit Multi Column Macros | Checksum: 1adc3a103

Time (s): cpu = 00:00:02 ; elapsed = 00:00:01 . Memory (MB): peak = 1186.375 ; gain = 0.000

Phase 3.2 Commit Most Macros & LUTRAMs
Phase 3.2 Commit Most Macros & LUTRAMs | Checksum: 174453a0e

Time (s): cpu = 00:00:02 ; elapsed = 00:00:01 . Memory (MB): peak = 1186.375 ; gain = 0.000

Phase 3.3 Area Swap Optimization
Phase 3.3 Area Swap Optimization | Checksum: 1ebd6aefc

Time (s): cpu = 00:00:02 ; elapsed = 00:00:01 . Memory (MB): peak = 1186.375 ; gain = 0.000

Phase 3.4 Pipeline Register Optimization
Phase 3.4 Pipeline Register Optimization | Checksum: 1ebd6aefc

Time (s): cpu = 00:00:02 ; elapsed = 00:00:01 . Memory (MB): peak = 1186.375 ; gain = 0.000

Phase 3.5 Small Shape Detail Placement
Phase 3.5 Small Shape Detail Placement | Checksum: 1af9e479a

Time (s): cpu = 00:00:02 ; elapsed = 00:00:01 . Memory (MB): peak = 1186.375 ; gain = 0.000

Phase 3.6 Re-assign LUT pins
Phase 3.6 Re-assign LUT pins | Checksum: 1af9e479a

Time (s): cpu = 00:00:02 ; elapsed = 00:00:01 . Memory (MB): peak = 1186.375 ; gain = 0.000

Phase 3.7 Pipeline Register Optimization
Phase 3.7 Pipeline Register Optimization | Checksum: 1af9e479a

Time (s): cpu = 00:00:02 ; elapsed = 00:00:01 . Memory (MB): peak = 1186.375 ; gain = 0.000
Phase 3 Detail Placement | Checksum: 1af9e479a

Time (s): cpu = 00:00:02 ; elapsed = 00:00:01 . Memory (MB): peak = 1186.375 ; gain = 0.000

Phase 4 Post Placement Optimization and Clean-Up

Phase 4.1 Post Commit Optimization
Phase 4.1 Post Commit Optimization | Checksum: 1af9e479a

Time (s): cpu = 00:00:02 ; elapsed = 00:00:01 . Memory (MB): peak = 1186.375 ; gain = 0.000

Phase 4.2 Post Placement Cleanup
Phase 4.2 Post Placement Cleanup | Checksum: 1af9e479a

Time (s): cpu = 00:00:02 ; elapsed = 00:00:01 . Memory (MB): peak = 1186.375 ; gain = 0.000

Phase 4.3 Placer Reporting
Phase 4.3 Placer Reporting | Checksum: 1af9e479a

Time (s): cpu = 00:00:02 ; elapsed = 00:00:01 . Memory (MB): peak = 1186.375 ; gain = 0.000

Phase 4.4 Final Placement Cleanup
Phase 4.4 Final Placement Cleanup | Checksum: 1a7bce03e

Time (s): cpu = 00:00:02 ; elapsed = 00:00:01 . Memory (MB): peak = 1186.375 ; gain = 0.000
Phase 4 Post Placement Optimization and Clean-Up | Checksum: 1a7bce03e

Time (s): cpu = 00:00:02 ; elapsed = 00:00:01 . Memory (MB): peak = 1186.375 ; gain = 0.000
Ending Placer Task | Checksum: e626f495

Time (s): cpu = 00:00:02 ; elapsed = 00:00:01 . Memory (MB): peak = 1186.375 ; gain = 0.000
INFO: [Common 17-83] Releasing license: Implementation
40 Infos, 0 Warnings, 0 Critical Warnings and 0 Errors encountered.
place_design completed successfully
Writing placer database...
Writing XDEF routing.
Writing XDEF routing logical nets.
Writing XDEF routing special nets.
Write XDEF Complete: Time (s): cpu = 00:00:00 ; elapsed = 00:00:00.044 . Memory (MB): peak = 1186.375 ; gain = 0.000
INFO: [Common 17-1381] The checkpoint 'F:/FPGA/EEPROM/EEPROM.runs/impl_1/i2c_eerom_top_placed.dcp' has been generated.
INFO: [runtcl-4] Executing : report_io -file i2c_eerom_top_io_placed.rpt
report_io: Time (s): cpu = 00:00:00 ; elapsed = 00:00:00.035 . Memory (MB): peak = 1186.375 ; gain = 0.000
INFO: [runtcl-4] Executing : report_utilization -file i2c_eerom_top_utilization_placed.rpt -pb i2c_eerom_top_utilization_placed.pb
report_utilization: Time (s): cpu = 00:00:00 ; elapsed = 00:00:00.029 . Memory (MB): peak = 1186.375 ; gain = 0.000
INFO: [runtcl-4] Executing : report_control_sets -verbose -file i2c_eerom_top_control_sets_placed.rpt
report_control_sets: Time (s): cpu = 00:00:00 ; elapsed = 00:00:00.001 . Memory (MB): peak = 1186.375 ; gain = 0.000
Command: route_design
Attempting to get a license for feature 'Implementation' and/or device 'xc7z020'
INFO: [Common 17-349] Got license for feature 'Implementation' and/or device 'xc7z020'
Running DRC as a precondition to command route_design
INFO: [DRC 23-27] Running DRC with 2 threads
INFO: [Vivado_Tcl 4-198] DRC finished with 0 Errors
INFO: [Vivado_Tcl 4-199] Please refer to the DRC report (report_drc) for more information.


Starting Routing Task
INFO: [Route 35-254] Multithreading enabled for route_design using a maximum of 2 CPUs
Checksum: PlaceDB: 4a12c6d6 ConstDB: 0 ShapeSum: 9c142dbf RouteDB: 0

Phase 1 Build RT Design
Phase 1 Build RT Design | Checksum: 9aa64c5a

Time (s): cpu = 00:00:22 ; elapsed = 00:00:20 . Memory (MB): peak = 1320.891 ; gain = 134.516
Post Restoration Checksum: NetGraph: 978e679e NumContArr: 317e4bc Constraints: 0 Timing: 0

Phase 2 Router Initialization
INFO: [Route 35-64] No timing constraints were detected. The router will operate in resource-optimization mode.

Phase 2.1 Fix Topology Constraints
Phase 2.1 Fix Topology Constraints | Checksum: 9aa64c5a

Time (s): cpu = 00:00:22 ; elapsed = 00:00:20 . Memory (MB): peak = 1326.812 ; gain = 140.438

Phase 2.2 Pre Route Cleanup
Phase 2.2 Pre Route Cleanup | Checksum: 9aa64c5a

Time (s): cpu = 00:00:22 ; elapsed = 00:00:20 . Memory (MB): peak = 1326.812 ; gain = 140.438
 Number of Nodes with overlaps = 0
Phase 2 Router Initialization | Checksum: 143d61218

Time (s): cpu = 00:00:22 ; elapsed = 00:00:20 . Memory (MB): peak = 1336.246 ; gain = 149.871

Phase 3 Initial Routing
Phase 3 Initial Routing | Checksum: 1859ad0b6

Time (s): cpu = 00:00:22 ; elapsed = 00:00:20 . Memory (MB): peak = 1336.246 ; gain = 149.871

Phase 4 Rip-up And Reroute

Phase 4.1 Global Iteration 0
 Number of Nodes with overlaps = 8
 Number of Nodes with overlaps = 0
Phase 4.1 Global Iteration 0 | Checksum: 1282efa8d

Time (s): cpu = 00:00:22 ; elapsed = 00:00:20 . Memory (MB): peak = 1336.246 ; gain = 149.871
Phase 4 Rip-up And Reroute | Checksum: 1282efa8d

Time (s): cpu = 00:00:22 ; elapsed = 00:00:20 . Memory (MB): peak = 1336.246 ; gain = 149.871

Phase 5 Delay and Skew Optimization
Phase 5 Delay and Skew Optimization | Checksum: 1282efa8d

Time (s): cpu = 00:00:22 ; elapsed = 00:00:20 . Memory (MB): peak = 1336.246 ; gain = 149.871

Phase 6 Post Hold Fix

Phase 6.1 Hold Fix Iter
Phase 6.1 Hold Fix Iter | Checksum: 1282efa8d

Time (s): cpu = 00:00:22 ; elapsed = 00:00:20 . Memory (MB): peak = 1336.246 ; gain = 149.871
Phase 6 Post Hold Fix | Checksum: 1282efa8d

Time (s): cpu = 00:00:22 ; elapsed = 00:00:20 . Memory (MB): peak = 1336.246 ; gain = 149.871

Phase 7 Route finalize

Router Utilization Summary
  Global Vertical Routing Utilization    = 0.00740396 %
  Global Horizontal Routing Utilization  = 0.00515551 %
  Routable Net Status*
  *Does not include unroutable nets such as driverless and loadless.
  Run report_route_status for detailed report.
  Number of Failed Nets               = 0
  Number of Unrouted Nets             = 0
  Number of Partially Routed Nets     = 0
  Number of Node Overlaps             = 0

Utilization threshold used for congestion level computation: 0.85
Congestion Report
North Dir 1x1 Area, Max Cong = 10.8108%, No Congested Regions.
South Dir 1x1 Area, Max Cong = 9.90991%, No Congested Regions.
East Dir 1x1 Area, Max Cong = 10.2941%, No Congested Regions.
West Dir 1x1 Area, Max Cong = 7.35294%, No Congested Regions.
Phase 7 Route finalize | Checksum: 1282efa8d

Time (s): cpu = 00:00:22 ; elapsed = 00:00:20 . Memory (MB): peak = 1336.246 ; gain = 149.871

Phase 8 Verifying routed nets

 Verification completed successfully
Phase 8 Verifying routed nets | Checksum: 1282efa8d

Time (s): cpu = 00:00:22 ; elapsed = 00:00:20 . Memory (MB): peak = 1336.246 ; gain = 149.871

Phase 9 Depositing Routes
Phase 9 Depositing Routes | Checksum: cd54f6ad

Time (s): cpu = 00:00:22 ; elapsed = 00:00:20 . Memory (MB): peak = 1336.246 ; gain = 149.871
INFO: [Route 35-16] Router Completed Successfully

Time (s): cpu = 00:00:22 ; elapsed = 00:00:20 . Memory (MB): peak = 1336.246 ; gain = 149.871

Routing Is Done.
INFO: [Common 17-83] Releasing license: Implementation
52 Infos, 0 Warnings, 0 Critical Warnings and 0 Errors encountered.
route_design completed successfully
route_design: Time (s): cpu = 00:00:23 ; elapsed = 00:00:20 . Memory (MB): peak = 1336.246 ; gain = 149.871
Writing placer database...
Writing XDEF routing.
Writing XDEF routing logical nets.
Writing XDEF routing special nets.
Write XDEF Complete: Time (s): cpu = 00:00:00 ; elapsed = 00:00:00.050 . Memory (MB): peak = 1336.246 ; gain = 0.000
INFO: [Common 17-1381] The checkpoint 'F:/FPGA/EEPROM/EEPROM.runs/impl_1/i2c_eerom_top_routed.dcp' has been generated.
INFO: [runtcl-4] Executing : report_drc -file i2c_eerom_top_drc_routed.rpt -pb i2c_eerom_top_drc_routed.pb -rpx i2c_eerom_top_drc_routed.rpx
Command: report_drc -file i2c_eerom_top_drc_routed.rpt -pb i2c_eerom_top_drc_routed.pb -rpx i2c_eerom_top_drc_routed.rpx
INFO: [IP_Flow 19-1839] IP Catalog is up to date.
INFO: [DRC 23-27] Running DRC with 2 threads
INFO: [Coretcl 2-168] The results of DRC are in file F:/FPGA/EEPROM/EEPROM.runs/impl_1/i2c_eerom_top_drc_routed.rpt.
report_drc completed successfully
INFO: [runtcl-4] Executing : report_methodology -file i2c_eerom_top_methodology_drc_routed.rpt -pb i2c_eerom_top_methodology_drc_routed.pb -rpx i2c_eerom_top_methodology_drc_routed.rpx
Command: report_methodology -file i2c_eerom_top_methodology_drc_routed.rpt -pb i2c_eerom_top_methodology_drc_routed.pb -rpx i2c_eerom_top_methodology_drc_routed.rpx
INFO: [Timing 38-35] Done setting XDC timing constraints.
INFO: [Timing 38-35] Done setting XDC timing constraints.
INFO: [DRC 23-133] Running Methodology with 2 threads
INFO: [Coretcl 2-1520] The results of Report Methodology are in file F:/FPGA/EEPROM/EEPROM.runs/impl_1/i2c_eerom_top_methodology_drc_routed.rpt.
report_methodology completed successfully
INFO: [runtcl-4] Executing : report_power -file i2c_eerom_top_power_routed.rpt -pb i2c_eerom_top_power_summary_routed.pb -rpx i2c_eerom_top_power_routed.rpx
Command: report_power -file i2c_eerom_top_power_routed.rpt -pb i2c_eerom_top_power_summary_routed.pb -rpx i2c_eerom_top_power_routed.rpx
WARNING: [Power 33-232] No user defined clocks were found in the design!
Resolution: Please specify clocks using create_clock/create_generated_clock for sequential elements. For pure combinatorial circuits, please specify a virtual clock, otherwise the vectorless estimation might be inaccurate
INFO: [Timing 38-35] Done setting XDC timing constraints.
Running Vector-less Activity Propagation...

Finished Running Vector-less Activity Propagation
64 Infos, 1 Warnings, 0 Critical Warnings and 0 Errors encountered.
report_power completed successfully
INFO: [runtcl-4] Executing : report_route_status -file i2c_eerom_top_route_status.rpt -pb i2c_eerom_top_route_status.pb
INFO: [runtcl-4] Executing : report_timing_summary -max_paths 10 -file i2c_eerom_top_timing_summary_routed.rpt -rpx i2c_eerom_top_timing_summary_routed.rpx -warn_on_violation 
INFO: [Timing 38-91] UpdateTimingParams: Speed grade: -2, Delay Type: min_max.
INFO: [Timing 38-191] Multithreading enabled for timing update using a maximum of 2 CPUs
WARNING: [Timing 38-313] There are no user specified timing constraints. Timing constraints are needed for proper timing analysis.
INFO: [runtcl-4] Executing : report_incremental_reuse -file i2c_eerom_top_incremental_reuse_routed.rpt
INFO: [Vivado_Tcl 4-545] No incremental reuse to report, no incremental placement and routing data was found.
INFO: [runtcl-4] Executing : report_clock_utilization -file i2c_eerom_top_clock_utilization_routed.rpt
INFO: [Common 17-206] Exiting Vivado at Fri Nov 22 19:15:52 2024...

*** Running vivado
    with args -log i2c_eerom_top.vdi -applog -m64 -product Vivado -messageDb vivado.pb -mode batch -source i2c_eerom_top.tcl -notrace


****** Vivado v2017.4 (64-bit)
  **** SW Build 2086221 on Fri Dec 15 20:55:39 MST 2017
  **** IP Build 2085800 on Fri Dec 15 22:25:07 MST 2017
    ** Copyright 1986-2017 Xilinx, Inc. All Rights Reserved.

source i2c_eerom_top.tcl -notrace
Command: link_design -top i2c_eerom_top -part xc7z020clg400-2
Design is defaulting to srcset: sources_1
Design is defaulting to constrset: constrs_1
INFO: [Netlist 29-17] Analyzing 3 Unisim elements for replacement
INFO: [Netlist 29-28] Unisim Transformation completed in 0 CPU seconds
INFO: [Project 1-479] Netlist was created with Vivado 2017.4
INFO: [Device 21-403] Loading part xc7z020clg400-2
INFO: [Project 1-570] Preparing netlist for logic optimization
Parsing XDC File [F:/FPGA/EEPROM/EEPROM.srcs/constrs_1/new/i2c_eerom.xdc]
Finished Parsing XDC File [F:/FPGA/EEPROM/EEPROM.srcs/constrs_1/new/i2c_eerom.xdc]
INFO: [Opt 31-138] Pushed 0 inverter(s) to 0 load pin(s).
INFO: [Project 1-111] Unisim Transformation Summary:
  A total of 1 instances were transformed.
  IOBUF => IOBUF (IBUF, OBUFT): 1 instances

7 Infos, 0 Warnings, 0 Critical Warnings and 0 Errors encountered.
link_design completed successfully
link_design: Time (s): cpu = 00:00:06 ; elapsed = 00:00:06 . Memory (MB): peak = 617.711 ; gain = 335.188
Command: opt_design
Attempting to get a license for feature 'Implementation' and/or device 'xc7z020'
INFO: [Common 17-349] Got license for feature 'Implementation' and/or device 'xc7z020'
Running DRC as a precondition to command opt_design

Starting DRC Task
INFO: [DRC 23-27] Running DRC with 2 threads
INFO: [Project 1-461] DRC finished with 0 Errors
INFO: [Project 1-462] Please refer to the DRC report (report_drc) for more information.

Time (s): cpu = 00:00:00 ; elapsed = 00:00:00.374 . Memory (MB): peak = 629.965 ; gain = 12.254
INFO: [Timing 38-35] Done setting XDC timing constraints.

Starting Logic Optimization Task

Phase 1 Retarget
INFO: [Opt 31-138] Pushed 0 inverter(s) to 0 load pin(s).
INFO: [Opt 31-49] Retargeted 0 cell(s).
Phase 1 Retarget | Checksum: 1799738e7

Time (s): cpu = 00:00:00 ; elapsed = 00:00:00.008 . Memory (MB): peak = 1187.113 ; gain = 0.000
INFO: [Opt 31-389] Phase Retarget created 0 cells and removed 1 cells

Phase 2 Constant propagation
INFO: [Opt 31-138] Pushed 0 inverter(s) to 0 load pin(s).
Phase 2 Constant propagation | Checksum: 1799738e7

Time (s): cpu = 00:00:00 ; elapsed = 00:00:00.010 . Memory (MB): peak = 1187.113 ; gain = 0.000
INFO: [Opt 31-389] Phase Constant propagation created 0 cells and removed 0 cells

Phase 3 Sweep
Phase 3 Sweep | Checksum: 1799738e7

Time (s): cpu = 00:00:00 ; elapsed = 00:00:00.011 . Memory (MB): peak = 1187.113 ; gain = 0.000
INFO: [Opt 31-389] Phase Sweep created 0 cells and removed 0 cells

Phase 4 BUFG optimization
Phase 4 BUFG optimization | Checksum: 1799738e7

Time (s): cpu = 00:00:00 ; elapsed = 00:00:00.012 . Memory (MB): peak = 1187.113 ; gain = 0.000
INFO: [Opt 31-389] Phase BUFG optimization created 0 cells and removed 0 cells

Phase 5 Shift Register Optimization
Phase 5 Shift Register Optimization | Checksum: 1799738e7

Time (s): cpu = 00:00:00 ; elapsed = 00:00:00.013 . Memory (MB): peak = 1187.113 ; gain = 0.000
INFO: [Opt 31-389] Phase Shift Register Optimization created 0 cells and removed 0 cells

Starting Connectivity Check Task

Time (s): cpu = 00:00:00 ; elapsed = 00:00:00 . Memory (MB): peak = 1187.113 ; gain = 0.000
Ending Logic Optimization Task | Checksum: 1799738e7

Time (s): cpu = 00:00:00 ; elapsed = 00:00:00.015 . Memory (MB): peak = 1187.113 ; gain = 0.000

Starting Power Optimization Task
INFO: [Pwropt 34-132] Skipping clock gating for clocks with a period < 2.00 ns.
Ending Power Optimization Task | Checksum: 1799738e7

Time (s): cpu = 00:00:00 ; elapsed = 00:00:00.004 . Memory (MB): peak = 1187.113 ; gain = 0.000
INFO: [Common 17-83] Releasing license: Implementation
22 Infos, 0 Warnings, 0 Critical Warnings and 0 Errors encountered.
opt_design completed successfully
opt_design: Time (s): cpu = 00:00:08 ; elapsed = 00:00:09 . Memory (MB): peak = 1187.113 ; gain = 569.402
Writing placer database...
Writing XDEF routing.
Writing XDEF routing logical nets.
Writing XDEF routing special nets.
Write XDEF Complete: Time (s): cpu = 00:00:00 ; elapsed = 00:00:00.042 . Memory (MB): peak = 1187.113 ; gain = 0.000
INFO: [Common 17-1381] The checkpoint 'F:/FPGA/EEPROM/EEPROM.runs/impl_1/i2c_eerom_top_opt.dcp' has been generated.
INFO: [runtcl-4] Executing : report_drc -file i2c_eerom_top_drc_opted.rpt -pb i2c_eerom_top_drc_opted.pb -rpx i2c_eerom_top_drc_opted.rpx
Command: report_drc -file i2c_eerom_top_drc_opted.rpt -pb i2c_eerom_top_drc_opted.pb -rpx i2c_eerom_top_drc_opted.rpx
INFO: [IP_Flow 19-234] Refreshing IP repositories
INFO: [IP_Flow 19-1704] No user IP repositories specified
INFO: [IP_Flow 19-2313] Loaded Vivado IP repository 'E:/vivado/Vivado/2017.4/data/ip'.
INFO: [DRC 23-27] Running DRC with 2 threads
INFO: [Coretcl 2-168] The results of DRC are in file F:/FPGA/EEPROM/EEPROM.runs/impl_1/i2c_eerom_top_drc_opted.rpt.
report_drc completed successfully
INFO: [Chipscope 16-241] No debug cores found in the current design.
Before running the implement_debug_core command, either use the Set Up Debug wizard (GUI mode)
or use the create_debug_core and connect_debug_core Tcl commands to insert debug cores into the design.
Command: place_design
Attempting to get a license for feature 'Implementation' and/or device 'xc7z020'
INFO: [Common 17-349] Got license for feature 'Implementation' and/or device 'xc7z020'
INFO: [DRC 23-27] Running DRC with 2 threads
INFO: [Vivado_Tcl 4-198] DRC finished with 0 Errors
INFO: [Vivado_Tcl 4-199] Please refer to the DRC report (report_drc) for more information.
Running DRC as a precondition to command place_design
INFO: [DRC 23-27] Running DRC with 2 threads
INFO: [Vivado_Tcl 4-198] DRC finished with 0 Errors
INFO: [Vivado_Tcl 4-199] Please refer to the DRC report (report_drc) for more information.

Starting Placer Task
INFO: [Place 30-611] Multithreading enabled for place_design using a maximum of 2 CPUs

Phase 1 Placer Initialization

Phase 1.1 Placer Initialization Netlist Sorting
Netlist sorting complete. Time (s): cpu = 00:00:00 ; elapsed = 00:00:00 . Memory (MB): peak = 1187.113 ; gain = 0.000
Phase 1.1 Placer Initialization Netlist Sorting | Checksum: ce9254e1

Time (s): cpu = 00:00:00 ; elapsed = 00:00:00.002 . Memory (MB): peak = 1187.113 ; gain = 0.000
Netlist sorting complete. Time (s): cpu = 00:00:00 ; elapsed = 00:00:00 . Memory (MB): peak = 1187.113 ; gain = 0.000

Phase 1.2 IO Placement/ Clock Placement/ Build Placer Device
INFO: [Timing 38-35] Done setting XDC timing constraints.
Phase 1.2 IO Placement/ Clock Placement/ Build Placer Device | Checksum: 14c68b139

Time (s): cpu = 00:00:01 ; elapsed = 00:00:00.709 . Memory (MB): peak = 1187.113 ; gain = 0.000

Phase 1.3 Build Placer Netlist Model
Phase 1.3 Build Placer Netlist Model | Checksum: 1fc4380ff

Time (s): cpu = 00:00:01 ; elapsed = 00:00:00.737 . Memory (MB): peak = 1187.113 ; gain = 0.000

Phase 1.4 Constrain Clocks/Macros
Phase 1.4 Constrain Clocks/Macros | Checksum: 1fc4380ff

Time (s): cpu = 00:00:01 ; elapsed = 00:00:00.739 . Memory (MB): peak = 1187.113 ; gain = 0.000
Phase 1 Placer Initialization | Checksum: 1fc4380ff

Time (s): cpu = 00:00:01 ; elapsed = 00:00:00.740 . Memory (MB): peak = 1187.113 ; gain = 0.000

Phase 2 Global Placement
Phase 2 Global Placement | Checksum: 1adc3a103

Time (s): cpu = 00:00:01 ; elapsed = 00:00:01 . Memory (MB): peak = 1187.113 ; gain = 0.000

Phase 3 Detail Placement

Phase 3.1 Commit Multi Column Macros
Phase 3.1 Commit Multi Column Macros | Checksum: 1adc3a103

Time (s): cpu = 00:00:01 ; elapsed = 00:00:01 . Memory (MB): peak = 1187.113 ; gain = 0.000

Phase 3.2 Commit Most Macros & LUTRAMs
Phase 3.2 Commit Most Macros & LUTRAMs | Checksum: 174453a0e

Time (s): cpu = 00:00:01 ; elapsed = 00:00:01 . Memory (MB): peak = 1187.113 ; gain = 0.000

Phase 3.3 Area Swap Optimization
Phase 3.3 Area Swap Optimization | Checksum: 1ebd6aefc

Time (s): cpu = 00:00:01 ; elapsed = 00:00:01 . Memory (MB): peak = 1187.113 ; gain = 0.000

Phase 3.4 Pipeline Register Optimization
Phase 3.4 Pipeline Register Optimization | Checksum: 1ebd6aefc

Time (s): cpu = 00:00:01 ; elapsed = 00:00:01 . Memory (MB): peak = 1187.113 ; gain = 0.000

Phase 3.5 Small Shape Detail Placement
Phase 3.5 Small Shape Detail Placement | Checksum: 1af9e479a

Time (s): cpu = 00:00:01 ; elapsed = 00:00:01 . Memory (MB): peak = 1187.113 ; gain = 0.000

Phase 3.6 Re-assign LUT pins
Phase 3.6 Re-assign LUT pins | Checksum: 1af9e479a

Time (s): cpu = 00:00:02 ; elapsed = 00:00:01 . Memory (MB): peak = 1187.113 ; gain = 0.000

Phase 3.7 Pipeline Register Optimization
Phase 3.7 Pipeline Register Optimization | Checksum: 1af9e479a

Time (s): cpu = 00:00:02 ; elapsed = 00:00:01 . Memory (MB): peak = 1187.113 ; gain = 0.000
Phase 3 Detail Placement | Checksum: 1af9e479a

Time (s): cpu = 00:00:02 ; elapsed = 00:00:01 . Memory (MB): peak = 1187.113 ; gain = 0.000

Phase 4 Post Placement Optimization and Clean-Up

Phase 4.1 Post Commit Optimization
Phase 4.1 Post Commit Optimization | Checksum: 1af9e479a

Time (s): cpu = 00:00:02 ; elapsed = 00:00:01 . Memory (MB): peak = 1187.113 ; gain = 0.000

Phase 4.2 Post Placement Cleanup
Phase 4.2 Post Placement Cleanup | Checksum: 1af9e479a

Time (s): cpu = 00:00:02 ; elapsed = 00:00:01 . Memory (MB): peak = 1187.113 ; gain = 0.000

Phase 4.3 Placer Reporting
Phase 4.3 Placer Reporting | Checksum: 1af9e479a

Time (s): cpu = 00:00:02 ; elapsed = 00:00:01 . Memory (MB): peak = 1187.113 ; gain = 0.000

Phase 4.4 Final Placement Cleanup
Phase 4.4 Final Placement Cleanup | Checksum: 1a7bce03e

Time (s): cpu = 00:00:02 ; elapsed = 00:00:01 . Memory (MB): peak = 1187.113 ; gain = 0.000
Phase 4 Post Placement Optimization and Clean-Up | Checksum: 1a7bce03e

Time (s): cpu = 00:00:02 ; elapsed = 00:00:01 . Memory (MB): peak = 1187.113 ; gain = 0.000
Ending Placer Task | Checksum: e626f495

Time (s): cpu = 00:00:02 ; elapsed = 00:00:01 . Memory (MB): peak = 1187.113 ; gain = 0.000
INFO: [Common 17-83] Releasing license: Implementation
40 Infos, 0 Warnings, 0 Critical Warnings and 0 Errors encountered.
place_design completed successfully
Writing placer database...
Writing XDEF routing.
Writing XDEF routing logical nets.
Writing XDEF routing special nets.
Write XDEF Complete: Time (s): cpu = 00:00:00 ; elapsed = 00:00:00.045 . Memory (MB): peak = 1187.113 ; gain = 0.000
INFO: [Common 17-1381] The checkpoint 'F:/FPGA/EEPROM/EEPROM.runs/impl_1/i2c_eerom_top_placed.dcp' has been generated.
INFO: [runtcl-4] Executing : report_io -file i2c_eerom_top_io_placed.rpt
report_io: Time (s): cpu = 00:00:00 ; elapsed = 00:00:00.035 . Memory (MB): peak = 1187.113 ; gain = 0.000
INFO: [runtcl-4] Executing : report_utilization -file i2c_eerom_top_utilization_placed.rpt -pb i2c_eerom_top_utilization_placed.pb
report_utilization: Time (s): cpu = 00:00:00 ; elapsed = 00:00:00.029 . Memory (MB): peak = 1187.113 ; gain = 0.000
INFO: [runtcl-4] Executing : report_control_sets -verbose -file i2c_eerom_top_control_sets_placed.rpt
report_control_sets: Time (s): cpu = 00:00:00 ; elapsed = 00:00:00.001 . Memory (MB): peak = 1187.113 ; gain = 0.000
Command: route_design
Attempting to get a license for feature 'Implementation' and/or device 'xc7z020'
INFO: [Common 17-349] Got license for feature 'Implementation' and/or device 'xc7z020'
Running DRC as a precondition to command route_design
INFO: [DRC 23-27] Running DRC with 2 threads
INFO: [Vivado_Tcl 4-198] DRC finished with 0 Errors
INFO: [Vivado_Tcl 4-199] Please refer to the DRC report (report_drc) for more information.


Starting Routing Task
INFO: [Route 35-254] Multithreading enabled for route_design using a maximum of 2 CPUs
Checksum: PlaceDB: 4a12c6d6 ConstDB: 0 ShapeSum: 9c142dbf RouteDB: 0

Phase 1 Build RT Design
Phase 1 Build RT Design | Checksum: 9aa64c5a

Time (s): cpu = 00:00:22 ; elapsed = 00:00:20 . Memory (MB): peak = 1321.344 ; gain = 134.230
Post Restoration Checksum: NetGraph: 978e679e NumContArr: 317e4bc Constraints: 0 Timing: 0

Phase 2 Router Initialization
INFO: [Route 35-64] No timing constraints were detected. The router will operate in resource-optimization mode.

Phase 2.1 Fix Topology Constraints
Phase 2.1 Fix Topology Constraints | Checksum: 9aa64c5a

Time (s): cpu = 00:00:22 ; elapsed = 00:00:20 . Memory (MB): peak = 1327.824 ; gain = 140.711

Phase 2.2 Pre Route Cleanup
Phase 2.2 Pre Route Cleanup | Checksum: 9aa64c5a

Time (s): cpu = 00:00:22 ; elapsed = 00:00:20 . Memory (MB): peak = 1327.824 ; gain = 140.711
 Number of Nodes with overlaps = 0
Phase 2 Router Initialization | Checksum: 143d61218

Time (s): cpu = 00:00:22 ; elapsed = 00:00:20 . Memory (MB): peak = 1338.344 ; gain = 151.230

Phase 3 Initial Routing
Phase 3 Initial Routing | Checksum: 1859ad0b6

Time (s): cpu = 00:00:22 ; elapsed = 00:00:20 . Memory (MB): peak = 1338.344 ; gain = 151.230

Phase 4 Rip-up And Reroute

Phase 4.1 Global Iteration 0
 Number of Nodes with overlaps = 8
 Number of Nodes with overlaps = 0
Phase 4.1 Global Iteration 0 | Checksum: 1282efa8d

Time (s): cpu = 00:00:22 ; elapsed = 00:00:20 . Memory (MB): peak = 1338.344 ; gain = 151.230
Phase 4 Rip-up And Reroute | Checksum: 1282efa8d

Time (s): cpu = 00:00:22 ; elapsed = 00:00:20 . Memory (MB): peak = 1338.344 ; gain = 151.230

Phase 5 Delay and Skew Optimization
Phase 5 Delay and Skew Optimization | Checksum: 1282efa8d

Time (s): cpu = 00:00:22 ; elapsed = 00:00:20 . Memory (MB): peak = 1338.344 ; gain = 151.230

Phase 6 Post Hold Fix

Phase 6.1 Hold Fix Iter
Phase 6.1 Hold Fix Iter | Checksum: 1282efa8d

Time (s): cpu = 00:00:22 ; elapsed = 00:00:20 . Memory (MB): peak = 1338.344 ; gain = 151.230
Phase 6 Post Hold Fix | Checksum: 1282efa8d

Time (s): cpu = 00:00:22 ; elapsed = 00:00:20 . Memory (MB): peak = 1338.344 ; gain = 151.230

Phase 7 Route finalize

Router Utilization Summary
  Global Vertical Routing Utilization    = 0.00740396 %
  Global Horizontal Routing Utilization  = 0.00515551 %
  Routable Net Status*
  *Does not include unroutable nets such as driverless and loadless.
  Run report_route_status for detailed report.
  Number of Failed Nets               = 0
  Number of Unrouted Nets             = 0
  Number of Partially Routed Nets     = 0
  Number of Node Overlaps             = 0

Utilization threshold used for congestion level computation: 0.85
Congestion Report
North Dir 1x1 Area, Max Cong = 10.8108%, No Congested Regions.
South Dir 1x1 Area, Max Cong = 9.90991%, No Congested Regions.
East Dir 1x1 Area, Max Cong = 10.2941%, No Congested Regions.
West Dir 1x1 Area, Max Cong = 7.35294%, No Congested Regions.
Phase 7 Route finalize | Checksum: 1282efa8d

Time (s): cpu = 00:00:22 ; elapsed = 00:00:20 . Memory (MB): peak = 1338.344 ; gain = 151.230

Phase 8 Verifying routed nets

 Verification completed successfully
Phase 8 Verifying routed nets | Checksum: 1282efa8d

Time (s): cpu = 00:00:22 ; elapsed = 00:00:20 . Memory (MB): peak = 1338.344 ; gain = 151.230

Phase 9 Depositing Routes
Phase 9 Depositing Routes | Checksum: cd54f6ad

Time (s): cpu = 00:00:22 ; elapsed = 00:00:20 . Memory (MB): peak = 1338.344 ; gain = 151.230
INFO: [Route 35-16] Router Completed Successfully

Time (s): cpu = 00:00:22 ; elapsed = 00:00:20 . Memory (MB): peak = 1338.344 ; gain = 151.230

Routing Is Done.
INFO: [Common 17-83] Releasing license: Implementation
52 Infos, 0 Warnings, 0 Critical Warnings and 0 Errors encountered.
route_design completed successfully
route_design: Time (s): cpu = 00:00:23 ; elapsed = 00:00:21 . Memory (MB): peak = 1338.344 ; gain = 151.230
Writing placer database...
Writing XDEF routing.
Writing XDEF routing logical nets.
Writing XDEF routing special nets.
Write XDEF Complete: Time (s): cpu = 00:00:00 ; elapsed = 00:00:00.046 . Memory (MB): peak = 1338.344 ; gain = 0.000
INFO: [Common 17-1381] The checkpoint 'F:/FPGA/EEPROM/EEPROM.runs/impl_1/i2c_eerom_top_routed.dcp' has been generated.
INFO: [runtcl-4] Executing : report_drc -file i2c_eerom_top_drc_routed.rpt -pb i2c_eerom_top_drc_routed.pb -rpx i2c_eerom_top_drc_routed.rpx
Command: report_drc -file i2c_eerom_top_drc_routed.rpt -pb i2c_eerom_top_drc_routed.pb -rpx i2c_eerom_top_drc_routed.rpx
INFO: [IP_Flow 19-1839] IP Catalog is up to date.
INFO: [DRC 23-27] Running DRC with 2 threads
INFO: [Coretcl 2-168] The results of DRC are in file F:/FPGA/EEPROM/EEPROM.runs/impl_1/i2c_eerom_top_drc_routed.rpt.
report_drc completed successfully
INFO: [runtcl-4] Executing : report_methodology -file i2c_eerom_top_methodology_drc_routed.rpt -pb i2c_eerom_top_methodology_drc_routed.pb -rpx i2c_eerom_top_methodology_drc_routed.rpx
Command: report_methodology -file i2c_eerom_top_methodology_drc_routed.rpt -pb i2c_eerom_top_methodology_drc_routed.pb -rpx i2c_eerom_top_methodology_drc_routed.rpx
INFO: [Timing 38-35] Done setting XDC timing constraints.
INFO: [Timing 38-35] Done setting XDC timing constraints.
INFO: [DRC 23-133] Running Methodology with 2 threads
INFO: [Coretcl 2-1520] The results of Report Methodology are in file F:/FPGA/EEPROM/EEPROM.runs/impl_1/i2c_eerom_top_methodology_drc_routed.rpt.
report_methodology completed successfully
INFO: [runtcl-4] Executing : report_power -file i2c_eerom_top_power_routed.rpt -pb i2c_eerom_top_power_summary_routed.pb -rpx i2c_eerom_top_power_routed.rpx
Command: report_power -file i2c_eerom_top_power_routed.rpt -pb i2c_eerom_top_power_summary_routed.pb -rpx i2c_eerom_top_power_routed.rpx
WARNING: [Power 33-232] No user defined clocks were found in the design!
Resolution: Please specify clocks using create_clock/create_generated_clock for sequential elements. For pure combinatorial circuits, please specify a virtual clock, otherwise the vectorless estimation might be inaccurate
INFO: [Timing 38-35] Done setting XDC timing constraints.
Running Vector-less Activity Propagation...

Finished Running Vector-less Activity Propagation
64 Infos, 1 Warnings, 0 Critical Warnings and 0 Errors encountered.
report_power completed successfully
INFO: [runtcl-4] Executing : report_route_status -file i2c_eerom_top_route_status.rpt -pb i2c_eerom_top_route_status.pb
INFO: [runtcl-4] Executing : report_timing_summary -max_paths 10 -file i2c_eerom_top_timing_summary_routed.rpt -rpx i2c_eerom_top_timing_summary_routed.rpx -warn_on_violation 
INFO: [Timing 38-91] UpdateTimingParams: Speed grade: -2, Delay Type: min_max.
INFO: [Timing 38-191] Multithreading enabled for timing update using a maximum of 2 CPUs
WARNING: [Timing 38-313] There are no user specified timing constraints. Timing constraints are needed for proper timing analysis.
INFO: [runtcl-4] Executing : report_incremental_reuse -file i2c_eerom_top_incremental_reuse_routed.rpt
INFO: [Vivado_Tcl 4-545] No incremental reuse to report, no incremental placement and routing data was found.
INFO: [runtcl-4] Executing : report_clock_utilization -file i2c_eerom_top_clock_utilization_routed.rpt
INFO: [Common 17-206] Exiting Vivado at Fri Nov 22 19:20:17 2024...

*** Running vivado
    with args -log i2c_eerom_top.vdi -applog -m64 -product Vivado -messageDb vivado.pb -mode batch -source i2c_eerom_top.tcl -notrace


****** Vivado v2017.4 (64-bit)
  **** SW Build 2086221 on Fri Dec 15 20:55:39 MST 2017
  **** IP Build 2085800 on Fri Dec 15 22:25:07 MST 2017
    ** Copyright 1986-2017 Xilinx, Inc. All Rights Reserved.

source i2c_eerom_top.tcl -notrace
Command: link_design -top i2c_eerom_top -part xc7z020clg400-2
Design is defaulting to srcset: sources_1
Design is defaulting to constrset: constrs_1
INFO: [Netlist 29-17] Analyzing 3 Unisim elements for replacement
INFO: [Netlist 29-28] Unisim Transformation completed in 0 CPU seconds
INFO: [Project 1-479] Netlist was created with Vivado 2017.4
INFO: [Device 21-403] Loading part xc7z020clg400-2
INFO: [Project 1-570] Preparing netlist for logic optimization
Parsing XDC File [F:/FPGA/EEPROM/EEPROM.srcs/constrs_1/new/i2c_eerom.xdc]
Finished Parsing XDC File [F:/FPGA/EEPROM/EEPROM.srcs/constrs_1/new/i2c_eerom.xdc]
INFO: [Opt 31-138] Pushed 0 inverter(s) to 0 load pin(s).
INFO: [Project 1-111] Unisim Transformation Summary:
  A total of 1 instances were transformed.
  IOBUF => IOBUF (IBUF, OBUFT): 1 instances

7 Infos, 0 Warnings, 0 Critical Warnings and 0 Errors encountered.
link_design completed successfully
link_design: Time (s): cpu = 00:00:06 ; elapsed = 00:00:06 . Memory (MB): peak = 617.586 ; gain = 335.250
Command: opt_design
Attempting to get a license for feature 'Implementation' and/or device 'xc7z020'
INFO: [Common 17-349] Got license for feature 'Implementation' and/or device 'xc7z020'
Running DRC as a precondition to command opt_design

Starting DRC Task
INFO: [DRC 23-27] Running DRC with 2 threads
INFO: [Project 1-461] DRC finished with 0 Errors
INFO: [Project 1-462] Please refer to the DRC report (report_drc) for more information.

Time (s): cpu = 00:00:00 ; elapsed = 00:00:00.376 . Memory (MB): peak = 631.562 ; gain = 13.977
INFO: [Timing 38-35] Done setting XDC timing constraints.

Starting Logic Optimization Task

Phase 1 Retarget
INFO: [Opt 31-138] Pushed 0 inverter(s) to 0 load pin(s).
INFO: [Opt 31-49] Retargeted 0 cell(s).
Phase 1 Retarget | Checksum: 19cc89044

Time (s): cpu = 00:00:00 ; elapsed = 00:00:00.007 . Memory (MB): peak = 1186.918 ; gain = 0.000
INFO: [Opt 31-389] Phase Retarget created 0 cells and removed 1 cells

Phase 2 Constant propagation
INFO: [Opt 31-138] Pushed 0 inverter(s) to 0 load pin(s).
Phase 2 Constant propagation | Checksum: 19cc89044

Time (s): cpu = 00:00:00 ; elapsed = 00:00:00.010 . Memory (MB): peak = 1186.918 ; gain = 0.000
INFO: [Opt 31-389] Phase Constant propagation created 0 cells and removed 0 cells

Phase 3 Sweep
Phase 3 Sweep | Checksum: 19cc89044

Time (s): cpu = 00:00:00 ; elapsed = 00:00:00.011 . Memory (MB): peak = 1186.918 ; gain = 0.000
INFO: [Opt 31-389] Phase Sweep created 0 cells and removed 0 cells

Phase 4 BUFG optimization
Phase 4 BUFG optimization | Checksum: 19cc89044

Time (s): cpu = 00:00:00 ; elapsed = 00:00:00.012 . Memory (MB): peak = 1186.918 ; gain = 0.000
INFO: [Opt 31-389] Phase BUFG optimization created 0 cells and removed 0 cells

Phase 5 Shift Register Optimization
Phase 5 Shift Register Optimization | Checksum: 19cc89044

Time (s): cpu = 00:00:00 ; elapsed = 00:00:00.013 . Memory (MB): peak = 1186.918 ; gain = 0.000
INFO: [Opt 31-389] Phase Shift Register Optimization created 0 cells and removed 0 cells

Starting Connectivity Check Task

Time (s): cpu = 00:00:00 ; elapsed = 00:00:00 . Memory (MB): peak = 1186.918 ; gain = 0.000
Ending Logic Optimization Task | Checksum: 19cc89044

Time (s): cpu = 00:00:00 ; elapsed = 00:00:00.015 . Memory (MB): peak = 1186.918 ; gain = 0.000

Starting Power Optimization Task
INFO: [Pwropt 34-132] Skipping clock gating for clocks with a period < 2.00 ns.
Ending Power Optimization Task | Checksum: 19cc89044

Time (s): cpu = 00:00:00 ; elapsed = 00:00:00.005 . Memory (MB): peak = 1186.918 ; gain = 0.000
INFO: [Common 17-83] Releasing license: Implementation
22 Infos, 0 Warnings, 0 Critical Warnings and 0 Errors encountered.
opt_design completed successfully
opt_design: Time (s): cpu = 00:00:09 ; elapsed = 00:00:09 . Memory (MB): peak = 1186.918 ; gain = 569.332
Writing placer database...
Writing XDEF routing.
Writing XDEF routing logical nets.
Writing XDEF routing special nets.
Write XDEF Complete: Time (s): cpu = 00:00:00 ; elapsed = 00:00:00.043 . Memory (MB): peak = 1186.918 ; gain = 0.000
INFO: [Common 17-1381] The checkpoint 'F:/FPGA/EEPROM/EEPROM.runs/impl_1/i2c_eerom_top_opt.dcp' has been generated.
INFO: [runtcl-4] Executing : report_drc -file i2c_eerom_top_drc_opted.rpt -pb i2c_eerom_top_drc_opted.pb -rpx i2c_eerom_top_drc_opted.rpx
Command: report_drc -file i2c_eerom_top_drc_opted.rpt -pb i2c_eerom_top_drc_opted.pb -rpx i2c_eerom_top_drc_opted.rpx
INFO: [IP_Flow 19-234] Refreshing IP repositories
INFO: [IP_Flow 19-1704] No user IP repositories specified
INFO: [IP_Flow 19-2313] Loaded Vivado IP repository 'E:/vivado/Vivado/2017.4/data/ip'.
INFO: [DRC 23-27] Running DRC with 2 threads
INFO: [Coretcl 2-168] The results of DRC are in file F:/FPGA/EEPROM/EEPROM.runs/impl_1/i2c_eerom_top_drc_opted.rpt.
report_drc completed successfully
INFO: [Chipscope 16-241] No debug cores found in the current design.
Before running the implement_debug_core command, either use the Set Up Debug wizard (GUI mode)
or use the create_debug_core and connect_debug_core Tcl commands to insert debug cores into the design.
Command: place_design
Attempting to get a license for feature 'Implementation' and/or device 'xc7z020'
INFO: [Common 17-349] Got license for feature 'Implementation' and/or device 'xc7z020'
INFO: [DRC 23-27] Running DRC with 2 threads
INFO: [Vivado_Tcl 4-198] DRC finished with 0 Errors
INFO: [Vivado_Tcl 4-199] Please refer to the DRC report (report_drc) for more information.
Running DRC as a precondition to command place_design
INFO: [DRC 23-27] Running DRC with 2 threads
INFO: [Vivado_Tcl 4-198] DRC finished with 0 Errors
INFO: [Vivado_Tcl 4-199] Please refer to the DRC report (report_drc) for more information.

Starting Placer Task
INFO: [Place 30-611] Multithreading enabled for place_design using a maximum of 2 CPUs

Phase 1 Placer Initialization

Phase 1.1 Placer Initialization Netlist Sorting
Netlist sorting complete. Time (s): cpu = 00:00:00 ; elapsed = 00:00:00.001 . Memory (MB): peak = 1186.918 ; gain = 0.000
Phase 1.1 Placer Initialization Netlist Sorting | Checksum: f63683c3

Time (s): cpu = 00:00:00 ; elapsed = 00:00:00.003 . Memory (MB): peak = 1186.918 ; gain = 0.000
Netlist sorting complete. Time (s): cpu = 00:00:00 ; elapsed = 00:00:00.001 . Memory (MB): peak = 1186.918 ; gain = 0.000

Phase 1.2 IO Placement/ Clock Placement/ Build Placer Device
INFO: [Timing 38-35] Done setting XDC timing constraints.
Phase 1.2 IO Placement/ Clock Placement/ Build Placer Device | Checksum: 199112b8d

Time (s): cpu = 00:00:01 ; elapsed = 00:00:00.687 . Memory (MB): peak = 1186.918 ; gain = 0.000

Phase 1.3 Build Placer Netlist Model
Phase 1.3 Build Placer Netlist Model | Checksum: 2077e40fe

Time (s): cpu = 00:00:01 ; elapsed = 00:00:00.712 . Memory (MB): peak = 1186.918 ; gain = 0.000

Phase 1.4 Constrain Clocks/Macros
Phase 1.4 Constrain Clocks/Macros | Checksum: 2077e40fe

Time (s): cpu = 00:00:01 ; elapsed = 00:00:00.714 . Memory (MB): peak = 1186.918 ; gain = 0.000
Phase 1 Placer Initialization | Checksum: 2077e40fe

Time (s): cpu = 00:00:01 ; elapsed = 00:00:00.714 . Memory (MB): peak = 1186.918 ; gain = 0.000

Phase 2 Global Placement
Phase 2 Global Placement | Checksum: 219cb3082

Time (s): cpu = 00:00:02 ; elapsed = 00:00:01 . Memory (MB): peak = 1186.918 ; gain = 0.000

Phase 3 Detail Placement

Phase 3.1 Commit Multi Column Macros
Phase 3.1 Commit Multi Column Macros | Checksum: 219cb3082

Time (s): cpu = 00:00:02 ; elapsed = 00:00:01 . Memory (MB): peak = 1186.918 ; gain = 0.000

Phase 3.2 Commit Most Macros & LUTRAMs
Phase 3.2 Commit Most Macros & LUTRAMs | Checksum: 2012ffa9b

Time (s): cpu = 00:00:02 ; elapsed = 00:00:01 . Memory (MB): peak = 1186.918 ; gain = 0.000

Phase 3.3 Area Swap Optimization
Phase 3.3 Area Swap Optimization | Checksum: 25661a46b

Time (s): cpu = 00:00:02 ; elapsed = 00:00:01 . Memory (MB): peak = 1186.918 ; gain = 0.000

Phase 3.4 Pipeline Register Optimization
Phase 3.4 Pipeline Register Optimization | Checksum: 25661a46b

Time (s): cpu = 00:00:02 ; elapsed = 00:00:01 . Memory (MB): peak = 1186.918 ; gain = 0.000

Phase 3.5 Small Shape Detail Placement
Phase 3.5 Small Shape Detail Placement | Checksum: 18a0b2364

Time (s): cpu = 00:00:02 ; elapsed = 00:00:01 . Memory (MB): peak = 1186.918 ; gain = 0.000

Phase 3.6 Re-assign LUT pins
Phase 3.6 Re-assign LUT pins | Checksum: 18a0b2364

Time (s): cpu = 00:00:02 ; elapsed = 00:00:01 . Memory (MB): peak = 1186.918 ; gain = 0.000

Phase 3.7 Pipeline Register Optimization
Phase 3.7 Pipeline Register Optimization | Checksum: 18a0b2364

Time (s): cpu = 00:00:02 ; elapsed = 00:00:01 . Memory (MB): peak = 1186.918 ; gain = 0.000
Phase 3 Detail Placement | Checksum: 18a0b2364

Time (s): cpu = 00:00:02 ; elapsed = 00:00:01 . Memory (MB): peak = 1186.918 ; gain = 0.000

Phase 4 Post Placement Optimization and Clean-Up

Phase 4.1 Post Commit Optimization
Phase 4.1 Post Commit Optimization | Checksum: 18a0b2364

Time (s): cpu = 00:00:02 ; elapsed = 00:00:01 . Memory (MB): peak = 1186.918 ; gain = 0.000

Phase 4.2 Post Placement Cleanup
Phase 4.2 Post Placement Cleanup | Checksum: 18a0b2364

Time (s): cpu = 00:00:02 ; elapsed = 00:00:01 . Memory (MB): peak = 1186.918 ; gain = 0.000

Phase 4.3 Placer Reporting
Phase 4.3 Placer Reporting | Checksum: 18a0b2364

Time (s): cpu = 00:00:02 ; elapsed = 00:00:01 . Memory (MB): peak = 1186.918 ; gain = 0.000

Phase 4.4 Final Placement Cleanup
Phase 4.4 Final Placement Cleanup | Checksum: 1391828ba

Time (s): cpu = 00:00:02 ; elapsed = 00:00:01 . Memory (MB): peak = 1186.918 ; gain = 0.000
Phase 4 Post Placement Optimization and Clean-Up | Checksum: 1391828ba

Time (s): cpu = 00:00:02 ; elapsed = 00:00:01 . Memory (MB): peak = 1186.918 ; gain = 0.000
Ending Placer Task | Checksum: 128418db0

Time (s): cpu = 00:00:02 ; elapsed = 00:00:01 . Memory (MB): peak = 1186.918 ; gain = 0.000
INFO: [Common 17-83] Releasing license: Implementation
40 Infos, 0 Warnings, 0 Critical Warnings and 0 Errors encountered.
place_design completed successfully
Writing placer database...
Writing XDEF routing.
Writing XDEF routing logical nets.
Writing XDEF routing special nets.
Write XDEF Complete: Time (s): cpu = 00:00:00 ; elapsed = 00:00:00.047 . Memory (MB): peak = 1186.918 ; gain = 0.000
INFO: [Common 17-1381] The checkpoint 'F:/FPGA/EEPROM/EEPROM.runs/impl_1/i2c_eerom_top_placed.dcp' has been generated.
INFO: [runtcl-4] Executing : report_io -file i2c_eerom_top_io_placed.rpt
report_io: Time (s): cpu = 00:00:00 ; elapsed = 00:00:00.035 . Memory (MB): peak = 1186.918 ; gain = 0.000
INFO: [runtcl-4] Executing : report_utilization -file i2c_eerom_top_utilization_placed.rpt -pb i2c_eerom_top_utilization_placed.pb
report_utilization: Time (s): cpu = 00:00:00 ; elapsed = 00:00:00.029 . Memory (MB): peak = 1186.918 ; gain = 0.000
INFO: [runtcl-4] Executing : report_control_sets -verbose -file i2c_eerom_top_control_sets_placed.rpt
report_control_sets: Time (s): cpu = 00:00:00 ; elapsed = 00:00:00 . Memory (MB): peak = 1186.918 ; gain = 0.000
Command: route_design
Attempting to get a license for feature 'Implementation' and/or device 'xc7z020'
INFO: [Common 17-349] Got license for feature 'Implementation' and/or device 'xc7z020'
Running DRC as a precondition to command route_design
INFO: [DRC 23-27] Running DRC with 2 threads
INFO: [Vivado_Tcl 4-198] DRC finished with 0 Errors
INFO: [Vivado_Tcl 4-199] Please refer to the DRC report (report_drc) for more information.


Starting Routing Task
INFO: [Route 35-254] Multithreading enabled for route_design using a maximum of 2 CPUs
Checksum: PlaceDB: 889678eb ConstDB: 0 ShapeSum: 9fab14c5 RouteDB: 0

Phase 1 Build RT Design
Phase 1 Build RT Design | Checksum: 1c5dcf90c

Time (s): cpu = 00:00:22 ; elapsed = 00:00:20 . Memory (MB): peak = 1321.723 ; gain = 134.805
Post Restoration Checksum: NetGraph: e7c0af71 NumContArr: de1c499b Constraints: 0 Timing: 0

Phase 2 Router Initialization
INFO: [Route 35-64] No timing constraints were detected. The router will operate in resource-optimization mode.

Phase 2.1 Fix Topology Constraints
Phase 2.1 Fix Topology Constraints | Checksum: 1c5dcf90c

Time (s): cpu = 00:00:22 ; elapsed = 00:00:20 . Memory (MB): peak = 1328.176 ; gain = 141.258

Phase 2.2 Pre Route Cleanup
Phase 2.2 Pre Route Cleanup | Checksum: 1c5dcf90c

Time (s): cpu = 00:00:22 ; elapsed = 00:00:20 . Memory (MB): peak = 1328.176 ; gain = 141.258
 Number of Nodes with overlaps = 0
Phase 2 Router Initialization | Checksum: 110af008e

Time (s): cpu = 00:00:23 ; elapsed = 00:00:20 . Memory (MB): peak = 1337.875 ; gain = 150.957

Phase 3 Initial Routing
Phase 3 Initial Routing | Checksum: c5efc7aa

Time (s): cpu = 00:00:23 ; elapsed = 00:00:20 . Memory (MB): peak = 1337.875 ; gain = 150.957

Phase 4 Rip-up And Reroute

Phase 4.1 Global Iteration 0
 Number of Nodes with overlaps = 7
 Number of Nodes with overlaps = 0
Phase 4.1 Global Iteration 0 | Checksum: e8f2ee6a

Time (s): cpu = 00:00:23 ; elapsed = 00:00:20 . Memory (MB): peak = 1337.875 ; gain = 150.957
Phase 4 Rip-up And Reroute | Checksum: e8f2ee6a

Time (s): cpu = 00:00:23 ; elapsed = 00:00:20 . Memory (MB): peak = 1337.875 ; gain = 150.957

Phase 5 Delay and Skew Optimization
Phase 5 Delay and Skew Optimization | Checksum: e8f2ee6a

Time (s): cpu = 00:00:23 ; elapsed = 00:00:20 . Memory (MB): peak = 1337.875 ; gain = 150.957

Phase 6 Post Hold Fix

Phase 6.1 Hold Fix Iter
Phase 6.1 Hold Fix Iter | Checksum: e8f2ee6a

Time (s): cpu = 00:00:23 ; elapsed = 00:00:20 . Memory (MB): peak = 1337.875 ; gain = 150.957
Phase 6 Post Hold Fix | Checksum: e8f2ee6a

Time (s): cpu = 00:00:23 ; elapsed = 00:00:20 . Memory (MB): peak = 1337.875 ; gain = 150.957

Phase 7 Route finalize

Router Utilization Summary
  Global Vertical Routing Utilization    = 0.00812882 %
  Global Horizontal Routing Utilization  = 0.00633874 %
  Routable Net Status*
  *Does not include unroutable nets such as driverless and loadless.
  Run report_route_status for detailed report.
  Number of Failed Nets               = 0
  Number of Unrouted Nets             = 0
  Number of Partially Routed Nets     = 0
  Number of Node Overlaps             = 0

Utilization threshold used for congestion level computation: 0.85
Congestion Report
North Dir 1x1 Area, Max Cong = 12.6126%, No Congested Regions.
South Dir 1x1 Area, Max Cong = 7.20721%, No Congested Regions.
East Dir 1x1 Area, Max Cong = 8.82353%, No Congested Regions.
West Dir 1x1 Area, Max Cong = 14.7059%, No Congested Regions.
Phase 7 Route finalize | Checksum: e8f2ee6a

Time (s): cpu = 00:00:23 ; elapsed = 00:00:20 . Memory (MB): peak = 1337.875 ; gain = 150.957

Phase 8 Verifying routed nets

 Verification completed successfully
Phase 8 Verifying routed nets | Checksum: e8f2ee6a

Time (s): cpu = 00:00:23 ; elapsed = 00:00:20 . Memory (MB): peak = 1337.875 ; gain = 150.957

Phase 9 Depositing Routes
Phase 9 Depositing Routes | Checksum: 8d1d5a6d

Time (s): cpu = 00:00:23 ; elapsed = 00:00:20 . Memory (MB): peak = 1337.875 ; gain = 150.957
INFO: [Route 35-16] Router Completed Successfully

Time (s): cpu = 00:00:23 ; elapsed = 00:00:20 . Memory (MB): peak = 1337.875 ; gain = 150.957

Routing Is Done.
INFO: [Common 17-83] Releasing license: Implementation
52 Infos, 0 Warnings, 0 Critical Warnings and 0 Errors encountered.
route_design completed successfully
route_design: Time (s): cpu = 00:00:24 ; elapsed = 00:00:21 . Memory (MB): peak = 1337.875 ; gain = 150.957
Writing placer database...
Writing XDEF routing.
Writing XDEF routing logical nets.
Writing XDEF routing special nets.
Write XDEF Complete: Time (s): cpu = 00:00:00 ; elapsed = 00:00:00.050 . Memory (MB): peak = 1337.875 ; gain = 0.000
INFO: [Common 17-1381] The checkpoint 'F:/FPGA/EEPROM/EEPROM.runs/impl_1/i2c_eerom_top_routed.dcp' has been generated.
INFO: [runtcl-4] Executing : report_drc -file i2c_eerom_top_drc_routed.rpt -pb i2c_eerom_top_drc_routed.pb -rpx i2c_eerom_top_drc_routed.rpx
Command: report_drc -file i2c_eerom_top_drc_routed.rpt -pb i2c_eerom_top_drc_routed.pb -rpx i2c_eerom_top_drc_routed.rpx
INFO: [IP_Flow 19-1839] IP Catalog is up to date.
INFO: [DRC 23-27] Running DRC with 2 threads
INFO: [Coretcl 2-168] The results of DRC are in file F:/FPGA/EEPROM/EEPROM.runs/impl_1/i2c_eerom_top_drc_routed.rpt.
report_drc completed successfully
INFO: [runtcl-4] Executing : report_methodology -file i2c_eerom_top_methodology_drc_routed.rpt -pb i2c_eerom_top_methodology_drc_routed.pb -rpx i2c_eerom_top_methodology_drc_routed.rpx
Command: report_methodology -file i2c_eerom_top_methodology_drc_routed.rpt -pb i2c_eerom_top_methodology_drc_routed.pb -rpx i2c_eerom_top_methodology_drc_routed.rpx
INFO: [Timing 38-35] Done setting XDC timing constraints.
INFO: [Timing 38-35] Done setting XDC timing constraints.
INFO: [DRC 23-133] Running Methodology with 2 threads
INFO: [Coretcl 2-1520] The results of Report Methodology are in file F:/FPGA/EEPROM/EEPROM.runs/impl_1/i2c_eerom_top_methodology_drc_routed.rpt.
report_methodology completed successfully
INFO: [runtcl-4] Executing : report_power -file i2c_eerom_top_power_routed.rpt -pb i2c_eerom_top_power_summary_routed.pb -rpx i2c_eerom_top_power_routed.rpx
Command: report_power -file i2c_eerom_top_power_routed.rpt -pb i2c_eerom_top_power_summary_routed.pb -rpx i2c_eerom_top_power_routed.rpx
WARNING: [Power 33-232] No user defined clocks were found in the design!
Resolution: Please specify clocks using create_clock/create_generated_clock for sequential elements. For pure combinatorial circuits, please specify a virtual clock, otherwise the vectorless estimation might be inaccurate
INFO: [Timing 38-35] Done setting XDC timing constraints.
Running Vector-less Activity Propagation...

Finished Running Vector-less Activity Propagation
64 Infos, 1 Warnings, 0 Critical Warnings and 0 Errors encountered.
report_power completed successfully
INFO: [runtcl-4] Executing : report_route_status -file i2c_eerom_top_route_status.rpt -pb i2c_eerom_top_route_status.pb
INFO: [runtcl-4] Executing : report_timing_summary -max_paths 10 -file i2c_eerom_top_timing_summary_routed.rpt -rpx i2c_eerom_top_timing_summary_routed.rpx -warn_on_violation 
INFO: [Timing 38-91] UpdateTimingParams: Speed grade: -2, Delay Type: min_max.
INFO: [Timing 38-191] Multithreading enabled for timing update using a maximum of 2 CPUs
WARNING: [Timing 38-313] There are no user specified timing constraints. Timing constraints are needed for proper timing analysis.
INFO: [runtcl-4] Executing : report_incremental_reuse -file i2c_eerom_top_incremental_reuse_routed.rpt
INFO: [Vivado_Tcl 4-545] No incremental reuse to report, no incremental placement and routing data was found.
INFO: [runtcl-4] Executing : report_clock_utilization -file i2c_eerom_top_clock_utilization_routed.rpt
INFO: [Common 17-206] Exiting Vivado at Fri Nov 22 19:28:12 2024...

*** Running vivado
    with args -log i2c_eerom_top.vdi -applog -m64 -product Vivado -messageDb vivado.pb -mode batch -source i2c_eerom_top.tcl -notrace


****** Vivado v2017.4 (64-bit)
  **** SW Build 2086221 on Fri Dec 15 20:55:39 MST 2017
  **** IP Build 2085800 on Fri Dec 15 22:25:07 MST 2017
    ** Copyright 1986-2017 Xilinx, Inc. All Rights Reserved.

source i2c_eerom_top.tcl -notrace
Command: link_design -top i2c_eerom_top -part xc7z020clg400-2
Design is defaulting to srcset: sources_1
Design is defaulting to constrset: constrs_1
INFO: [Netlist 29-17] Analyzing 3 Unisim elements for replacement
INFO: [Netlist 29-28] Unisim Transformation completed in 0 CPU seconds
INFO: [Project 1-479] Netlist was created with Vivado 2017.4
INFO: [Device 21-403] Loading part xc7z020clg400-2
INFO: [Project 1-570] Preparing netlist for logic optimization
Parsing XDC File [F:/FPGA/EEPROM/EEPROM.srcs/constrs_1/new/i2c_eerom.xdc]
Finished Parsing XDC File [F:/FPGA/EEPROM/EEPROM.srcs/constrs_1/new/i2c_eerom.xdc]
INFO: [Opt 31-138] Pushed 0 inverter(s) to 0 load pin(s).
INFO: [Project 1-111] Unisim Transformation Summary:
  A total of 1 instances were transformed.
  IOBUF => IOBUF (IBUF, OBUFT): 1 instances

7 Infos, 0 Warnings, 0 Critical Warnings and 0 Errors encountered.
link_design completed successfully
link_design: Time (s): cpu = 00:00:06 ; elapsed = 00:00:06 . Memory (MB): peak = 617.277 ; gain = 334.719
Command: opt_design
Attempting to get a license for feature 'Implementation' and/or device 'xc7z020'
INFO: [Common 17-349] Got license for feature 'Implementation' and/or device 'xc7z020'
Running DRC as a precondition to command opt_design

Starting DRC Task
INFO: [DRC 23-27] Running DRC with 2 threads
INFO: [Project 1-461] DRC finished with 0 Errors
INFO: [Project 1-462] Please refer to the DRC report (report_drc) for more information.

Time (s): cpu = 00:00:00 ; elapsed = 00:00:00.352 . Memory (MB): peak = 632.727 ; gain = 15.449
INFO: [Timing 38-35] Done setting XDC timing constraints.

Starting Logic Optimization Task

Phase 1 Retarget
INFO: [Opt 31-138] Pushed 0 inverter(s) to 0 load pin(s).
INFO: [Opt 31-49] Retargeted 0 cell(s).
Phase 1 Retarget | Checksum: 19cc89044

Time (s): cpu = 00:00:00 ; elapsed = 00:00:00.008 . Memory (MB): peak = 1187.172 ; gain = 0.000
INFO: [Opt 31-389] Phase Retarget created 0 cells and removed 1 cells

Phase 2 Constant propagation
INFO: [Opt 31-138] Pushed 0 inverter(s) to 0 load pin(s).
Phase 2 Constant propagation | Checksum: 19cc89044

Time (s): cpu = 00:00:00 ; elapsed = 00:00:00.010 . Memory (MB): peak = 1187.172 ; gain = 0.000
INFO: [Opt 31-389] Phase Constant propagation created 0 cells and removed 0 cells

Phase 3 Sweep
Phase 3 Sweep | Checksum: 19cc89044

Time (s): cpu = 00:00:00 ; elapsed = 00:00:00.011 . Memory (MB): peak = 1187.172 ; gain = 0.000
INFO: [Opt 31-389] Phase Sweep created 0 cells and removed 0 cells

Phase 4 BUFG optimization
Phase 4 BUFG optimization | Checksum: 19cc89044

Time (s): cpu = 00:00:00 ; elapsed = 00:00:00.012 . Memory (MB): peak = 1187.172 ; gain = 0.000
INFO: [Opt 31-389] Phase BUFG optimization created 0 cells and removed 0 cells

Phase 5 Shift Register Optimization
Phase 5 Shift Register Optimization | Checksum: 19cc89044

Time (s): cpu = 00:00:00 ; elapsed = 00:00:00.014 . Memory (MB): peak = 1187.172 ; gain = 0.000
INFO: [Opt 31-389] Phase Shift Register Optimization created 0 cells and removed 0 cells

Starting Connectivity Check Task

Time (s): cpu = 00:00:00 ; elapsed = 00:00:00.001 . Memory (MB): peak = 1187.172 ; gain = 0.000
Ending Logic Optimization Task | Checksum: 19cc89044

Time (s): cpu = 00:00:00 ; elapsed = 00:00:00.015 . Memory (MB): peak = 1187.172 ; gain = 0.000

Starting Power Optimization Task
INFO: [Pwropt 34-132] Skipping clock gating for clocks with a period < 2.00 ns.
Ending Power Optimization Task | Checksum: 19cc89044

Time (s): cpu = 00:00:00 ; elapsed = 00:00:00.004 . Memory (MB): peak = 1187.172 ; gain = 0.000
INFO: [Common 17-83] Releasing license: Implementation
22 Infos, 0 Warnings, 0 Critical Warnings and 0 Errors encountered.
opt_design completed successfully
opt_design: Time (s): cpu = 00:00:08 ; elapsed = 00:00:09 . Memory (MB): peak = 1187.172 ; gain = 569.895
Writing placer database...
Writing XDEF routing.
Writing XDEF routing logical nets.
Writing XDEF routing special nets.
Write XDEF Complete: Time (s): cpu = 00:00:00 ; elapsed = 00:00:00.046 . Memory (MB): peak = 1187.172 ; gain = 0.000
INFO: [Common 17-1381] The checkpoint 'F:/FPGA/EEPROM/EEPROM.runs/impl_1/i2c_eerom_top_opt.dcp' has been generated.
INFO: [runtcl-4] Executing : report_drc -file i2c_eerom_top_drc_opted.rpt -pb i2c_eerom_top_drc_opted.pb -rpx i2c_eerom_top_drc_opted.rpx
Command: report_drc -file i2c_eerom_top_drc_opted.rpt -pb i2c_eerom_top_drc_opted.pb -rpx i2c_eerom_top_drc_opted.rpx
INFO: [IP_Flow 19-234] Refreshing IP repositories
INFO: [IP_Flow 19-1704] No user IP repositories specified
INFO: [IP_Flow 19-2313] Loaded Vivado IP repository 'E:/vivado/Vivado/2017.4/data/ip'.
INFO: [DRC 23-27] Running DRC with 2 threads
INFO: [Coretcl 2-168] The results of DRC are in file F:/FPGA/EEPROM/EEPROM.runs/impl_1/i2c_eerom_top_drc_opted.rpt.
report_drc completed successfully
INFO: [Chipscope 16-241] No debug cores found in the current design.
Before running the implement_debug_core command, either use the Set Up Debug wizard (GUI mode)
or use the create_debug_core and connect_debug_core Tcl commands to insert debug cores into the design.
Command: place_design
Attempting to get a license for feature 'Implementation' and/or device 'xc7z020'
INFO: [Common 17-349] Got license for feature 'Implementation' and/or device 'xc7z020'
INFO: [DRC 23-27] Running DRC with 2 threads
INFO: [Vivado_Tcl 4-198] DRC finished with 0 Errors
INFO: [Vivado_Tcl 4-199] Please refer to the DRC report (report_drc) for more information.
Running DRC as a precondition to command place_design
INFO: [DRC 23-27] Running DRC with 2 threads
INFO: [Vivado_Tcl 4-198] DRC finished with 0 Errors
INFO: [Vivado_Tcl 4-199] Please refer to the DRC report (report_drc) for more information.

Starting Placer Task
INFO: [Place 30-611] Multithreading enabled for place_design using a maximum of 2 CPUs

Phase 1 Placer Initialization

Phase 1.1 Placer Initialization Netlist Sorting
Netlist sorting complete. Time (s): cpu = 00:00:00 ; elapsed = 00:00:00 . Memory (MB): peak = 1187.172 ; gain = 0.000
Phase 1.1 Placer Initialization Netlist Sorting | Checksum: f63683c3

Time (s): cpu = 00:00:00 ; elapsed = 00:00:00.003 . Memory (MB): peak = 1187.172 ; gain = 0.000
Netlist sorting complete. Time (s): cpu = 00:00:00 ; elapsed = 00:00:00 . Memory (MB): peak = 1187.172 ; gain = 0.000

Phase 1.2 IO Placement/ Clock Placement/ Build Placer Device
INFO: [Timing 38-35] Done setting XDC timing constraints.
Phase 1.2 IO Placement/ Clock Placement/ Build Placer Device | Checksum: 199112b8d

Time (s): cpu = 00:00:02 ; elapsed = 00:00:00.669 . Memory (MB): peak = 1187.172 ; gain = 0.000

Phase 1.3 Build Placer Netlist Model
Phase 1.3 Build Placer Netlist Model | Checksum: 2077e40fe

Time (s): cpu = 00:00:02 ; elapsed = 00:00:00.695 . Memory (MB): peak = 1187.172 ; gain = 0.000

Phase 1.4 Constrain Clocks/Macros
Phase 1.4 Constrain Clocks/Macros | Checksum: 2077e40fe

Time (s): cpu = 00:00:02 ; elapsed = 00:00:00.697 . Memory (MB): peak = 1187.172 ; gain = 0.000
Phase 1 Placer Initialization | Checksum: 2077e40fe

Time (s): cpu = 00:00:02 ; elapsed = 00:00:00.698 . Memory (MB): peak = 1187.172 ; gain = 0.000

Phase 2 Global Placement
Phase 2 Global Placement | Checksum: 219cb3082

Time (s): cpu = 00:00:02 ; elapsed = 00:00:01 . Memory (MB): peak = 1187.172 ; gain = 0.000

Phase 3 Detail Placement

Phase 3.1 Commit Multi Column Macros
Phase 3.1 Commit Multi Column Macros | Checksum: 219cb3082

Time (s): cpu = 00:00:02 ; elapsed = 00:00:01 . Memory (MB): peak = 1187.172 ; gain = 0.000

Phase 3.2 Commit Most Macros & LUTRAMs
Phase 3.2 Commit Most Macros & LUTRAMs | Checksum: 2012ffa9b

Time (s): cpu = 00:00:02 ; elapsed = 00:00:01 . Memory (MB): peak = 1187.172 ; gain = 0.000

Phase 3.3 Area Swap Optimization
Phase 3.3 Area Swap Optimization | Checksum: 25661a46b

Time (s): cpu = 00:00:02 ; elapsed = 00:00:01 . Memory (MB): peak = 1187.172 ; gain = 0.000

Phase 3.4 Pipeline Register Optimization
Phase 3.4 Pipeline Register Optimization | Checksum: 25661a46b

Time (s): cpu = 00:00:02 ; elapsed = 00:00:01 . Memory (MB): peak = 1187.172 ; gain = 0.000

Phase 3.5 Small Shape Detail Placement
Phase 3.5 Small Shape Detail Placement | Checksum: 18a0b2364

Time (s): cpu = 00:00:02 ; elapsed = 00:00:01 . Memory (MB): peak = 1187.172 ; gain = 0.000

Phase 3.6 Re-assign LUT pins
Phase 3.6 Re-assign LUT pins | Checksum: 18a0b2364

Time (s): cpu = 00:00:02 ; elapsed = 00:00:01 . Memory (MB): peak = 1187.172 ; gain = 0.000

Phase 3.7 Pipeline Register Optimization
Phase 3.7 Pipeline Register Optimization | Checksum: 18a0b2364

Time (s): cpu = 00:00:02 ; elapsed = 00:00:01 . Memory (MB): peak = 1187.172 ; gain = 0.000
Phase 3 Detail Placement | Checksum: 18a0b2364

Time (s): cpu = 00:00:02 ; elapsed = 00:00:01 . Memory (MB): peak = 1187.172 ; gain = 0.000

Phase 4 Post Placement Optimization and Clean-Up

Phase 4.1 Post Commit Optimization
Phase 4.1 Post Commit Optimization | Checksum: 18a0b2364

Time (s): cpu = 00:00:02 ; elapsed = 00:00:01 . Memory (MB): peak = 1187.172 ; gain = 0.000

Phase 4.2 Post Placement Cleanup
Phase 4.2 Post Placement Cleanup | Checksum: 18a0b2364

Time (s): cpu = 00:00:02 ; elapsed = 00:00:01 . Memory (MB): peak = 1187.172 ; gain = 0.000

Phase 4.3 Placer Reporting
Phase 4.3 Placer Reporting | Checksum: 18a0b2364

Time (s): cpu = 00:00:02 ; elapsed = 00:00:01 . Memory (MB): peak = 1187.172 ; gain = 0.000

Phase 4.4 Final Placement Cleanup
Phase 4.4 Final Placement Cleanup | Checksum: 1391828ba

Time (s): cpu = 00:00:02 ; elapsed = 00:00:01 . Memory (MB): peak = 1187.172 ; gain = 0.000
Phase 4 Post Placement Optimization and Clean-Up | Checksum: 1391828ba

Time (s): cpu = 00:00:02 ; elapsed = 00:00:01 . Memory (MB): peak = 1187.172 ; gain = 0.000
Ending Placer Task | Checksum: 128418db0

Time (s): cpu = 00:00:02 ; elapsed = 00:00:01 . Memory (MB): peak = 1187.172 ; gain = 0.000
INFO: [Common 17-83] Releasing license: Implementation
40 Infos, 0 Warnings, 0 Critical Warnings and 0 Errors encountered.
place_design completed successfully
Writing placer database...
Writing XDEF routing.
Writing XDEF routing logical nets.
Writing XDEF routing special nets.
Write XDEF Complete: Time (s): cpu = 00:00:00 ; elapsed = 00:00:00.047 . Memory (MB): peak = 1187.172 ; gain = 0.000
INFO: [Common 17-1381] The checkpoint 'F:/FPGA/EEPROM/EEPROM.runs/impl_1/i2c_eerom_top_placed.dcp' has been generated.
INFO: [runtcl-4] Executing : report_io -file i2c_eerom_top_io_placed.rpt
report_io: Time (s): cpu = 00:00:00 ; elapsed = 00:00:00.037 . Memory (MB): peak = 1187.172 ; gain = 0.000
INFO: [runtcl-4] Executing : report_utilization -file i2c_eerom_top_utilization_placed.rpt -pb i2c_eerom_top_utilization_placed.pb
report_utilization: Time (s): cpu = 00:00:00 ; elapsed = 00:00:00.030 . Memory (MB): peak = 1187.172 ; gain = 0.000
INFO: [runtcl-4] Executing : report_control_sets -verbose -file i2c_eerom_top_control_sets_placed.rpt
report_control_sets: Time (s): cpu = 00:00:00 ; elapsed = 00:00:00 . Memory (MB): peak = 1187.172 ; gain = 0.000
Command: route_design
Attempting to get a license for feature 'Implementation' and/or device 'xc7z020'
INFO: [Common 17-349] Got license for feature 'Implementation' and/or device 'xc7z020'
Running DRC as a precondition to command route_design
INFO: [DRC 23-27] Running DRC with 2 threads
INFO: [Vivado_Tcl 4-198] DRC finished with 0 Errors
INFO: [Vivado_Tcl 4-199] Please refer to the DRC report (report_drc) for more information.


Starting Routing Task
INFO: [Route 35-254] Multithreading enabled for route_design using a maximum of 2 CPUs
Checksum: PlaceDB: 889678eb ConstDB: 0 ShapeSum: 9fab14c5 RouteDB: 0

Phase 1 Build RT Design
Phase 1 Build RT Design | Checksum: 1c5dcf90c

Time (s): cpu = 00:00:23 ; elapsed = 00:00:20 . Memory (MB): peak = 1320.496 ; gain = 133.324
Post Restoration Checksum: NetGraph: e7c0af71 NumContArr: de1c499b Constraints: 0 Timing: 0

Phase 2 Router Initialization
INFO: [Route 35-64] No timing constraints were detected. The router will operate in resource-optimization mode.

Phase 2.1 Fix Topology Constraints
Phase 2.1 Fix Topology Constraints | Checksum: 1c5dcf90c

Time (s): cpu = 00:00:23 ; elapsed = 00:00:21 . Memory (MB): peak = 1326.449 ; gain = 139.277

Phase 2.2 Pre Route Cleanup
Phase 2.2 Pre Route Cleanup | Checksum: 1c5dcf90c

Time (s): cpu = 00:00:23 ; elapsed = 00:00:21 . Memory (MB): peak = 1326.449 ; gain = 139.277
 Number of Nodes with overlaps = 0
Phase 2 Router Initialization | Checksum: 110af008e

Time (s): cpu = 00:00:23 ; elapsed = 00:00:21 . Memory (MB): peak = 1336.480 ; gain = 149.309

Phase 3 Initial Routing
Phase 3 Initial Routing | Checksum: c5efc7aa

Time (s): cpu = 00:00:24 ; elapsed = 00:00:21 . Memory (MB): peak = 1336.480 ; gain = 149.309

Phase 4 Rip-up And Reroute

Phase 4.1 Global Iteration 0
 Number of Nodes with overlaps = 7
 Number of Nodes with overlaps = 0
Phase 4.1 Global Iteration 0 | Checksum: e8f2ee6a

Time (s): cpu = 00:00:24 ; elapsed = 00:00:21 . Memory (MB): peak = 1336.480 ; gain = 149.309
Phase 4 Rip-up And Reroute | Checksum: e8f2ee6a

Time (s): cpu = 00:00:24 ; elapsed = 00:00:21 . Memory (MB): peak = 1336.480 ; gain = 149.309

Phase 5 Delay and Skew Optimization
Phase 5 Delay and Skew Optimization | Checksum: e8f2ee6a

Time (s): cpu = 00:00:24 ; elapsed = 00:00:21 . Memory (MB): peak = 1336.480 ; gain = 149.309

Phase 6 Post Hold Fix

Phase 6.1 Hold Fix Iter
Phase 6.1 Hold Fix Iter | Checksum: e8f2ee6a

Time (s): cpu = 00:00:24 ; elapsed = 00:00:21 . Memory (MB): peak = 1336.480 ; gain = 149.309
Phase 6 Post Hold Fix | Checksum: e8f2ee6a

Time (s): cpu = 00:00:24 ; elapsed = 00:00:21 . Memory (MB): peak = 1336.480 ; gain = 149.309

Phase 7 Route finalize

Router Utilization Summary
  Global Vertical Routing Utilization    = 0.00812882 %
  Global Horizontal Routing Utilization  = 0.00633874 %
  Routable Net Status*
  *Does not include unroutable nets such as driverless and loadless.
  Run report_route_status for detailed report.
  Number of Failed Nets               = 0
  Number of Unrouted Nets             = 0
  Number of Partially Routed Nets     = 0
  Number of Node Overlaps             = 0

Utilization threshold used for congestion level computation: 0.85
Congestion Report
North Dir 1x1 Area, Max Cong = 12.6126%, No Congested Regions.
South Dir 1x1 Area, Max Cong = 7.20721%, No Congested Regions.
East Dir 1x1 Area, Max Cong = 8.82353%, No Congested Regions.
West Dir 1x1 Area, Max Cong = 14.7059%, No Congested Regions.
Phase 7 Route finalize | Checksum: e8f2ee6a

Time (s): cpu = 00:00:24 ; elapsed = 00:00:21 . Memory (MB): peak = 1336.480 ; gain = 149.309

Phase 8 Verifying routed nets

 Verification completed successfully
Phase 8 Verifying routed nets | Checksum: e8f2ee6a

Time (s): cpu = 00:00:24 ; elapsed = 00:00:21 . Memory (MB): peak = 1336.480 ; gain = 149.309

Phase 9 Depositing Routes
Phase 9 Depositing Routes | Checksum: 8d1d5a6d

Time (s): cpu = 00:00:24 ; elapsed = 00:00:21 . Memory (MB): peak = 1336.480 ; gain = 149.309
INFO: [Route 35-16] Router Completed Successfully

Time (s): cpu = 00:00:24 ; elapsed = 00:00:21 . Memory (MB): peak = 1336.480 ; gain = 149.309

Routing Is Done.
INFO: [Common 17-83] Releasing license: Implementation
52 Infos, 0 Warnings, 0 Critical Warnings and 0 Errors encountered.
route_design completed successfully
route_design: Time (s): cpu = 00:00:25 ; elapsed = 00:00:21 . Memory (MB): peak = 1336.480 ; gain = 149.309
Writing placer database...
Writing XDEF routing.
Writing XDEF routing logical nets.
Writing XDEF routing special nets.
Write XDEF Complete: Time (s): cpu = 00:00:00 ; elapsed = 00:00:00.048 . Memory (MB): peak = 1336.480 ; gain = 0.000
INFO: [Common 17-1381] The checkpoint 'F:/FPGA/EEPROM/EEPROM.runs/impl_1/i2c_eerom_top_routed.dcp' has been generated.
INFO: [runtcl-4] Executing : report_drc -file i2c_eerom_top_drc_routed.rpt -pb i2c_eerom_top_drc_routed.pb -rpx i2c_eerom_top_drc_routed.rpx
Command: report_drc -file i2c_eerom_top_drc_routed.rpt -pb i2c_eerom_top_drc_routed.pb -rpx i2c_eerom_top_drc_routed.rpx
INFO: [IP_Flow 19-1839] IP Catalog is up to date.
INFO: [DRC 23-27] Running DRC with 2 threads
INFO: [Coretcl 2-168] The results of DRC are in file F:/FPGA/EEPROM/EEPROM.runs/impl_1/i2c_eerom_top_drc_routed.rpt.
report_drc completed successfully
INFO: [runtcl-4] Executing : report_methodology -file i2c_eerom_top_methodology_drc_routed.rpt -pb i2c_eerom_top_methodology_drc_routed.pb -rpx i2c_eerom_top_methodology_drc_routed.rpx
Command: report_methodology -file i2c_eerom_top_methodology_drc_routed.rpt -pb i2c_eerom_top_methodology_drc_routed.pb -rpx i2c_eerom_top_methodology_drc_routed.rpx
INFO: [Timing 38-35] Done setting XDC timing constraints.
INFO: [Timing 38-35] Done setting XDC timing constraints.
INFO: [DRC 23-133] Running Methodology with 2 threads
INFO: [Coretcl 2-1520] The results of Report Methodology are in file F:/FPGA/EEPROM/EEPROM.runs/impl_1/i2c_eerom_top_methodology_drc_routed.rpt.
report_methodology completed successfully
INFO: [runtcl-4] Executing : report_power -file i2c_eerom_top_power_routed.rpt -pb i2c_eerom_top_power_summary_routed.pb -rpx i2c_eerom_top_power_routed.rpx
Command: report_power -file i2c_eerom_top_power_routed.rpt -pb i2c_eerom_top_power_summary_routed.pb -rpx i2c_eerom_top_power_routed.rpx
WARNING: [Power 33-232] No user defined clocks were found in the design!
Resolution: Please specify clocks using create_clock/create_generated_clock for sequential elements. For pure combinatorial circuits, please specify a virtual clock, otherwise the vectorless estimation might be inaccurate
INFO: [Timing 38-35] Done setting XDC timing constraints.
Running Vector-less Activity Propagation...

Finished Running Vector-less Activity Propagation
64 Infos, 1 Warnings, 0 Critical Warnings and 0 Errors encountered.
report_power completed successfully
INFO: [runtcl-4] Executing : report_route_status -file i2c_eerom_top_route_status.rpt -pb i2c_eerom_top_route_status.pb
INFO: [runtcl-4] Executing : report_timing_summary -max_paths 10 -file i2c_eerom_top_timing_summary_routed.rpt -rpx i2c_eerom_top_timing_summary_routed.rpx -warn_on_violation 
INFO: [Timing 38-91] UpdateTimingParams: Speed grade: -2, Delay Type: min_max.
INFO: [Timing 38-191] Multithreading enabled for timing update using a maximum of 2 CPUs
WARNING: [Timing 38-313] There are no user specified timing constraints. Timing constraints are needed for proper timing analysis.
INFO: [runtcl-4] Executing : report_incremental_reuse -file i2c_eerom_top_incremental_reuse_routed.rpt
INFO: [Vivado_Tcl 4-545] No incremental reuse to report, no incremental placement and routing data was found.
INFO: [runtcl-4] Executing : report_clock_utilization -file i2c_eerom_top_clock_utilization_routed.rpt
INFO: [Common 17-206] Exiting Vivado at Fri Nov 22 19:30:12 2024...

*** Running vivado
    with args -log i2c_eerom_top.vdi -applog -m64 -product Vivado -messageDb vivado.pb -mode batch -source i2c_eerom_top.tcl -notrace


****** Vivado v2017.4 (64-bit)
  **** SW Build 2086221 on Fri Dec 15 20:55:39 MST 2017
  **** IP Build 2085800 on Fri Dec 15 22:25:07 MST 2017
    ** Copyright 1986-2017 Xilinx, Inc. All Rights Reserved.

source i2c_eerom_top.tcl -notrace
Command: link_design -top i2c_eerom_top -part xc7z020clg400-2
Design is defaulting to srcset: sources_1
Design is defaulting to constrset: constrs_1
INFO: [Netlist 29-17] Analyzing 3 Unisim elements for replacement
INFO: [Netlist 29-28] Unisim Transformation completed in 0 CPU seconds
INFO: [Project 1-479] Netlist was created with Vivado 2017.4
INFO: [Device 21-403] Loading part xc7z020clg400-2
INFO: [Project 1-570] Preparing netlist for logic optimization
Parsing XDC File [F:/FPGA/EEPROM/EEPROM.srcs/constrs_1/new/i2c_eerom.xdc]
Finished Parsing XDC File [F:/FPGA/EEPROM/EEPROM.srcs/constrs_1/new/i2c_eerom.xdc]
INFO: [Opt 31-138] Pushed 0 inverter(s) to 0 load pin(s).
INFO: [Project 1-111] Unisim Transformation Summary:
  A total of 1 instances were transformed.
  IOBUF => IOBUF (IBUF, OBUFT): 1 instances

7 Infos, 0 Warnings, 0 Critical Warnings and 0 Errors encountered.
link_design completed successfully
link_design: Time (s): cpu = 00:00:05 ; elapsed = 00:00:06 . Memory (MB): peak = 616.977 ; gain = 335.078
Command: opt_design
Attempting to get a license for feature 'Implementation' and/or device 'xc7z020'
INFO: [Common 17-349] Got license for feature 'Implementation' and/or device 'xc7z020'
Running DRC as a precondition to command opt_design

Starting DRC Task
INFO: [DRC 23-27] Running DRC with 2 threads
INFO: [Project 1-461] DRC finished with 0 Errors
INFO: [Project 1-462] Please refer to the DRC report (report_drc) for more information.

Time (s): cpu = 00:00:01 ; elapsed = 00:00:00.397 . Memory (MB): peak = 632.777 ; gain = 15.801
INFO: [Timing 38-35] Done setting XDC timing constraints.

Starting Logic Optimization Task

Phase 1 Retarget
INFO: [Opt 31-138] Pushed 0 inverter(s) to 0 load pin(s).
INFO: [Opt 31-49] Retargeted 0 cell(s).
Phase 1 Retarget | Checksum: 120efe6f1

Time (s): cpu = 00:00:00 ; elapsed = 00:00:00.009 . Memory (MB): peak = 1187.176 ; gain = 0.000
INFO: [Opt 31-389] Phase Retarget created 0 cells and removed 1 cells

Phase 2 Constant propagation
INFO: [Opt 31-138] Pushed 0 inverter(s) to 0 load pin(s).
Phase 2 Constant propagation | Checksum: 120efe6f1

Time (s): cpu = 00:00:00 ; elapsed = 00:00:00.011 . Memory (MB): peak = 1187.176 ; gain = 0.000
INFO: [Opt 31-389] Phase Constant propagation created 0 cells and removed 0 cells

Phase 3 Sweep
Phase 3 Sweep | Checksum: 120efe6f1

Time (s): cpu = 00:00:00 ; elapsed = 00:00:00.013 . Memory (MB): peak = 1187.176 ; gain = 0.000
INFO: [Opt 31-389] Phase Sweep created 0 cells and removed 0 cells

Phase 4 BUFG optimization
Phase 4 BUFG optimization | Checksum: 120efe6f1

Time (s): cpu = 00:00:00 ; elapsed = 00:00:00.014 . Memory (MB): peak = 1187.176 ; gain = 0.000
INFO: [Opt 31-389] Phase BUFG optimization created 0 cells and removed 0 cells

Phase 5 Shift Register Optimization
Phase 5 Shift Register Optimization | Checksum: 120efe6f1

Time (s): cpu = 00:00:00 ; elapsed = 00:00:00.015 . Memory (MB): peak = 1187.176 ; gain = 0.000
INFO: [Opt 31-389] Phase Shift Register Optimization created 0 cells and removed 0 cells

Starting Connectivity Check Task

Time (s): cpu = 00:00:00 ; elapsed = 00:00:00 . Memory (MB): peak = 1187.176 ; gain = 0.000
Ending Logic Optimization Task | Checksum: 120efe6f1

Time (s): cpu = 00:00:00 ; elapsed = 00:00:00.016 . Memory (MB): peak = 1187.176 ; gain = 0.000

Starting Power Optimization Task
INFO: [Pwropt 34-132] Skipping clock gating for clocks with a period < 2.00 ns.
Ending Power Optimization Task | Checksum: 120efe6f1

Time (s): cpu = 00:00:00 ; elapsed = 00:00:00.005 . Memory (MB): peak = 1187.176 ; gain = 0.000
INFO: [Common 17-83] Releasing license: Implementation
22 Infos, 0 Warnings, 0 Critical Warnings and 0 Errors encountered.
opt_design completed successfully
opt_design: Time (s): cpu = 00:00:09 ; elapsed = 00:00:09 . Memory (MB): peak = 1187.176 ; gain = 570.199
Writing placer database...
Writing XDEF routing.
Writing XDEF routing logical nets.
Writing XDEF routing special nets.
Write XDEF Complete: Time (s): cpu = 00:00:00 ; elapsed = 00:00:00.043 . Memory (MB): peak = 1187.176 ; gain = 0.000
INFO: [Common 17-1381] The checkpoint 'F:/FPGA/EEPROM/EEPROM.runs/impl_1/i2c_eerom_top_opt.dcp' has been generated.
INFO: [runtcl-4] Executing : report_drc -file i2c_eerom_top_drc_opted.rpt -pb i2c_eerom_top_drc_opted.pb -rpx i2c_eerom_top_drc_opted.rpx
Command: report_drc -file i2c_eerom_top_drc_opted.rpt -pb i2c_eerom_top_drc_opted.pb -rpx i2c_eerom_top_drc_opted.rpx
INFO: [IP_Flow 19-234] Refreshing IP repositories
INFO: [IP_Flow 19-1704] No user IP repositories specified
INFO: [IP_Flow 19-2313] Loaded Vivado IP repository 'E:/vivado/Vivado/2017.4/data/ip'.
INFO: [DRC 23-27] Running DRC with 2 threads
INFO: [Coretcl 2-168] The results of DRC are in file F:/FPGA/EEPROM/EEPROM.runs/impl_1/i2c_eerom_top_drc_opted.rpt.
report_drc completed successfully
INFO: [Chipscope 16-241] No debug cores found in the current design.
Before running the implement_debug_core command, either use the Set Up Debug wizard (GUI mode)
or use the create_debug_core and connect_debug_core Tcl commands to insert debug cores into the design.
Command: place_design
Attempting to get a license for feature 'Implementation' and/or device 'xc7z020'
INFO: [Common 17-349] Got license for feature 'Implementation' and/or device 'xc7z020'
INFO: [DRC 23-27] Running DRC with 2 threads
INFO: [Vivado_Tcl 4-198] DRC finished with 0 Errors
INFO: [Vivado_Tcl 4-199] Please refer to the DRC report (report_drc) for more information.
Running DRC as a precondition to command place_design
INFO: [DRC 23-27] Running DRC with 2 threads
INFO: [Vivado_Tcl 4-198] DRC finished with 0 Errors
INFO: [Vivado_Tcl 4-199] Please refer to the DRC report (report_drc) for more information.

Starting Placer Task
INFO: [Place 30-611] Multithreading enabled for place_design using a maximum of 2 CPUs

Phase 1 Placer Initialization

Phase 1.1 Placer Initialization Netlist Sorting
Netlist sorting complete. Time (s): cpu = 00:00:00 ; elapsed = 00:00:00 . Memory (MB): peak = 1187.176 ; gain = 0.000
Phase 1.1 Placer Initialization Netlist Sorting | Checksum: d582e26a

Time (s): cpu = 00:00:00 ; elapsed = 00:00:00.002 . Memory (MB): peak = 1187.176 ; gain = 0.000
Netlist sorting complete. Time (s): cpu = 00:00:00 ; elapsed = 00:00:00.001 . Memory (MB): peak = 1187.176 ; gain = 0.000

Phase 1.2 IO Placement/ Clock Placement/ Build Placer Device
INFO: [Timing 38-35] Done setting XDC timing constraints.
Phase 1.2 IO Placement/ Clock Placement/ Build Placer Device | Checksum: fbf37ca4

Time (s): cpu = 00:00:01 ; elapsed = 00:00:00.688 . Memory (MB): peak = 1187.176 ; gain = 0.000

Phase 1.3 Build Placer Netlist Model
Phase 1.3 Build Placer Netlist Model | Checksum: 1208f8064

Time (s): cpu = 00:00:01 ; elapsed = 00:00:00.714 . Memory (MB): peak = 1187.176 ; gain = 0.000

Phase 1.4 Constrain Clocks/Macros
Phase 1.4 Constrain Clocks/Macros | Checksum: 1208f8064

Time (s): cpu = 00:00:01 ; elapsed = 00:00:00.716 . Memory (MB): peak = 1187.176 ; gain = 0.000
Phase 1 Placer Initialization | Checksum: 1208f8064

Time (s): cpu = 00:00:01 ; elapsed = 00:00:00.717 . Memory (MB): peak = 1187.176 ; gain = 0.000

Phase 2 Global Placement
Phase 2 Global Placement | Checksum: 1003dc483

Time (s): cpu = 00:00:01 ; elapsed = 00:00:01 . Memory (MB): peak = 1187.176 ; gain = 0.000

Phase 3 Detail Placement

Phase 3.1 Commit Multi Column Macros
Phase 3.1 Commit Multi Column Macros | Checksum: 1003dc483

Time (s): cpu = 00:00:01 ; elapsed = 00:00:01 . Memory (MB): peak = 1187.176 ; gain = 0.000

Phase 3.2 Commit Most Macros & LUTRAMs
Phase 3.2 Commit Most Macros & LUTRAMs | Checksum: 1203a2c71

Time (s): cpu = 00:00:01 ; elapsed = 00:00:01 . Memory (MB): peak = 1187.176 ; gain = 0.000

Phase 3.3 Area Swap Optimization
Phase 3.3 Area Swap Optimization | Checksum: 186e74afb

Time (s): cpu = 00:00:01 ; elapsed = 00:00:01 . Memory (MB): peak = 1187.176 ; gain = 0.000

Phase 3.4 Pipeline Register Optimization
Phase 3.4 Pipeline Register Optimization | Checksum: 186e74afb

Time (s): cpu = 00:00:01 ; elapsed = 00:00:01 . Memory (MB): peak = 1187.176 ; gain = 0.000

Phase 3.5 Small Shape Detail Placement
Phase 3.5 Small Shape Detail Placement | Checksum: 19d67a27f

Time (s): cpu = 00:00:01 ; elapsed = 00:00:01 . Memory (MB): peak = 1187.176 ; gain = 0.000

Phase 3.6 Re-assign LUT pins
Phase 3.6 Re-assign LUT pins | Checksum: 19d67a27f

Time (s): cpu = 00:00:01 ; elapsed = 00:00:01 . Memory (MB): peak = 1187.176 ; gain = 0.000

Phase 3.7 Pipeline Register Optimization
Phase 3.7 Pipeline Register Optimization | Checksum: 19d67a27f

Time (s): cpu = 00:00:01 ; elapsed = 00:00:01 . Memory (MB): peak = 1187.176 ; gain = 0.000
Phase 3 Detail Placement | Checksum: 19d67a27f

Time (s): cpu = 00:00:01 ; elapsed = 00:00:01 . Memory (MB): peak = 1187.176 ; gain = 0.000

Phase 4 Post Placement Optimization and Clean-Up

Phase 4.1 Post Commit Optimization
Phase 4.1 Post Commit Optimization | Checksum: 19d67a27f

Time (s): cpu = 00:00:01 ; elapsed = 00:00:01 . Memory (MB): peak = 1187.176 ; gain = 0.000

Phase 4.2 Post Placement Cleanup
Phase 4.2 Post Placement Cleanup | Checksum: 19d67a27f

Time (s): cpu = 00:00:01 ; elapsed = 00:00:01 . Memory (MB): peak = 1187.176 ; gain = 0.000

Phase 4.3 Placer Reporting
Phase 4.3 Placer Reporting | Checksum: 19d67a27f

Time (s): cpu = 00:00:01 ; elapsed = 00:00:01 . Memory (MB): peak = 1187.176 ; gain = 0.000

Phase 4.4 Final Placement Cleanup
Phase 4.4 Final Placement Cleanup | Checksum: 21d98acf5

Time (s): cpu = 00:00:01 ; elapsed = 00:00:01 . Memory (MB): peak = 1187.176 ; gain = 0.000
Phase 4 Post Placement Optimization and Clean-Up | Checksum: 21d98acf5

Time (s): cpu = 00:00:01 ; elapsed = 00:00:01 . Memory (MB): peak = 1187.176 ; gain = 0.000
Ending Placer Task | Checksum: 1cb96a85c

Time (s): cpu = 00:00:01 ; elapsed = 00:00:01 . Memory (MB): peak = 1187.176 ; gain = 0.000
INFO: [Common 17-83] Releasing license: Implementation
40 Infos, 0 Warnings, 0 Critical Warnings and 0 Errors encountered.
place_design completed successfully
Writing placer database...
Writing XDEF routing.
Writing XDEF routing logical nets.
Writing XDEF routing special nets.
Write XDEF Complete: Time (s): cpu = 00:00:01 ; elapsed = 00:00:00.038 . Memory (MB): peak = 1187.176 ; gain = 0.000
INFO: [Common 17-1381] The checkpoint 'F:/FPGA/EEPROM/EEPROM.runs/impl_1/i2c_eerom_top_placed.dcp' has been generated.
INFO: [runtcl-4] Executing : report_io -file i2c_eerom_top_io_placed.rpt
report_io: Time (s): cpu = 00:00:00 ; elapsed = 00:00:00.037 . Memory (MB): peak = 1187.176 ; gain = 0.000
INFO: [runtcl-4] Executing : report_utilization -file i2c_eerom_top_utilization_placed.rpt -pb i2c_eerom_top_utilization_placed.pb
report_utilization: Time (s): cpu = 00:00:00 ; elapsed = 00:00:00.031 . Memory (MB): peak = 1187.176 ; gain = 0.000
INFO: [runtcl-4] Executing : report_control_sets -verbose -file i2c_eerom_top_control_sets_placed.rpt
report_control_sets: Time (s): cpu = 00:00:00 ; elapsed = 00:00:00.001 . Memory (MB): peak = 1187.176 ; gain = 0.000
Command: route_design
Attempting to get a license for feature 'Implementation' and/or device 'xc7z020'
INFO: [Common 17-349] Got license for feature 'Implementation' and/or device 'xc7z020'
Running DRC as a precondition to command route_design
INFO: [DRC 23-27] Running DRC with 2 threads
INFO: [Vivado_Tcl 4-198] DRC finished with 0 Errors
INFO: [Vivado_Tcl 4-199] Please refer to the DRC report (report_drc) for more information.


Starting Routing Task
INFO: [Route 35-254] Multithreading enabled for route_design using a maximum of 2 CPUs
Checksum: PlaceDB: f7e53d60 ConstDB: 0 ShapeSum: d3b16afc RouteDB: 0

Phase 1 Build RT Design
Phase 1 Build RT Design | Checksum: ee3e4549

Time (s): cpu = 00:00:22 ; elapsed = 00:00:20 . Memory (MB): peak = 1321.328 ; gain = 134.152
Post Restoration Checksum: NetGraph: 2e04d464 NumContArr: c03970e5 Constraints: 0 Timing: 0

Phase 2 Router Initialization
INFO: [Route 35-64] No timing constraints were detected. The router will operate in resource-optimization mode.

Phase 2.1 Fix Topology Constraints
Phase 2.1 Fix Topology Constraints | Checksum: ee3e4549

Time (s): cpu = 00:00:22 ; elapsed = 00:00:20 . Memory (MB): peak = 1327.230 ; gain = 140.055

Phase 2.2 Pre Route Cleanup
Phase 2.2 Pre Route Cleanup | Checksum: ee3e4549

Time (s): cpu = 00:00:22 ; elapsed = 00:00:20 . Memory (MB): peak = 1327.230 ; gain = 140.055
 Number of Nodes with overlaps = 0
Phase 2 Router Initialization | Checksum: 12982202b

Time (s): cpu = 00:00:22 ; elapsed = 00:00:20 . Memory (MB): peak = 1336.594 ; gain = 149.418

Phase 3 Initial Routing
Phase 3 Initial Routing | Checksum: 1671d2b24

Time (s): cpu = 00:00:22 ; elapsed = 00:00:20 . Memory (MB): peak = 1336.594 ; gain = 149.418

Phase 4 Rip-up And Reroute

Phase 4.1 Global Iteration 0
 Number of Nodes with overlaps = 8
 Number of Nodes with overlaps = 0
Phase 4.1 Global Iteration 0 | Checksum: 153910f8c

Time (s): cpu = 00:00:22 ; elapsed = 00:00:20 . Memory (MB): peak = 1336.594 ; gain = 149.418
Phase 4 Rip-up And Reroute | Checksum: 153910f8c

Time (s): cpu = 00:00:22 ; elapsed = 00:00:20 . Memory (MB): peak = 1336.594 ; gain = 149.418

Phase 5 Delay and Skew Optimization
Phase 5 Delay and Skew Optimization | Checksum: 153910f8c

Time (s): cpu = 00:00:22 ; elapsed = 00:00:20 . Memory (MB): peak = 1336.594 ; gain = 149.418

Phase 6 Post Hold Fix

Phase 6.1 Hold Fix Iter
Phase 6.1 Hold Fix Iter | Checksum: 153910f8c

Time (s): cpu = 00:00:22 ; elapsed = 00:00:20 . Memory (MB): peak = 1336.594 ; gain = 149.418
Phase 6 Post Hold Fix | Checksum: 153910f8c

Time (s): cpu = 00:00:22 ; elapsed = 00:00:20 . Memory (MB): peak = 1336.594 ; gain = 149.418

Phase 7 Route finalize

Router Utilization Summary
  Global Vertical Routing Utilization    = 0.00818059 %
  Global Horizontal Routing Utilization  = 0.00515551 %
  Routable Net Status*
  *Does not include unroutable nets such as driverless and loadless.
  Run report_route_status for detailed report.
  Number of Failed Nets               = 0
  Number of Unrouted Nets             = 0
  Number of Partially Routed Nets     = 0
  Number of Node Overlaps             = 0

Utilization threshold used for congestion level computation: 0.85
Congestion Report
North Dir 1x1 Area, Max Cong = 9.00901%, No Congested Regions.
South Dir 1x1 Area, Max Cong = 9.00901%, No Congested Regions.
East Dir 1x1 Area, Max Cong = 14.7059%, No Congested Regions.
West Dir 1x1 Area, Max Cong = 8.82353%, No Congested Regions.
Phase 7 Route finalize | Checksum: 153910f8c

Time (s): cpu = 00:00:22 ; elapsed = 00:00:20 . Memory (MB): peak = 1336.594 ; gain = 149.418

Phase 8 Verifying routed nets

 Verification completed successfully
Phase 8 Verifying routed nets | Checksum: 153910f8c

Time (s): cpu = 00:00:22 ; elapsed = 00:00:20 . Memory (MB): peak = 1336.594 ; gain = 149.418

Phase 9 Depositing Routes
Phase 9 Depositing Routes | Checksum: 1609f954d

Time (s): cpu = 00:00:22 ; elapsed = 00:00:20 . Memory (MB): peak = 1336.594 ; gain = 149.418
INFO: [Route 35-16] Router Completed Successfully

Time (s): cpu = 00:00:22 ; elapsed = 00:00:20 . Memory (MB): peak = 1336.594 ; gain = 149.418

Routing Is Done.
INFO: [Common 17-83] Releasing license: Implementation
52 Infos, 0 Warnings, 0 Critical Warnings and 0 Errors encountered.
route_design completed successfully
route_design: Time (s): cpu = 00:00:23 ; elapsed = 00:00:21 . Memory (MB): peak = 1336.594 ; gain = 149.418
Writing placer database...
Writing XDEF routing.
Writing XDEF routing logical nets.
Writing XDEF routing special nets.
Write XDEF Complete: Time (s): cpu = 00:00:00 ; elapsed = 00:00:00.046 . Memory (MB): peak = 1336.594 ; gain = 0.000
INFO: [Common 17-1381] The checkpoint 'F:/FPGA/EEPROM/EEPROM.runs/impl_1/i2c_eerom_top_routed.dcp' has been generated.
INFO: [runtcl-4] Executing : report_drc -file i2c_eerom_top_drc_routed.rpt -pb i2c_eerom_top_drc_routed.pb -rpx i2c_eerom_top_drc_routed.rpx
Command: report_drc -file i2c_eerom_top_drc_routed.rpt -pb i2c_eerom_top_drc_routed.pb -rpx i2c_eerom_top_drc_routed.rpx
INFO: [IP_Flow 19-1839] IP Catalog is up to date.
INFO: [DRC 23-27] Running DRC with 2 threads
INFO: [Coretcl 2-168] The results of DRC are in file F:/FPGA/EEPROM/EEPROM.runs/impl_1/i2c_eerom_top_drc_routed.rpt.
report_drc completed successfully
INFO: [runtcl-4] Executing : report_methodology -file i2c_eerom_top_methodology_drc_routed.rpt -pb i2c_eerom_top_methodology_drc_routed.pb -rpx i2c_eerom_top_methodology_drc_routed.rpx
Command: report_methodology -file i2c_eerom_top_methodology_drc_routed.rpt -pb i2c_eerom_top_methodology_drc_routed.pb -rpx i2c_eerom_top_methodology_drc_routed.rpx
INFO: [Timing 38-35] Done setting XDC timing constraints.
INFO: [Timing 38-35] Done setting XDC timing constraints.
INFO: [DRC 23-133] Running Methodology with 2 threads
INFO: [Coretcl 2-1520] The results of Report Methodology are in file F:/FPGA/EEPROM/EEPROM.runs/impl_1/i2c_eerom_top_methodology_drc_routed.rpt.
report_methodology completed successfully
INFO: [runtcl-4] Executing : report_power -file i2c_eerom_top_power_routed.rpt -pb i2c_eerom_top_power_summary_routed.pb -rpx i2c_eerom_top_power_routed.rpx
Command: report_power -file i2c_eerom_top_power_routed.rpt -pb i2c_eerom_top_power_summary_routed.pb -rpx i2c_eerom_top_power_routed.rpx
WARNING: [Power 33-232] No user defined clocks were found in the design!
Resolution: Please specify clocks using create_clock/create_generated_clock for sequential elements. For pure combinatorial circuits, please specify a virtual clock, otherwise the vectorless estimation might be inaccurate
INFO: [Timing 38-35] Done setting XDC timing constraints.
Running Vector-less Activity Propagation...

Finished Running Vector-less Activity Propagation
64 Infos, 1 Warnings, 0 Critical Warnings and 0 Errors encountered.
report_power completed successfully
INFO: [runtcl-4] Executing : report_route_status -file i2c_eerom_top_route_status.rpt -pb i2c_eerom_top_route_status.pb
INFO: [runtcl-4] Executing : report_timing_summary -max_paths 10 -file i2c_eerom_top_timing_summary_routed.rpt -rpx i2c_eerom_top_timing_summary_routed.rpx -warn_on_violation 
INFO: [Timing 38-91] UpdateTimingParams: Speed grade: -2, Delay Type: min_max.
INFO: [Timing 38-191] Multithreading enabled for timing update using a maximum of 2 CPUs
WARNING: [Timing 38-313] There are no user specified timing constraints. Timing constraints are needed for proper timing analysis.
INFO: [runtcl-4] Executing : report_incremental_reuse -file i2c_eerom_top_incremental_reuse_routed.rpt
INFO: [Vivado_Tcl 4-545] No incremental reuse to report, no incremental placement and routing data was found.
INFO: [runtcl-4] Executing : report_clock_utilization -file i2c_eerom_top_clock_utilization_routed.rpt
INFO: [Common 17-206] Exiting Vivado at Fri Nov 22 19:49:21 2024...

*** Running vivado
    with args -log i2c_eerom_top.vdi -applog -m64 -product Vivado -messageDb vivado.pb -mode batch -source i2c_eerom_top.tcl -notrace


****** Vivado v2017.4 (64-bit)
  **** SW Build 2086221 on Fri Dec 15 20:55:39 MST 2017
  **** IP Build 2085800 on Fri Dec 15 22:25:07 MST 2017
    ** Copyright 1986-2017 Xilinx, Inc. All Rights Reserved.

source i2c_eerom_top.tcl -notrace
Command: link_design -top i2c_eerom_top -part xc7z020clg400-2
Design is defaulting to srcset: sources_1
Design is defaulting to constrset: constrs_1
INFO: [Netlist 29-17] Analyzing 3 Unisim elements for replacement
INFO: [Netlist 29-28] Unisim Transformation completed in 0 CPU seconds
INFO: [Project 1-479] Netlist was created with Vivado 2017.4
INFO: [Device 21-403] Loading part xc7z020clg400-2
INFO: [Project 1-570] Preparing netlist for logic optimization
Parsing XDC File [F:/FPGA/EEPROM/EEPROM.srcs/constrs_1/new/i2c_eerom.xdc]
Finished Parsing XDC File [F:/FPGA/EEPROM/EEPROM.srcs/constrs_1/new/i2c_eerom.xdc]
INFO: [Opt 31-138] Pushed 0 inverter(s) to 0 load pin(s).
INFO: [Project 1-111] Unisim Transformation Summary:
  A total of 1 instances were transformed.
  IOBUF => IOBUF (IBUF, OBUFT): 1 instances

7 Infos, 0 Warnings, 0 Critical Warnings and 0 Errors encountered.
link_design completed successfully
link_design: Time (s): cpu = 00:00:06 ; elapsed = 00:00:06 . Memory (MB): peak = 617.691 ; gain = 335.832
Command: opt_design
Attempting to get a license for feature 'Implementation' and/or device 'xc7z020'
INFO: [Common 17-349] Got license for feature 'Implementation' and/or device 'xc7z020'
Running DRC as a precondition to command opt_design

Starting DRC Task
INFO: [DRC 23-27] Running DRC with 2 threads
INFO: [Project 1-461] DRC finished with 0 Errors
INFO: [Project 1-462] Please refer to the DRC report (report_drc) for more information.

Time (s): cpu = 00:00:00 ; elapsed = 00:00:00.327 . Memory (MB): peak = 631.789 ; gain = 14.098
INFO: [Timing 38-35] Done setting XDC timing constraints.

Starting Logic Optimization Task

Phase 1 Retarget
INFO: [Opt 31-138] Pushed 0 inverter(s) to 0 load pin(s).
INFO: [Opt 31-49] Retargeted 0 cell(s).
Phase 1 Retarget | Checksum: 149de2e59

Time (s): cpu = 00:00:00 ; elapsed = 00:00:00.008 . Memory (MB): peak = 1186.023 ; gain = 0.000
INFO: [Opt 31-389] Phase Retarget created 0 cells and removed 1 cells

Phase 2 Constant propagation
INFO: [Opt 31-138] Pushed 0 inverter(s) to 0 load pin(s).
Phase 2 Constant propagation | Checksum: 149de2e59

Time (s): cpu = 00:00:00 ; elapsed = 00:00:00.010 . Memory (MB): peak = 1186.023 ; gain = 0.000
INFO: [Opt 31-389] Phase Constant propagation created 0 cells and removed 0 cells

Phase 3 Sweep
Phase 3 Sweep | Checksum: 149de2e59

Time (s): cpu = 00:00:00 ; elapsed = 00:00:00.011 . Memory (MB): peak = 1186.023 ; gain = 0.000
INFO: [Opt 31-389] Phase Sweep created 0 cells and removed 0 cells

Phase 4 BUFG optimization
Phase 4 BUFG optimization | Checksum: 149de2e59

Time (s): cpu = 00:00:00 ; elapsed = 00:00:00.013 . Memory (MB): peak = 1186.023 ; gain = 0.000
INFO: [Opt 31-389] Phase BUFG optimization created 0 cells and removed 0 cells

Phase 5 Shift Register Optimization
Phase 5 Shift Register Optimization | Checksum: 149de2e59

Time (s): cpu = 00:00:00 ; elapsed = 00:00:00.014 . Memory (MB): peak = 1186.023 ; gain = 0.000
INFO: [Opt 31-389] Phase Shift Register Optimization created 0 cells and removed 0 cells

Starting Connectivity Check Task

Time (s): cpu = 00:00:00 ; elapsed = 00:00:00.001 . Memory (MB): peak = 1186.023 ; gain = 0.000
Ending Logic Optimization Task | Checksum: 149de2e59

Time (s): cpu = 00:00:00 ; elapsed = 00:00:00.015 . Memory (MB): peak = 1186.023 ; gain = 0.000

Starting Power Optimization Task
INFO: [Pwropt 34-132] Skipping clock gating for clocks with a period < 2.00 ns.
Ending Power Optimization Task | Checksum: 149de2e59

Time (s): cpu = 00:00:00 ; elapsed = 00:00:00.005 . Memory (MB): peak = 1186.023 ; gain = 0.000
INFO: [Common 17-83] Releasing license: Implementation
22 Infos, 0 Warnings, 0 Critical Warnings and 0 Errors encountered.
opt_design completed successfully
opt_design: Time (s): cpu = 00:00:09 ; elapsed = 00:00:09 . Memory (MB): peak = 1186.023 ; gain = 568.332
Writing placer database...
Writing XDEF routing.
Writing XDEF routing logical nets.
Writing XDEF routing special nets.
Write XDEF Complete: Time (s): cpu = 00:00:00 ; elapsed = 00:00:00.042 . Memory (MB): peak = 1186.023 ; gain = 0.000
INFO: [Common 17-1381] The checkpoint 'F:/FPGA/EEPROM/EEPROM.runs/impl_1/i2c_eerom_top_opt.dcp' has been generated.
INFO: [runtcl-4] Executing : report_drc -file i2c_eerom_top_drc_opted.rpt -pb i2c_eerom_top_drc_opted.pb -rpx i2c_eerom_top_drc_opted.rpx
Command: report_drc -file i2c_eerom_top_drc_opted.rpt -pb i2c_eerom_top_drc_opted.pb -rpx i2c_eerom_top_drc_opted.rpx
INFO: [IP_Flow 19-234] Refreshing IP repositories
INFO: [IP_Flow 19-1704] No user IP repositories specified
INFO: [IP_Flow 19-2313] Loaded Vivado IP repository 'E:/vivado/Vivado/2017.4/data/ip'.
INFO: [DRC 23-27] Running DRC with 2 threads
INFO: [Coretcl 2-168] The results of DRC are in file F:/FPGA/EEPROM/EEPROM.runs/impl_1/i2c_eerom_top_drc_opted.rpt.
report_drc completed successfully
INFO: [Chipscope 16-241] No debug cores found in the current design.
Before running the implement_debug_core command, either use the Set Up Debug wizard (GUI mode)
or use the create_debug_core and connect_debug_core Tcl commands to insert debug cores into the design.
Command: place_design
Attempting to get a license for feature 'Implementation' and/or device 'xc7z020'
INFO: [Common 17-349] Got license for feature 'Implementation' and/or device 'xc7z020'
INFO: [DRC 23-27] Running DRC with 2 threads
INFO: [Vivado_Tcl 4-198] DRC finished with 0 Errors
INFO: [Vivado_Tcl 4-199] Please refer to the DRC report (report_drc) for more information.
Running DRC as a precondition to command place_design
INFO: [DRC 23-27] Running DRC with 2 threads
INFO: [Vivado_Tcl 4-198] DRC finished with 0 Errors
INFO: [Vivado_Tcl 4-199] Please refer to the DRC report (report_drc) for more information.

Starting Placer Task
INFO: [Place 30-611] Multithreading enabled for place_design using a maximum of 2 CPUs

Phase 1 Placer Initialization

Phase 1.1 Placer Initialization Netlist Sorting
Netlist sorting complete. Time (s): cpu = 00:00:00 ; elapsed = 00:00:00.001 . Memory (MB): peak = 1186.023 ; gain = 0.000
Phase 1.1 Placer Initialization Netlist Sorting | Checksum: f8442713

Time (s): cpu = 00:00:00 ; elapsed = 00:00:00.002 . Memory (MB): peak = 1186.023 ; gain = 0.000
Netlist sorting complete. Time (s): cpu = 00:00:00 ; elapsed = 00:00:00.001 . Memory (MB): peak = 1186.023 ; gain = 0.000

Phase 1.2 IO Placement/ Clock Placement/ Build Placer Device
INFO: [Timing 38-35] Done setting XDC timing constraints.
Phase 1.2 IO Placement/ Clock Placement/ Build Placer Device | Checksum: 16d3c3e51

Time (s): cpu = 00:00:01 ; elapsed = 00:00:00.708 . Memory (MB): peak = 1186.023 ; gain = 0.000

Phase 1.3 Build Placer Netlist Model
Phase 1.3 Build Placer Netlist Model | Checksum: 20ff25b7a

Time (s): cpu = 00:00:01 ; elapsed = 00:00:00.735 . Memory (MB): peak = 1186.023 ; gain = 0.000

Phase 1.4 Constrain Clocks/Macros
Phase 1.4 Constrain Clocks/Macros | Checksum: 20ff25b7a

Time (s): cpu = 00:00:01 ; elapsed = 00:00:00.737 . Memory (MB): peak = 1186.023 ; gain = 0.000
Phase 1 Placer Initialization | Checksum: 20ff25b7a

Time (s): cpu = 00:00:01 ; elapsed = 00:00:00.737 . Memory (MB): peak = 1186.023 ; gain = 0.000

Phase 2 Global Placement
Phase 2 Global Placement | Checksum: 1ef4e6ddf

Time (s): cpu = 00:00:02 ; elapsed = 00:00:01 . Memory (MB): peak = 1186.023 ; gain = 0.000

Phase 3 Detail Placement

Phase 3.1 Commit Multi Column Macros
Phase 3.1 Commit Multi Column Macros | Checksum: 1ef4e6ddf

Time (s): cpu = 00:00:02 ; elapsed = 00:00:01 . Memory (MB): peak = 1186.023 ; gain = 0.000

Phase 3.2 Commit Most Macros & LUTRAMs
Phase 3.2 Commit Most Macros & LUTRAMs | Checksum: 212ea2aa4

Time (s): cpu = 00:00:02 ; elapsed = 00:00:01 . Memory (MB): peak = 1186.023 ; gain = 0.000

Phase 3.3 Area Swap Optimization
Phase 3.3 Area Swap Optimization | Checksum: 188fd83e7

Time (s): cpu = 00:00:02 ; elapsed = 00:00:01 . Memory (MB): peak = 1186.023 ; gain = 0.000

Phase 3.4 Pipeline Register Optimization
Phase 3.4 Pipeline Register Optimization | Checksum: 188fd83e7

Time (s): cpu = 00:00:02 ; elapsed = 00:00:01 . Memory (MB): peak = 1186.023 ; gain = 0.000

Phase 3.5 Small Shape Detail Placement
Phase 3.5 Small Shape Detail Placement | Checksum: 216c2963e

Time (s): cpu = 00:00:02 ; elapsed = 00:00:01 . Memory (MB): peak = 1186.023 ; gain = 0.000

Phase 3.6 Re-assign LUT pins
Phase 3.6 Re-assign LUT pins | Checksum: 216c2963e

Time (s): cpu = 00:00:02 ; elapsed = 00:00:01 . Memory (MB): peak = 1186.023 ; gain = 0.000

Phase 3.7 Pipeline Register Optimization
Phase 3.7 Pipeline Register Optimization | Checksum: 216c2963e

Time (s): cpu = 00:00:02 ; elapsed = 00:00:01 . Memory (MB): peak = 1186.023 ; gain = 0.000
Phase 3 Detail Placement | Checksum: 216c2963e

Time (s): cpu = 00:00:02 ; elapsed = 00:00:01 . Memory (MB): peak = 1186.023 ; gain = 0.000

Phase 4 Post Placement Optimization and Clean-Up

Phase 4.1 Post Commit Optimization
Phase 4.1 Post Commit Optimization | Checksum: 216c2963e

Time (s): cpu = 00:00:02 ; elapsed = 00:00:01 . Memory (MB): peak = 1186.023 ; gain = 0.000

Phase 4.2 Post Placement Cleanup
Phase 4.2 Post Placement Cleanup | Checksum: 216c2963e

Time (s): cpu = 00:00:02 ; elapsed = 00:00:01 . Memory (MB): peak = 1186.023 ; gain = 0.000

Phase 4.3 Placer Reporting
Phase 4.3 Placer Reporting | Checksum: 216c2963e

Time (s): cpu = 00:00:02 ; elapsed = 00:00:01 . Memory (MB): peak = 1186.023 ; gain = 0.000

Phase 4.4 Final Placement Cleanup
Phase 4.4 Final Placement Cleanup | Checksum: 18bbbee7a

Time (s): cpu = 00:00:02 ; elapsed = 00:00:01 . Memory (MB): peak = 1186.023 ; gain = 0.000
Phase 4 Post Placement Optimization and Clean-Up | Checksum: 18bbbee7a

Time (s): cpu = 00:00:02 ; elapsed = 00:00:01 . Memory (MB): peak = 1186.023 ; gain = 0.000
Ending Placer Task | Checksum: 8da879d9

Time (s): cpu = 00:00:02 ; elapsed = 00:00:01 . Memory (MB): peak = 1186.023 ; gain = 0.000
INFO: [Common 17-83] Releasing license: Implementation
40 Infos, 0 Warnings, 0 Critical Warnings and 0 Errors encountered.
place_design completed successfully
Writing placer database...
Writing XDEF routing.
Writing XDEF routing logical nets.
Writing XDEF routing special nets.
Write XDEF Complete: Time (s): cpu = 00:00:00 ; elapsed = 00:00:00.049 . Memory (MB): peak = 1186.023 ; gain = 0.000
INFO: [Common 17-1381] The checkpoint 'F:/FPGA/EEPROM/EEPROM.runs/impl_1/i2c_eerom_top_placed.dcp' has been generated.
INFO: [runtcl-4] Executing : report_io -file i2c_eerom_top_io_placed.rpt
report_io: Time (s): cpu = 00:00:00 ; elapsed = 00:00:00.035 . Memory (MB): peak = 1186.023 ; gain = 0.000
INFO: [runtcl-4] Executing : report_utilization -file i2c_eerom_top_utilization_placed.rpt -pb i2c_eerom_top_utilization_placed.pb
report_utilization: Time (s): cpu = 00:00:00 ; elapsed = 00:00:00.030 . Memory (MB): peak = 1186.023 ; gain = 0.000
INFO: [runtcl-4] Executing : report_control_sets -verbose -file i2c_eerom_top_control_sets_placed.rpt
report_control_sets: Time (s): cpu = 00:00:00 ; elapsed = 00:00:00.001 . Memory (MB): peak = 1186.023 ; gain = 0.000
Command: route_design
Attempting to get a license for feature 'Implementation' and/or device 'xc7z020'
INFO: [Common 17-349] Got license for feature 'Implementation' and/or device 'xc7z020'
Running DRC as a precondition to command route_design
INFO: [DRC 23-27] Running DRC with 2 threads
INFO: [Vivado_Tcl 4-198] DRC finished with 0 Errors
INFO: [Vivado_Tcl 4-199] Please refer to the DRC report (report_drc) for more information.


Starting Routing Task
INFO: [Route 35-254] Multithreading enabled for route_design using a maximum of 2 CPUs
Checksum: PlaceDB: 53e5ff6a ConstDB: 0 ShapeSum: 39c27a6f RouteDB: 0

Phase 1 Build RT Design
Phase 1 Build RT Design | Checksum: ae8ec7bf

Time (s): cpu = 00:00:23 ; elapsed = 00:00:20 . Memory (MB): peak = 1323.500 ; gain = 137.477
Post Restoration Checksum: NetGraph: 91e876cd NumContArr: 1ca650f2 Constraints: 0 Timing: 0

Phase 2 Router Initialization
INFO: [Route 35-64] No timing constraints were detected. The router will operate in resource-optimization mode.

Phase 2.1 Fix Topology Constraints
Phase 2.1 Fix Topology Constraints | Checksum: ae8ec7bf

Time (s): cpu = 00:00:23 ; elapsed = 00:00:20 . Memory (MB): peak = 1329.844 ; gain = 143.820

Phase 2.2 Pre Route Cleanup
Phase 2.2 Pre Route Cleanup | Checksum: ae8ec7bf

Time (s): cpu = 00:00:23 ; elapsed = 00:00:20 . Memory (MB): peak = 1329.844 ; gain = 143.820
 Number of Nodes with overlaps = 0
Phase 2 Router Initialization | Checksum: e9ff5f0d

Time (s): cpu = 00:00:23 ; elapsed = 00:00:20 . Memory (MB): peak = 1340.340 ; gain = 154.316

Phase 3 Initial Routing
Phase 3 Initial Routing | Checksum: 1e27db86a

Time (s): cpu = 00:00:23 ; elapsed = 00:00:21 . Memory (MB): peak = 1340.340 ; gain = 154.316

Phase 4 Rip-up And Reroute

Phase 4.1 Global Iteration 0
 Number of Nodes with overlaps = 3
 Number of Nodes with overlaps = 0
Phase 4.1 Global Iteration 0 | Checksum: 10838d7d4

Time (s): cpu = 00:00:23 ; elapsed = 00:00:21 . Memory (MB): peak = 1340.340 ; gain = 154.316
Phase 4 Rip-up And Reroute | Checksum: 10838d7d4

Time (s): cpu = 00:00:23 ; elapsed = 00:00:21 . Memory (MB): peak = 1340.340 ; gain = 154.316

Phase 5 Delay and Skew Optimization
Phase 5 Delay and Skew Optimization | Checksum: 10838d7d4

Time (s): cpu = 00:00:23 ; elapsed = 00:00:21 . Memory (MB): peak = 1340.340 ; gain = 154.316

Phase 6 Post Hold Fix

Phase 6.1 Hold Fix Iter
Phase 6.1 Hold Fix Iter | Checksum: 10838d7d4

Time (s): cpu = 00:00:23 ; elapsed = 00:00:21 . Memory (MB): peak = 1340.340 ; gain = 154.316
Phase 6 Post Hold Fix | Checksum: 10838d7d4

Time (s): cpu = 00:00:23 ; elapsed = 00:00:21 . Memory (MB): peak = 1340.340 ; gain = 154.316

Phase 7 Route finalize

Router Utilization Summary
  Global Vertical Routing Utilization    = 0.00797349 %
  Global Horizontal Routing Utilization  = 0.00616971 %
  Routable Net Status*
  *Does not include unroutable nets such as driverless and loadless.
  Run report_route_status for detailed report.
  Number of Failed Nets               = 0
  Number of Unrouted Nets             = 0
  Number of Partially Routed Nets     = 0
  Number of Node Overlaps             = 0

Utilization threshold used for congestion level computation: 0.85
Congestion Report
North Dir 1x1 Area, Max Cong = 9.90991%, No Congested Regions.
South Dir 1x1 Area, Max Cong = 9.00901%, No Congested Regions.
East Dir 1x1 Area, Max Cong = 16.1765%, No Congested Regions.
West Dir 1x1 Area, Max Cong = 13.2353%, No Congested Regions.
Phase 7 Route finalize | Checksum: 10838d7d4

Time (s): cpu = 00:00:23 ; elapsed = 00:00:21 . Memory (MB): peak = 1340.340 ; gain = 154.316

Phase 8 Verifying routed nets

 Verification completed successfully
Phase 8 Verifying routed nets | Checksum: 10838d7d4

Time (s): cpu = 00:00:23 ; elapsed = 00:00:21 . Memory (MB): peak = 1340.340 ; gain = 154.316

Phase 9 Depositing Routes
Phase 9 Depositing Routes | Checksum: c95ed3f9

Time (s): cpu = 00:00:23 ; elapsed = 00:00:21 . Memory (MB): peak = 1340.340 ; gain = 154.316
INFO: [Route 35-16] Router Completed Successfully

Time (s): cpu = 00:00:23 ; elapsed = 00:00:21 . Memory (MB): peak = 1340.340 ; gain = 154.316

Routing Is Done.
INFO: [Common 17-83] Releasing license: Implementation
52 Infos, 0 Warnings, 0 Critical Warnings and 0 Errors encountered.
route_design completed successfully
route_design: Time (s): cpu = 00:00:24 ; elapsed = 00:00:21 . Memory (MB): peak = 1340.340 ; gain = 154.316
Writing placer database...
Writing XDEF routing.
Writing XDEF routing logical nets.
Writing XDEF routing special nets.
Write XDEF Complete: Time (s): cpu = 00:00:00 ; elapsed = 00:00:00.041 . Memory (MB): peak = 1340.340 ; gain = 0.000
INFO: [Common 17-1381] The checkpoint 'F:/FPGA/EEPROM/EEPROM.runs/impl_1/i2c_eerom_top_routed.dcp' has been generated.
INFO: [runtcl-4] Executing : report_drc -file i2c_eerom_top_drc_routed.rpt -pb i2c_eerom_top_drc_routed.pb -rpx i2c_eerom_top_drc_routed.rpx
Command: report_drc -file i2c_eerom_top_drc_routed.rpt -pb i2c_eerom_top_drc_routed.pb -rpx i2c_eerom_top_drc_routed.rpx
INFO: [IP_Flow 19-1839] IP Catalog is up to date.
INFO: [DRC 23-27] Running DRC with 2 threads
INFO: [Coretcl 2-168] The results of DRC are in file F:/FPGA/EEPROM/EEPROM.runs/impl_1/i2c_eerom_top_drc_routed.rpt.
report_drc completed successfully
INFO: [runtcl-4] Executing : report_methodology -file i2c_eerom_top_methodology_drc_routed.rpt -pb i2c_eerom_top_methodology_drc_routed.pb -rpx i2c_eerom_top_methodology_drc_routed.rpx
Command: report_methodology -file i2c_eerom_top_methodology_drc_routed.rpt -pb i2c_eerom_top_methodology_drc_routed.pb -rpx i2c_eerom_top_methodology_drc_routed.rpx
INFO: [Timing 38-35] Done setting XDC timing constraints.
INFO: [Timing 38-35] Done setting XDC timing constraints.
INFO: [DRC 23-133] Running Methodology with 2 threads
INFO: [Coretcl 2-1520] The results of Report Methodology are in file F:/FPGA/EEPROM/EEPROM.runs/impl_1/i2c_eerom_top_methodology_drc_routed.rpt.
report_methodology completed successfully
INFO: [runtcl-4] Executing : report_power -file i2c_eerom_top_power_routed.rpt -pb i2c_eerom_top_power_summary_routed.pb -rpx i2c_eerom_top_power_routed.rpx
Command: report_power -file i2c_eerom_top_power_routed.rpt -pb i2c_eerom_top_power_summary_routed.pb -rpx i2c_eerom_top_power_routed.rpx
WARNING: [Power 33-232] No user defined clocks were found in the design!
Resolution: Please specify clocks using create_clock/create_generated_clock for sequential elements. For pure combinatorial circuits, please specify a virtual clock, otherwise the vectorless estimation might be inaccurate
INFO: [Timing 38-35] Done setting XDC timing constraints.
Running Vector-less Activity Propagation...

Finished Running Vector-less Activity Propagation
64 Infos, 1 Warnings, 0 Critical Warnings and 0 Errors encountered.
report_power completed successfully
INFO: [runtcl-4] Executing : report_route_status -file i2c_eerom_top_route_status.rpt -pb i2c_eerom_top_route_status.pb
INFO: [runtcl-4] Executing : report_timing_summary -max_paths 10 -file i2c_eerom_top_timing_summary_routed.rpt -rpx i2c_eerom_top_timing_summary_routed.rpx -warn_on_violation 
INFO: [Timing 38-91] UpdateTimingParams: Speed grade: -2, Delay Type: min_max.
INFO: [Timing 38-191] Multithreading enabled for timing update using a maximum of 2 CPUs
WARNING: [Timing 38-313] There are no user specified timing constraints. Timing constraints are needed for proper timing analysis.
INFO: [runtcl-4] Executing : report_incremental_reuse -file i2c_eerom_top_incremental_reuse_routed.rpt
INFO: [Vivado_Tcl 4-545] No incremental reuse to report, no incremental placement and routing data was found.
INFO: [runtcl-4] Executing : report_clock_utilization -file i2c_eerom_top_clock_utilization_routed.rpt
INFO: [Common 17-206] Exiting Vivado at Fri Nov 22 19:55:55 2024...

*** Running vivado
    with args -log i2c_eerom_top.vdi -applog -m64 -product Vivado -messageDb vivado.pb -mode batch -source i2c_eerom_top.tcl -notrace


****** Vivado v2017.4 (64-bit)
  **** SW Build 2086221 on Fri Dec 15 20:55:39 MST 2017
  **** IP Build 2085800 on Fri Dec 15 22:25:07 MST 2017
    ** Copyright 1986-2017 Xilinx, Inc. All Rights Reserved.

source i2c_eerom_top.tcl -notrace
Command: link_design -top i2c_eerom_top -part xc7z020clg400-2
Design is defaulting to srcset: sources_1
Design is defaulting to constrset: constrs_1
INFO: [Netlist 29-17] Analyzing 3 Unisim elements for replacement
INFO: [Netlist 29-28] Unisim Transformation completed in 0 CPU seconds
INFO: [Project 1-479] Netlist was created with Vivado 2017.4
INFO: [Device 21-403] Loading part xc7z020clg400-2
INFO: [Project 1-570] Preparing netlist for logic optimization
Parsing XDC File [F:/FPGA/EEPROM/EEPROM.srcs/constrs_1/new/i2c_eerom.xdc]
Finished Parsing XDC File [F:/FPGA/EEPROM/EEPROM.srcs/constrs_1/new/i2c_eerom.xdc]
INFO: [Opt 31-138] Pushed 0 inverter(s) to 0 load pin(s).
INFO: [Project 1-111] Unisim Transformation Summary:
  A total of 1 instances were transformed.
  IOBUF => IOBUF (IBUF, OBUFT): 1 instances

7 Infos, 0 Warnings, 0 Critical Warnings and 0 Errors encountered.
link_design completed successfully
link_design: Time (s): cpu = 00:00:06 ; elapsed = 00:00:06 . Memory (MB): peak = 617.145 ; gain = 335.539
Command: opt_design
Attempting to get a license for feature 'Implementation' and/or device 'xc7z020'
INFO: [Common 17-349] Got license for feature 'Implementation' and/or device 'xc7z020'
Running DRC as a precondition to command opt_design

Starting DRC Task
INFO: [DRC 23-27] Running DRC with 2 threads
INFO: [Project 1-461] DRC finished with 0 Errors
INFO: [Project 1-462] Please refer to the DRC report (report_drc) for more information.

Time (s): cpu = 00:00:00 ; elapsed = 00:00:00.385 . Memory (MB): peak = 631.613 ; gain = 14.469
INFO: [Timing 38-35] Done setting XDC timing constraints.

Starting Logic Optimization Task

Phase 1 Retarget
INFO: [Opt 31-138] Pushed 0 inverter(s) to 0 load pin(s).
INFO: [Opt 31-49] Retargeted 0 cell(s).
Phase 1 Retarget | Checksum: 12a32b8d9

Time (s): cpu = 00:00:00 ; elapsed = 00:00:00.008 . Memory (MB): peak = 1187.008 ; gain = 0.000
INFO: [Opt 31-389] Phase Retarget created 0 cells and removed 1 cells

Phase 2 Constant propagation
INFO: [Opt 31-138] Pushed 0 inverter(s) to 0 load pin(s).
Phase 2 Constant propagation | Checksum: 12a32b8d9

Time (s): cpu = 00:00:00 ; elapsed = 00:00:00.010 . Memory (MB): peak = 1187.008 ; gain = 0.000
INFO: [Opt 31-389] Phase Constant propagation created 0 cells and removed 0 cells

Phase 3 Sweep
Phase 3 Sweep | Checksum: 12a32b8d9

Time (s): cpu = 00:00:00 ; elapsed = 00:00:00.012 . Memory (MB): peak = 1187.008 ; gain = 0.000
INFO: [Opt 31-389] Phase Sweep created 0 cells and removed 0 cells

Phase 4 BUFG optimization
Phase 4 BUFG optimization | Checksum: 12a32b8d9

Time (s): cpu = 00:00:00 ; elapsed = 00:00:00.013 . Memory (MB): peak = 1187.008 ; gain = 0.000
INFO: [Opt 31-389] Phase BUFG optimization created 0 cells and removed 0 cells

Phase 5 Shift Register Optimization
Phase 5 Shift Register Optimization | Checksum: 12a32b8d9

Time (s): cpu = 00:00:00 ; elapsed = 00:00:00.014 . Memory (MB): peak = 1187.008 ; gain = 0.000
INFO: [Opt 31-389] Phase Shift Register Optimization created 0 cells and removed 0 cells

Starting Connectivity Check Task

Time (s): cpu = 00:00:00 ; elapsed = 00:00:00 . Memory (MB): peak = 1187.008 ; gain = 0.000
Ending Logic Optimization Task | Checksum: 12a32b8d9

Time (s): cpu = 00:00:00 ; elapsed = 00:00:00.015 . Memory (MB): peak = 1187.008 ; gain = 0.000

Starting Power Optimization Task
INFO: [Pwropt 34-132] Skipping clock gating for clocks with a period < 2.00 ns.
Ending Power Optimization Task | Checksum: 12a32b8d9

Time (s): cpu = 00:00:00 ; elapsed = 00:00:00.005 . Memory (MB): peak = 1187.008 ; gain = 0.000
INFO: [Common 17-83] Releasing license: Implementation
22 Infos, 0 Warnings, 0 Critical Warnings and 0 Errors encountered.
opt_design completed successfully
opt_design: Time (s): cpu = 00:00:09 ; elapsed = 00:00:09 . Memory (MB): peak = 1187.008 ; gain = 569.863
Writing placer database...
Writing XDEF routing.
Writing XDEF routing logical nets.
Writing XDEF routing special nets.
Write XDEF Complete: Time (s): cpu = 00:00:00 ; elapsed = 00:00:00.045 . Memory (MB): peak = 1187.008 ; gain = 0.000
INFO: [Common 17-1381] The checkpoint 'F:/FPGA/EEPROM/EEPROM.runs/impl_1/i2c_eerom_top_opt.dcp' has been generated.
INFO: [runtcl-4] Executing : report_drc -file i2c_eerom_top_drc_opted.rpt -pb i2c_eerom_top_drc_opted.pb -rpx i2c_eerom_top_drc_opted.rpx
Command: report_drc -file i2c_eerom_top_drc_opted.rpt -pb i2c_eerom_top_drc_opted.pb -rpx i2c_eerom_top_drc_opted.rpx
INFO: [IP_Flow 19-234] Refreshing IP repositories
INFO: [IP_Flow 19-1704] No user IP repositories specified
INFO: [IP_Flow 19-2313] Loaded Vivado IP repository 'E:/vivado/Vivado/2017.4/data/ip'.
INFO: [DRC 23-27] Running DRC with 2 threads
INFO: [Coretcl 2-168] The results of DRC are in file F:/FPGA/EEPROM/EEPROM.runs/impl_1/i2c_eerom_top_drc_opted.rpt.
report_drc completed successfully
INFO: [Chipscope 16-241] No debug cores found in the current design.
Before running the implement_debug_core command, either use the Set Up Debug wizard (GUI mode)
or use the create_debug_core and connect_debug_core Tcl commands to insert debug cores into the design.
Command: place_design
Attempting to get a license for feature 'Implementation' and/or device 'xc7z020'
INFO: [Common 17-349] Got license for feature 'Implementation' and/or device 'xc7z020'
INFO: [DRC 23-27] Running DRC with 2 threads
INFO: [Vivado_Tcl 4-198] DRC finished with 0 Errors
INFO: [Vivado_Tcl 4-199] Please refer to the DRC report (report_drc) for more information.
Running DRC as a precondition to command place_design
INFO: [DRC 23-27] Running DRC with 2 threads
INFO: [Vivado_Tcl 4-198] DRC finished with 0 Errors
INFO: [Vivado_Tcl 4-199] Please refer to the DRC report (report_drc) for more information.

Starting Placer Task
INFO: [Place 30-611] Multithreading enabled for place_design using a maximum of 2 CPUs

Phase 1 Placer Initialization

Phase 1.1 Placer Initialization Netlist Sorting
Netlist sorting complete. Time (s): cpu = 00:00:00 ; elapsed = 00:00:00 . Memory (MB): peak = 1187.008 ; gain = 0.000
Phase 1.1 Placer Initialization Netlist Sorting | Checksum: ce9254e1

Time (s): cpu = 00:00:00 ; elapsed = 00:00:00.003 . Memory (MB): peak = 1187.008 ; gain = 0.000
Netlist sorting complete. Time (s): cpu = 00:00:00 ; elapsed = 00:00:00 . Memory (MB): peak = 1187.008 ; gain = 0.000

Phase 1.2 IO Placement/ Clock Placement/ Build Placer Device
INFO: [Timing 38-35] Done setting XDC timing constraints.
Phase 1.2 IO Placement/ Clock Placement/ Build Placer Device | Checksum: 14c68b139

Time (s): cpu = 00:00:01 ; elapsed = 00:00:00.690 . Memory (MB): peak = 1187.008 ; gain = 0.000

Phase 1.3 Build Placer Netlist Model
Phase 1.3 Build Placer Netlist Model | Checksum: 1fc4380ff

Time (s): cpu = 00:00:01 ; elapsed = 00:00:00.719 . Memory (MB): peak = 1187.008 ; gain = 0.000

Phase 1.4 Constrain Clocks/Macros
Phase 1.4 Constrain Clocks/Macros | Checksum: 1fc4380ff

Time (s): cpu = 00:00:01 ; elapsed = 00:00:00.721 . Memory (MB): peak = 1187.008 ; gain = 0.000
Phase 1 Placer Initialization | Checksum: 1fc4380ff

Time (s): cpu = 00:00:01 ; elapsed = 00:00:00.721 . Memory (MB): peak = 1187.008 ; gain = 0.000

Phase 2 Global Placement
Phase 2 Global Placement | Checksum: 189d8a604

Time (s): cpu = 00:00:02 ; elapsed = 00:00:01 . Memory (MB): peak = 1187.008 ; gain = 0.000

Phase 3 Detail Placement

Phase 3.1 Commit Multi Column Macros
Phase 3.1 Commit Multi Column Macros | Checksum: 189d8a604

Time (s): cpu = 00:00:02 ; elapsed = 00:00:01 . Memory (MB): peak = 1187.008 ; gain = 0.000

Phase 3.2 Commit Most Macros & LUTRAMs
Phase 3.2 Commit Most Macros & LUTRAMs | Checksum: 19943adc0

Time (s): cpu = 00:00:02 ; elapsed = 00:00:01 . Memory (MB): peak = 1187.008 ; gain = 0.000

Phase 3.3 Area Swap Optimization
Phase 3.3 Area Swap Optimization | Checksum: 2387bccbc

Time (s): cpu = 00:00:02 ; elapsed = 00:00:01 . Memory (MB): peak = 1187.008 ; gain = 0.000

Phase 3.4 Pipeline Register Optimization
Phase 3.4 Pipeline Register Optimization | Checksum: 2387bccbc

Time (s): cpu = 00:00:02 ; elapsed = 00:00:01 . Memory (MB): peak = 1187.008 ; gain = 0.000

Phase 3.5 Small Shape Detail Placement
Phase 3.5 Small Shape Detail Placement | Checksum: 213ff2dc7

Time (s): cpu = 00:00:02 ; elapsed = 00:00:01 . Memory (MB): peak = 1187.008 ; gain = 0.000

Phase 3.6 Re-assign LUT pins
Phase 3.6 Re-assign LUT pins | Checksum: 213ff2dc7

Time (s): cpu = 00:00:02 ; elapsed = 00:00:01 . Memory (MB): peak = 1187.008 ; gain = 0.000

Phase 3.7 Pipeline Register Optimization
Phase 3.7 Pipeline Register Optimization | Checksum: 213ff2dc7

Time (s): cpu = 00:00:02 ; elapsed = 00:00:01 . Memory (MB): peak = 1187.008 ; gain = 0.000
Phase 3 Detail Placement | Checksum: 213ff2dc7

Time (s): cpu = 00:00:02 ; elapsed = 00:00:01 . Memory (MB): peak = 1187.008 ; gain = 0.000

Phase 4 Post Placement Optimization and Clean-Up

Phase 4.1 Post Commit Optimization
Phase 4.1 Post Commit Optimization | Checksum: 213ff2dc7

Time (s): cpu = 00:00:02 ; elapsed = 00:00:01 . Memory (MB): peak = 1187.008 ; gain = 0.000

Phase 4.2 Post Placement Cleanup
Phase 4.2 Post Placement Cleanup | Checksum: 213ff2dc7

Time (s): cpu = 00:00:02 ; elapsed = 00:00:01 . Memory (MB): peak = 1187.008 ; gain = 0.000

Phase 4.3 Placer Reporting
Phase 4.3 Placer Reporting | Checksum: 213ff2dc7

Time (s): cpu = 00:00:02 ; elapsed = 00:00:01 . Memory (MB): peak = 1187.008 ; gain = 0.000

Phase 4.4 Final Placement Cleanup
Phase 4.4 Final Placement Cleanup | Checksum: 20c1dc66b

Time (s): cpu = 00:00:02 ; elapsed = 00:00:01 . Memory (MB): peak = 1187.008 ; gain = 0.000
Phase 4 Post Placement Optimization and Clean-Up | Checksum: 20c1dc66b

Time (s): cpu = 00:00:02 ; elapsed = 00:00:01 . Memory (MB): peak = 1187.008 ; gain = 0.000
Ending Placer Task | Checksum: 13b516c68

Time (s): cpu = 00:00:02 ; elapsed = 00:00:01 . Memory (MB): peak = 1187.008 ; gain = 0.000
INFO: [Common 17-83] Releasing license: Implementation
40 Infos, 0 Warnings, 0 Critical Warnings and 0 Errors encountered.
place_design completed successfully
Writing placer database...
Writing XDEF routing.
Writing XDEF routing logical nets.
Writing XDEF routing special nets.
Write XDEF Complete: Time (s): cpu = 00:00:00 ; elapsed = 00:00:00.040 . Memory (MB): peak = 1187.008 ; gain = 0.000
INFO: [Common 17-1381] The checkpoint 'F:/FPGA/EEPROM/EEPROM.runs/impl_1/i2c_eerom_top_placed.dcp' has been generated.
INFO: [runtcl-4] Executing : report_io -file i2c_eerom_top_io_placed.rpt
report_io: Time (s): cpu = 00:00:00 ; elapsed = 00:00:00.036 . Memory (MB): peak = 1187.008 ; gain = 0.000
INFO: [runtcl-4] Executing : report_utilization -file i2c_eerom_top_utilization_placed.rpt -pb i2c_eerom_top_utilization_placed.pb
report_utilization: Time (s): cpu = 00:00:00 ; elapsed = 00:00:00.031 . Memory (MB): peak = 1187.008 ; gain = 0.000
INFO: [runtcl-4] Executing : report_control_sets -verbose -file i2c_eerom_top_control_sets_placed.rpt
report_control_sets: Time (s): cpu = 00:00:00 ; elapsed = 00:00:00.001 . Memory (MB): peak = 1187.008 ; gain = 0.000
Command: route_design
Attempting to get a license for feature 'Implementation' and/or device 'xc7z020'
INFO: [Common 17-349] Got license for feature 'Implementation' and/or device 'xc7z020'
Running DRC as a precondition to command route_design
INFO: [DRC 23-27] Running DRC with 2 threads
INFO: [Vivado_Tcl 4-198] DRC finished with 0 Errors
INFO: [Vivado_Tcl 4-199] Please refer to the DRC report (report_drc) for more information.


Starting Routing Task
INFO: [Route 35-254] Multithreading enabled for route_design using a maximum of 2 CPUs
Checksum: PlaceDB: 9f3d3ea9 ConstDB: 0 ShapeSum: 9c142dbf RouteDB: 0

Phase 1 Build RT Design
Phase 1 Build RT Design | Checksum: 152ab921d

Time (s): cpu = 00:00:25 ; elapsed = 00:00:23 . Memory (MB): peak = 1319.363 ; gain = 132.355
Post Restoration Checksum: NetGraph: cdf5e8d7 NumContArr: 84b5a946 Constraints: 0 Timing: 0

Phase 2 Router Initialization
INFO: [Route 35-64] No timing constraints were detected. The router will operate in resource-optimization mode.

Phase 2.1 Fix Topology Constraints
Phase 2.1 Fix Topology Constraints | Checksum: 152ab921d

Time (s): cpu = 00:00:25 ; elapsed = 00:00:23 . Memory (MB): peak = 1325.742 ; gain = 138.734

Phase 2.2 Pre Route Cleanup
Phase 2.2 Pre Route Cleanup | Checksum: 152ab921d

Time (s): cpu = 00:00:25 ; elapsed = 00:00:23 . Memory (MB): peak = 1325.742 ; gain = 138.734
 Number of Nodes with overlaps = 0
Phase 2 Router Initialization | Checksum: e71fd3ca

Time (s): cpu = 00:00:25 ; elapsed = 00:00:23 . Memory (MB): peak = 1335.418 ; gain = 148.410

Phase 3 Initial Routing
Phase 3 Initial Routing | Checksum: 6deb56ad

Time (s): cpu = 00:00:26 ; elapsed = 00:00:23 . Memory (MB): peak = 1335.418 ; gain = 148.410

Phase 4 Rip-up And Reroute

Phase 4.1 Global Iteration 0
 Number of Nodes with overlaps = 10
 Number of Nodes with overlaps = 0
Phase 4.1 Global Iteration 0 | Checksum: 10a8f6f0e

Time (s): cpu = 00:00:26 ; elapsed = 00:00:23 . Memory (MB): peak = 1335.418 ; gain = 148.410
Phase 4 Rip-up And Reroute | Checksum: 10a8f6f0e

Time (s): cpu = 00:00:26 ; elapsed = 00:00:23 . Memory (MB): peak = 1335.418 ; gain = 148.410

Phase 5 Delay and Skew Optimization
Phase 5 Delay and Skew Optimization | Checksum: 10a8f6f0e

Time (s): cpu = 00:00:26 ; elapsed = 00:00:23 . Memory (MB): peak = 1335.418 ; gain = 148.410

Phase 6 Post Hold Fix

Phase 6.1 Hold Fix Iter
Phase 6.1 Hold Fix Iter | Checksum: 10a8f6f0e

Time (s): cpu = 00:00:26 ; elapsed = 00:00:23 . Memory (MB): peak = 1335.418 ; gain = 148.410
Phase 6 Post Hold Fix | Checksum: 10a8f6f0e

Time (s): cpu = 00:00:26 ; elapsed = 00:00:23 . Memory (MB): peak = 1335.418 ; gain = 148.410

Phase 7 Route finalize

Router Utilization Summary
  Global Vertical Routing Utilization    = 0.00771461 %
  Global Horizontal Routing Utilization  = 0.00515551 %
  Routable Net Status*
  *Does not include unroutable nets such as driverless and loadless.
  Run report_route_status for detailed report.
  Number of Failed Nets               = 0
  Number of Unrouted Nets             = 0
  Number of Partially Routed Nets     = 0
  Number of Node Overlaps             = 0

Utilization threshold used for congestion level computation: 0.85
Congestion Report
North Dir 1x1 Area, Max Cong = 12.6126%, No Congested Regions.
South Dir 1x1 Area, Max Cong = 8.10811%, No Congested Regions.
East Dir 1x1 Area, Max Cong = 10.2941%, No Congested Regions.
West Dir 1x1 Area, Max Cong = 10.2941%, No Congested Regions.
Phase 7 Route finalize | Checksum: 10a8f6f0e

Time (s): cpu = 00:00:26 ; elapsed = 00:00:23 . Memory (MB): peak = 1335.418 ; gain = 148.410

Phase 8 Verifying routed nets

 Verification completed successfully
Phase 8 Verifying routed nets | Checksum: 10a8f6f0e

Time (s): cpu = 00:00:26 ; elapsed = 00:00:23 . Memory (MB): peak = 1335.418 ; gain = 148.410

Phase 9 Depositing Routes
Phase 9 Depositing Routes | Checksum: a9cb3354

Time (s): cpu = 00:00:26 ; elapsed = 00:00:23 . Memory (MB): peak = 1335.418 ; gain = 148.410
INFO: [Route 35-16] Router Completed Successfully

Time (s): cpu = 00:00:26 ; elapsed = 00:00:23 . Memory (MB): peak = 1335.418 ; gain = 148.410

Routing Is Done.
INFO: [Common 17-83] Releasing license: Implementation
52 Infos, 0 Warnings, 0 Critical Warnings and 0 Errors encountered.
route_design completed successfully
route_design: Time (s): cpu = 00:00:27 ; elapsed = 00:00:23 . Memory (MB): peak = 1335.418 ; gain = 148.410
Writing placer database...
Writing XDEF routing.
Writing XDEF routing logical nets.
Writing XDEF routing special nets.
Write XDEF Complete: Time (s): cpu = 00:00:00 ; elapsed = 00:00:00.052 . Memory (MB): peak = 1335.418 ; gain = 0.000
INFO: [Common 17-1381] The checkpoint 'F:/FPGA/EEPROM/EEPROM.runs/impl_1/i2c_eerom_top_routed.dcp' has been generated.
INFO: [runtcl-4] Executing : report_drc -file i2c_eerom_top_drc_routed.rpt -pb i2c_eerom_top_drc_routed.pb -rpx i2c_eerom_top_drc_routed.rpx
Command: report_drc -file i2c_eerom_top_drc_routed.rpt -pb i2c_eerom_top_drc_routed.pb -rpx i2c_eerom_top_drc_routed.rpx
INFO: [IP_Flow 19-1839] IP Catalog is up to date.
INFO: [DRC 23-27] Running DRC with 2 threads
INFO: [Coretcl 2-168] The results of DRC are in file F:/FPGA/EEPROM/EEPROM.runs/impl_1/i2c_eerom_top_drc_routed.rpt.
report_drc completed successfully
INFO: [runtcl-4] Executing : report_methodology -file i2c_eerom_top_methodology_drc_routed.rpt -pb i2c_eerom_top_methodology_drc_routed.pb -rpx i2c_eerom_top_methodology_drc_routed.rpx
Command: report_methodology -file i2c_eerom_top_methodology_drc_routed.rpt -pb i2c_eerom_top_methodology_drc_routed.pb -rpx i2c_eerom_top_methodology_drc_routed.rpx
INFO: [Timing 38-35] Done setting XDC timing constraints.
INFO: [Timing 38-35] Done setting XDC timing constraints.
INFO: [DRC 23-133] Running Methodology with 2 threads
INFO: [Coretcl 2-1520] The results of Report Methodology are in file F:/FPGA/EEPROM/EEPROM.runs/impl_1/i2c_eerom_top_methodology_drc_routed.rpt.
report_methodology completed successfully
INFO: [runtcl-4] Executing : report_power -file i2c_eerom_top_power_routed.rpt -pb i2c_eerom_top_power_summary_routed.pb -rpx i2c_eerom_top_power_routed.rpx
Command: report_power -file i2c_eerom_top_power_routed.rpt -pb i2c_eerom_top_power_summary_routed.pb -rpx i2c_eerom_top_power_routed.rpx
WARNING: [Power 33-232] No user defined clocks were found in the design!
Resolution: Please specify clocks using create_clock/create_generated_clock for sequential elements. For pure combinatorial circuits, please specify a virtual clock, otherwise the vectorless estimation might be inaccurate
INFO: [Timing 38-35] Done setting XDC timing constraints.
Running Vector-less Activity Propagation...

Finished Running Vector-less Activity Propagation
64 Infos, 1 Warnings, 0 Critical Warnings and 0 Errors encountered.
report_power completed successfully
INFO: [runtcl-4] Executing : report_route_status -file i2c_eerom_top_route_status.rpt -pb i2c_eerom_top_route_status.pb
INFO: [runtcl-4] Executing : report_timing_summary -max_paths 10 -file i2c_eerom_top_timing_summary_routed.rpt -rpx i2c_eerom_top_timing_summary_routed.rpx -warn_on_violation 
INFO: [Timing 38-91] UpdateTimingParams: Speed grade: -2, Delay Type: min_max.
INFO: [Timing 38-191] Multithreading enabled for timing update using a maximum of 2 CPUs
WARNING: [Timing 38-313] There are no user specified timing constraints. Timing constraints are needed for proper timing analysis.
INFO: [runtcl-4] Executing : report_incremental_reuse -file i2c_eerom_top_incremental_reuse_routed.rpt
INFO: [Vivado_Tcl 4-545] No incremental reuse to report, no incremental placement and routing data was found.
INFO: [runtcl-4] Executing : report_clock_utilization -file i2c_eerom_top_clock_utilization_routed.rpt
INFO: [Common 17-206] Exiting Vivado at Fri Nov 22 19:59:25 2024...

*** Running vivado
    with args -log i2c_eerom_top.vdi -applog -m64 -product Vivado -messageDb vivado.pb -mode batch -source i2c_eerom_top.tcl -notrace


****** Vivado v2017.4 (64-bit)
  **** SW Build 2086221 on Fri Dec 15 20:55:39 MST 2017
  **** IP Build 2085800 on Fri Dec 15 22:25:07 MST 2017
    ** Copyright 1986-2017 Xilinx, Inc. All Rights Reserved.

source i2c_eerom_top.tcl -notrace
Command: link_design -top i2c_eerom_top -part xc7z020clg400-2
Design is defaulting to srcset: sources_1
Design is defaulting to constrset: constrs_1
INFO: [Netlist 29-17] Analyzing 3 Unisim elements for replacement
INFO: [Netlist 29-28] Unisim Transformation completed in 1 CPU seconds
INFO: [Project 1-479] Netlist was created with Vivado 2017.4
INFO: [Device 21-403] Loading part xc7z020clg400-2
INFO: [Project 1-570] Preparing netlist for logic optimization
Parsing XDC File [F:/FPGA/EEPROM/EEPROM.srcs/constrs_1/new/i2c_eerom.xdc]
Finished Parsing XDC File [F:/FPGA/EEPROM/EEPROM.srcs/constrs_1/new/i2c_eerom.xdc]
INFO: [Opt 31-138] Pushed 0 inverter(s) to 0 load pin(s).
INFO: [Project 1-111] Unisim Transformation Summary:
  A total of 1 instances were transformed.
  IOBUF => IOBUF (IBUF, OBUFT): 1 instances

7 Infos, 0 Warnings, 0 Critical Warnings and 0 Errors encountered.
link_design completed successfully
link_design: Time (s): cpu = 00:00:06 ; elapsed = 00:00:06 . Memory (MB): peak = 616.961 ; gain = 334.895
Command: opt_design
Attempting to get a license for feature 'Implementation' and/or device 'xc7z020'
INFO: [Common 17-349] Got license for feature 'Implementation' and/or device 'xc7z020'
Running DRC as a precondition to command opt_design

Starting DRC Task
INFO: [DRC 23-27] Running DRC with 2 threads
INFO: [Project 1-461] DRC finished with 0 Errors
INFO: [Project 1-462] Please refer to the DRC report (report_drc) for more information.

Time (s): cpu = 00:00:00 ; elapsed = 00:00:00.397 . Memory (MB): peak = 631.516 ; gain = 14.555
INFO: [Timing 38-35] Done setting XDC timing constraints.

Starting Logic Optimization Task

Phase 1 Retarget
INFO: [Opt 31-138] Pushed 0 inverter(s) to 0 load pin(s).
INFO: [Opt 31-49] Retargeted 0 cell(s).
Phase 1 Retarget | Checksum: 179153817

Time (s): cpu = 00:00:00 ; elapsed = 00:00:00.009 . Memory (MB): peak = 1186.469 ; gain = 0.000
INFO: [Opt 31-389] Phase Retarget created 0 cells and removed 1 cells

Phase 2 Constant propagation
INFO: [Opt 31-138] Pushed 0 inverter(s) to 0 load pin(s).
Phase 2 Constant propagation | Checksum: 179153817

Time (s): cpu = 00:00:00 ; elapsed = 00:00:00.011 . Memory (MB): peak = 1186.469 ; gain = 0.000
INFO: [Opt 31-389] Phase Constant propagation created 0 cells and removed 0 cells

Phase 3 Sweep
Phase 3 Sweep | Checksum: 179153817

Time (s): cpu = 00:00:00 ; elapsed = 00:00:00.012 . Memory (MB): peak = 1186.469 ; gain = 0.000
INFO: [Opt 31-389] Phase Sweep created 0 cells and removed 0 cells

Phase 4 BUFG optimization
Phase 4 BUFG optimization | Checksum: 179153817

Time (s): cpu = 00:00:00 ; elapsed = 00:00:00.013 . Memory (MB): peak = 1186.469 ; gain = 0.000
INFO: [Opt 31-389] Phase BUFG optimization created 0 cells and removed 0 cells

Phase 5 Shift Register Optimization
Phase 5 Shift Register Optimization | Checksum: 179153817

Time (s): cpu = 00:00:00 ; elapsed = 00:00:00.014 . Memory (MB): peak = 1186.469 ; gain = 0.000
INFO: [Opt 31-389] Phase Shift Register Optimization created 0 cells and removed 0 cells

Starting Connectivity Check Task

Time (s): cpu = 00:00:00 ; elapsed = 00:00:00 . Memory (MB): peak = 1186.469 ; gain = 0.000
Ending Logic Optimization Task | Checksum: 179153817

Time (s): cpu = 00:00:00 ; elapsed = 00:00:00.016 . Memory (MB): peak = 1186.469 ; gain = 0.000

Starting Power Optimization Task
INFO: [Pwropt 34-132] Skipping clock gating for clocks with a period < 2.00 ns.
Ending Power Optimization Task | Checksum: 179153817

Time (s): cpu = 00:00:00 ; elapsed = 00:00:00.005 . Memory (MB): peak = 1186.469 ; gain = 0.000
INFO: [Common 17-83] Releasing license: Implementation
22 Infos, 0 Warnings, 0 Critical Warnings and 0 Errors encountered.
opt_design completed successfully
opt_design: Time (s): cpu = 00:00:08 ; elapsed = 00:00:09 . Memory (MB): peak = 1186.469 ; gain = 569.508
Writing placer database...
Writing XDEF routing.
Writing XDEF routing logical nets.
Writing XDEF routing special nets.
Write XDEF Complete: Time (s): cpu = 00:00:01 ; elapsed = 00:00:00.047 . Memory (MB): peak = 1186.469 ; gain = 0.000
INFO: [Common 17-1381] The checkpoint 'F:/FPGA/EEPROM/EEPROM.runs/impl_1/i2c_eerom_top_opt.dcp' has been generated.
INFO: [runtcl-4] Executing : report_drc -file i2c_eerom_top_drc_opted.rpt -pb i2c_eerom_top_drc_opted.pb -rpx i2c_eerom_top_drc_opted.rpx
Command: report_drc -file i2c_eerom_top_drc_opted.rpt -pb i2c_eerom_top_drc_opted.pb -rpx i2c_eerom_top_drc_opted.rpx
INFO: [IP_Flow 19-234] Refreshing IP repositories
INFO: [IP_Flow 19-1704] No user IP repositories specified
INFO: [IP_Flow 19-2313] Loaded Vivado IP repository 'E:/vivado/Vivado/2017.4/data/ip'.
INFO: [DRC 23-27] Running DRC with 2 threads
INFO: [Coretcl 2-168] The results of DRC are in file F:/FPGA/EEPROM/EEPROM.runs/impl_1/i2c_eerom_top_drc_opted.rpt.
report_drc completed successfully
INFO: [Chipscope 16-241] No debug cores found in the current design.
Before running the implement_debug_core command, either use the Set Up Debug wizard (GUI mode)
or use the create_debug_core and connect_debug_core Tcl commands to insert debug cores into the design.
Command: place_design
Attempting to get a license for feature 'Implementation' and/or device 'xc7z020'
INFO: [Common 17-349] Got license for feature 'Implementation' and/or device 'xc7z020'
INFO: [DRC 23-27] Running DRC with 2 threads
INFO: [Vivado_Tcl 4-198] DRC finished with 0 Errors
INFO: [Vivado_Tcl 4-199] Please refer to the DRC report (report_drc) for more information.
Running DRC as a precondition to command place_design
INFO: [DRC 23-27] Running DRC with 2 threads
INFO: [Vivado_Tcl 4-198] DRC finished with 0 Errors
INFO: [Vivado_Tcl 4-199] Please refer to the DRC report (report_drc) for more information.

Starting Placer Task
INFO: [Place 30-611] Multithreading enabled for place_design using a maximum of 2 CPUs

Phase 1 Placer Initialization

Phase 1.1 Placer Initialization Netlist Sorting
Netlist sorting complete. Time (s): cpu = 00:00:00 ; elapsed = 00:00:00 . Memory (MB): peak = 1186.469 ; gain = 0.000
Phase 1.1 Placer Initialization Netlist Sorting | Checksum: b5e53f26

Time (s): cpu = 00:00:00 ; elapsed = 00:00:00.003 . Memory (MB): peak = 1186.469 ; gain = 0.000
Netlist sorting complete. Time (s): cpu = 00:00:00 ; elapsed = 00:00:00 . Memory (MB): peak = 1186.469 ; gain = 0.000

Phase 1.2 IO Placement/ Clock Placement/ Build Placer Device
INFO: [Timing 38-35] Done setting XDC timing constraints.
Phase 1.2 IO Placement/ Clock Placement/ Build Placer Device | Checksum: 10ce4f8b7

Time (s): cpu = 00:00:01 ; elapsed = 00:00:00.689 . Memory (MB): peak = 1186.469 ; gain = 0.000

Phase 1.3 Build Placer Netlist Model
Phase 1.3 Build Placer Netlist Model | Checksum: 15246107f

Time (s): cpu = 00:00:01 ; elapsed = 00:00:00.715 . Memory (MB): peak = 1186.469 ; gain = 0.000

Phase 1.4 Constrain Clocks/Macros
Phase 1.4 Constrain Clocks/Macros | Checksum: 15246107f

Time (s): cpu = 00:00:01 ; elapsed = 00:00:00.717 . Memory (MB): peak = 1186.469 ; gain = 0.000
Phase 1 Placer Initialization | Checksum: 15246107f

Time (s): cpu = 00:00:01 ; elapsed = 00:00:00.717 . Memory (MB): peak = 1186.469 ; gain = 0.000

Phase 2 Global Placement
Phase 2 Global Placement | Checksum: 16946bb91

Time (s): cpu = 00:00:01 ; elapsed = 00:00:01 . Memory (MB): peak = 1186.469 ; gain = 0.000

Phase 3 Detail Placement

Phase 3.1 Commit Multi Column Macros
Phase 3.1 Commit Multi Column Macros | Checksum: 16946bb91

Time (s): cpu = 00:00:01 ; elapsed = 00:00:01 . Memory (MB): peak = 1186.469 ; gain = 0.000

Phase 3.2 Commit Most Macros & LUTRAMs
Phase 3.2 Commit Most Macros & LUTRAMs | Checksum: 1801e0b1e

Time (s): cpu = 00:00:01 ; elapsed = 00:00:01 . Memory (MB): peak = 1186.469 ; gain = 0.000

Phase 3.3 Area Swap Optimization
Phase 3.3 Area Swap Optimization | Checksum: 1bf8a5961

Time (s): cpu = 00:00:01 ; elapsed = 00:00:01 . Memory (MB): peak = 1186.469 ; gain = 0.000

Phase 3.4 Pipeline Register Optimization
Phase 3.4 Pipeline Register Optimization | Checksum: 1bf8a5961

Time (s): cpu = 00:00:01 ; elapsed = 00:00:01 . Memory (MB): peak = 1186.469 ; gain = 0.000

Phase 3.5 Small Shape Detail Placement
Phase 3.5 Small Shape Detail Placement | Checksum: 15ebf5b10

Time (s): cpu = 00:00:02 ; elapsed = 00:00:01 . Memory (MB): peak = 1186.469 ; gain = 0.000

Phase 3.6 Re-assign LUT pins
Phase 3.6 Re-assign LUT pins | Checksum: 15ebf5b10

Time (s): cpu = 00:00:02 ; elapsed = 00:00:01 . Memory (MB): peak = 1186.469 ; gain = 0.000

Phase 3.7 Pipeline Register Optimization
Phase 3.7 Pipeline Register Optimization | Checksum: 15ebf5b10

Time (s): cpu = 00:00:02 ; elapsed = 00:00:01 . Memory (MB): peak = 1186.469 ; gain = 0.000
Phase 3 Detail Placement | Checksum: 15ebf5b10

Time (s): cpu = 00:00:02 ; elapsed = 00:00:01 . Memory (MB): peak = 1186.469 ; gain = 0.000

Phase 4 Post Placement Optimization and Clean-Up

Phase 4.1 Post Commit Optimization
Phase 4.1 Post Commit Optimization | Checksum: 15ebf5b10

Time (s): cpu = 00:00:02 ; elapsed = 00:00:01 . Memory (MB): peak = 1186.469 ; gain = 0.000

Phase 4.2 Post Placement Cleanup
Phase 4.2 Post Placement Cleanup | Checksum: 15ebf5b10

Time (s): cpu = 00:00:02 ; elapsed = 00:00:01 . Memory (MB): peak = 1186.469 ; gain = 0.000

Phase 4.3 Placer Reporting
Phase 4.3 Placer Reporting | Checksum: 15ebf5b10

Time (s): cpu = 00:00:02 ; elapsed = 00:00:01 . Memory (MB): peak = 1186.469 ; gain = 0.000

Phase 4.4 Final Placement Cleanup
Phase 4.4 Final Placement Cleanup | Checksum: 1f48301fb

Time (s): cpu = 00:00:02 ; elapsed = 00:00:01 . Memory (MB): peak = 1186.469 ; gain = 0.000
Phase 4 Post Placement Optimization and Clean-Up | Checksum: 1f48301fb

Time (s): cpu = 00:00:02 ; elapsed = 00:00:01 . Memory (MB): peak = 1186.469 ; gain = 0.000
Ending Placer Task | Checksum: 12be09298

Time (s): cpu = 00:00:02 ; elapsed = 00:00:01 . Memory (MB): peak = 1186.469 ; gain = 0.000
INFO: [Common 17-83] Releasing license: Implementation
40 Infos, 0 Warnings, 0 Critical Warnings and 0 Errors encountered.
place_design completed successfully
Writing placer database...
Writing XDEF routing.
Writing XDEF routing logical nets.
Writing XDEF routing special nets.
Write XDEF Complete: Time (s): cpu = 00:00:00 ; elapsed = 00:00:00.047 . Memory (MB): peak = 1186.469 ; gain = 0.000
INFO: [Common 17-1381] The checkpoint 'F:/FPGA/EEPROM/EEPROM.runs/impl_1/i2c_eerom_top_placed.dcp' has been generated.
INFO: [runtcl-4] Executing : report_io -file i2c_eerom_top_io_placed.rpt
report_io: Time (s): cpu = 00:00:00 ; elapsed = 00:00:00.035 . Memory (MB): peak = 1186.469 ; gain = 0.000
INFO: [runtcl-4] Executing : report_utilization -file i2c_eerom_top_utilization_placed.rpt -pb i2c_eerom_top_utilization_placed.pb
report_utilization: Time (s): cpu = 00:00:00 ; elapsed = 00:00:00.030 . Memory (MB): peak = 1186.469 ; gain = 0.000
INFO: [runtcl-4] Executing : report_control_sets -verbose -file i2c_eerom_top_control_sets_placed.rpt
report_control_sets: Time (s): cpu = 00:00:00 ; elapsed = 00:00:00.001 . Memory (MB): peak = 1186.469 ; gain = 0.000
Command: route_design
Attempting to get a license for feature 'Implementation' and/or device 'xc7z020'
INFO: [Common 17-349] Got license for feature 'Implementation' and/or device 'xc7z020'
Running DRC as a precondition to command route_design
INFO: [DRC 23-27] Running DRC with 2 threads
INFO: [Vivado_Tcl 4-198] DRC finished with 0 Errors
INFO: [Vivado_Tcl 4-199] Please refer to the DRC report (report_drc) for more information.


Starting Routing Task
INFO: [Route 35-254] Multithreading enabled for route_design using a maximum of 2 CPUs
Checksum: PlaceDB: 31ab0f14 ConstDB: 0 ShapeSum: fa358384 RouteDB: 0

Phase 1 Build RT Design
Phase 1 Build RT Design | Checksum: e0e6f487

Time (s): cpu = 00:00:22 ; elapsed = 00:00:20 . Memory (MB): peak = 1320.598 ; gain = 134.129
Post Restoration Checksum: NetGraph: 3569b015 NumContArr: ab7d4472 Constraints: 0 Timing: 0

Phase 2 Router Initialization
INFO: [Route 35-64] No timing constraints were detected. The router will operate in resource-optimization mode.

Phase 2.1 Fix Topology Constraints
Phase 2.1 Fix Topology Constraints | Checksum: e0e6f487

Time (s): cpu = 00:00:22 ; elapsed = 00:00:20 . Memory (MB): peak = 1326.582 ; gain = 140.113

Phase 2.2 Pre Route Cleanup
Phase 2.2 Pre Route Cleanup | Checksum: e0e6f487

Time (s): cpu = 00:00:22 ; elapsed = 00:00:20 . Memory (MB): peak = 1326.582 ; gain = 140.113
 Number of Nodes with overlaps = 0
Phase 2 Router Initialization | Checksum: 1c8ee5f77

Time (s): cpu = 00:00:22 ; elapsed = 00:00:20 . Memory (MB): peak = 1336.285 ; gain = 149.816

Phase 3 Initial Routing
Phase 3 Initial Routing | Checksum: 13e79701b

Time (s): cpu = 00:00:23 ; elapsed = 00:00:20 . Memory (MB): peak = 1336.285 ; gain = 149.816

Phase 4 Rip-up And Reroute

Phase 4.1 Global Iteration 0
 Number of Nodes with overlaps = 8
 Number of Nodes with overlaps = 0
Phase 4.1 Global Iteration 0 | Checksum: cba98092

Time (s): cpu = 00:00:23 ; elapsed = 00:00:20 . Memory (MB): peak = 1336.285 ; gain = 149.816
Phase 4 Rip-up And Reroute | Checksum: cba98092

Time (s): cpu = 00:00:23 ; elapsed = 00:00:20 . Memory (MB): peak = 1336.285 ; gain = 149.816

Phase 5 Delay and Skew Optimization
Phase 5 Delay and Skew Optimization | Checksum: cba98092

Time (s): cpu = 00:00:23 ; elapsed = 00:00:20 . Memory (MB): peak = 1336.285 ; gain = 149.816

Phase 6 Post Hold Fix

Phase 6.1 Hold Fix Iter
Phase 6.1 Hold Fix Iter | Checksum: cba98092

Time (s): cpu = 00:00:23 ; elapsed = 00:00:20 . Memory (MB): peak = 1336.285 ; gain = 149.816
Phase 6 Post Hold Fix | Checksum: cba98092

Time (s): cpu = 00:00:23 ; elapsed = 00:00:20 . Memory (MB): peak = 1336.285 ; gain = 149.816

Phase 7 Route finalize

Router Utilization Summary
  Global Vertical Routing Utilization    = 0.00833592 %
  Global Horizontal Routing Utilization  = 0.00684584 %
  Routable Net Status*
  *Does not include unroutable nets such as driverless and loadless.
  Run report_route_status for detailed report.
  Number of Failed Nets               = 0
  Number of Unrouted Nets             = 0
  Number of Partially Routed Nets     = 0
  Number of Node Overlaps             = 0

Utilization threshold used for congestion level computation: 0.85
Congestion Report
North Dir 1x1 Area, Max Cong = 9.90991%, No Congested Regions.
South Dir 1x1 Area, Max Cong = 13.5135%, No Congested Regions.
East Dir 1x1 Area, Max Cong = 16.1765%, No Congested Regions.
West Dir 1x1 Area, Max Cong = 11.7647%, No Congested Regions.
Phase 7 Route finalize | Checksum: cba98092

Time (s): cpu = 00:00:23 ; elapsed = 00:00:20 . Memory (MB): peak = 1336.285 ; gain = 149.816

Phase 8 Verifying routed nets

 Verification completed successfully
Phase 8 Verifying routed nets | Checksum: cba98092

Time (s): cpu = 00:00:23 ; elapsed = 00:00:20 . Memory (MB): peak = 1336.285 ; gain = 149.816

Phase 9 Depositing Routes
Phase 9 Depositing Routes | Checksum: 4925a4d8

Time (s): cpu = 00:00:23 ; elapsed = 00:00:20 . Memory (MB): peak = 1336.285 ; gain = 149.816
INFO: [Route 35-16] Router Completed Successfully

Time (s): cpu = 00:00:23 ; elapsed = 00:00:20 . Memory (MB): peak = 1336.285 ; gain = 149.816

Routing Is Done.
INFO: [Common 17-83] Releasing license: Implementation
52 Infos, 0 Warnings, 0 Critical Warnings and 0 Errors encountered.
route_design completed successfully
route_design: Time (s): cpu = 00:00:24 ; elapsed = 00:00:21 . Memory (MB): peak = 1336.285 ; gain = 149.816
Writing placer database...
Writing XDEF routing.
Writing XDEF routing logical nets.
Writing XDEF routing special nets.
Write XDEF Complete: Time (s): cpu = 00:00:00 ; elapsed = 00:00:00.049 . Memory (MB): peak = 1336.285 ; gain = 0.000
INFO: [Common 17-1381] The checkpoint 'F:/FPGA/EEPROM/EEPROM.runs/impl_1/i2c_eerom_top_routed.dcp' has been generated.
INFO: [runtcl-4] Executing : report_drc -file i2c_eerom_top_drc_routed.rpt -pb i2c_eerom_top_drc_routed.pb -rpx i2c_eerom_top_drc_routed.rpx
Command: report_drc -file i2c_eerom_top_drc_routed.rpt -pb i2c_eerom_top_drc_routed.pb -rpx i2c_eerom_top_drc_routed.rpx
INFO: [IP_Flow 19-1839] IP Catalog is up to date.
INFO: [DRC 23-27] Running DRC with 2 threads
INFO: [Coretcl 2-168] The results of DRC are in file F:/FPGA/EEPROM/EEPROM.runs/impl_1/i2c_eerom_top_drc_routed.rpt.
report_drc completed successfully
INFO: [runtcl-4] Executing : report_methodology -file i2c_eerom_top_methodology_drc_routed.rpt -pb i2c_eerom_top_methodology_drc_routed.pb -rpx i2c_eerom_top_methodology_drc_routed.rpx
Command: report_methodology -file i2c_eerom_top_methodology_drc_routed.rpt -pb i2c_eerom_top_methodology_drc_routed.pb -rpx i2c_eerom_top_methodology_drc_routed.rpx
INFO: [Timing 38-35] Done setting XDC timing constraints.
INFO: [Timing 38-35] Done setting XDC timing constraints.
INFO: [DRC 23-133] Running Methodology with 2 threads
INFO: [Coretcl 2-1520] The results of Report Methodology are in file F:/FPGA/EEPROM/EEPROM.runs/impl_1/i2c_eerom_top_methodology_drc_routed.rpt.
report_methodology completed successfully
INFO: [runtcl-4] Executing : report_power -file i2c_eerom_top_power_routed.rpt -pb i2c_eerom_top_power_summary_routed.pb -rpx i2c_eerom_top_power_routed.rpx
Command: report_power -file i2c_eerom_top_power_routed.rpt -pb i2c_eerom_top_power_summary_routed.pb -rpx i2c_eerom_top_power_routed.rpx
WARNING: [Power 33-232] No user defined clocks were found in the design!
Resolution: Please specify clocks using create_clock/create_generated_clock for sequential elements. For pure combinatorial circuits, please specify a virtual clock, otherwise the vectorless estimation might be inaccurate
INFO: [Timing 38-35] Done setting XDC timing constraints.
Running Vector-less Activity Propagation...

Finished Running Vector-less Activity Propagation
64 Infos, 1 Warnings, 0 Critical Warnings and 0 Errors encountered.
report_power completed successfully
INFO: [runtcl-4] Executing : report_route_status -file i2c_eerom_top_route_status.rpt -pb i2c_eerom_top_route_status.pb
INFO: [runtcl-4] Executing : report_timing_summary -max_paths 10 -file i2c_eerom_top_timing_summary_routed.rpt -rpx i2c_eerom_top_timing_summary_routed.rpx -warn_on_violation 
INFO: [Timing 38-91] UpdateTimingParams: Speed grade: -2, Delay Type: min_max.
INFO: [Timing 38-191] Multithreading enabled for timing update using a maximum of 2 CPUs
WARNING: [Timing 38-313] There are no user specified timing constraints. Timing constraints are needed for proper timing analysis.
INFO: [runtcl-4] Executing : report_incremental_reuse -file i2c_eerom_top_incremental_reuse_routed.rpt
INFO: [Vivado_Tcl 4-545] No incremental reuse to report, no incremental placement and routing data was found.
INFO: [runtcl-4] Executing : report_clock_utilization -file i2c_eerom_top_clock_utilization_routed.rpt
INFO: [Common 17-206] Exiting Vivado at Fri Nov 22 20:09:41 2024...

*** Running vivado
    with args -log i2c_eerom_top.vdi -applog -m64 -product Vivado -messageDb vivado.pb -mode batch -source i2c_eerom_top.tcl -notrace


****** Vivado v2017.4 (64-bit)
  **** SW Build 2086221 on Fri Dec 15 20:55:39 MST 2017
  **** IP Build 2085800 on Fri Dec 15 22:25:07 MST 2017
    ** Copyright 1986-2017 Xilinx, Inc. All Rights Reserved.

source i2c_eerom_top.tcl -notrace
Command: link_design -top i2c_eerom_top -part xc7z020clg400-2
Design is defaulting to srcset: sources_1
Design is defaulting to constrset: constrs_1
INFO: [Netlist 29-17] Analyzing 3 Unisim elements for replacement
INFO: [Netlist 29-28] Unisim Transformation completed in 0 CPU seconds
INFO: [Project 1-479] Netlist was created with Vivado 2017.4
INFO: [Device 21-403] Loading part xc7z020clg400-2
INFO: [Project 1-570] Preparing netlist for logic optimization
Parsing XDC File [F:/FPGA/EEPROM/EEPROM.srcs/constrs_1/new/i2c_eerom.xdc]
Finished Parsing XDC File [F:/FPGA/EEPROM/EEPROM.srcs/constrs_1/new/i2c_eerom.xdc]
INFO: [Opt 31-138] Pushed 0 inverter(s) to 0 load pin(s).
INFO: [Project 1-111] Unisim Transformation Summary:
  A total of 1 instances were transformed.
  IOBUF => IOBUF (IBUF, OBUFT): 1 instances

7 Infos, 0 Warnings, 0 Critical Warnings and 0 Errors encountered.
link_design completed successfully
link_design: Time (s): cpu = 00:00:05 ; elapsed = 00:00:06 . Memory (MB): peak = 617.719 ; gain = 336.305
Command: opt_design
Attempting to get a license for feature 'Implementation' and/or device 'xc7z020'
INFO: [Common 17-349] Got license for feature 'Implementation' and/or device 'xc7z020'
Running DRC as a precondition to command opt_design

Starting DRC Task
INFO: [DRC 23-27] Running DRC with 2 threads
INFO: [Project 1-461] DRC finished with 0 Errors
INFO: [Project 1-462] Please refer to the DRC report (report_drc) for more information.

Time (s): cpu = 00:00:01 ; elapsed = 00:00:00.329 . Memory (MB): peak = 633.754 ; gain = 16.035
INFO: [Timing 38-35] Done setting XDC timing constraints.

Starting Logic Optimization Task

Phase 1 Retarget
INFO: [Opt 31-138] Pushed 0 inverter(s) to 0 load pin(s).
INFO: [Opt 31-49] Retargeted 0 cell(s).
Phase 1 Retarget | Checksum: 1ab42469c

Time (s): cpu = 00:00:00 ; elapsed = 00:00:00.008 . Memory (MB): peak = 1187.199 ; gain = 0.000
INFO: [Opt 31-389] Phase Retarget created 0 cells and removed 1 cells

Phase 2 Constant propagation
INFO: [Opt 31-138] Pushed 0 inverter(s) to 0 load pin(s).
Phase 2 Constant propagation | Checksum: 1ab42469c

Time (s): cpu = 00:00:00 ; elapsed = 00:00:00.011 . Memory (MB): peak = 1187.199 ; gain = 0.000
INFO: [Opt 31-389] Phase Constant propagation created 0 cells and removed 0 cells

Phase 3 Sweep
Phase 3 Sweep | Checksum: 1ab42469c

Time (s): cpu = 00:00:00 ; elapsed = 00:00:00.012 . Memory (MB): peak = 1187.199 ; gain = 0.000
INFO: [Opt 31-389] Phase Sweep created 0 cells and removed 0 cells

Phase 4 BUFG optimization
Phase 4 BUFG optimization | Checksum: 1ab42469c

Time (s): cpu = 00:00:00 ; elapsed = 00:00:00.013 . Memory (MB): peak = 1187.199 ; gain = 0.000
INFO: [Opt 31-389] Phase BUFG optimization created 0 cells and removed 0 cells

Phase 5 Shift Register Optimization
Phase 5 Shift Register Optimization | Checksum: 1ab42469c

Time (s): cpu = 00:00:00 ; elapsed = 00:00:00.014 . Memory (MB): peak = 1187.199 ; gain = 0.000
INFO: [Opt 31-389] Phase Shift Register Optimization created 0 cells and removed 0 cells

Starting Connectivity Check Task

Time (s): cpu = 00:00:00 ; elapsed = 00:00:00 . Memory (MB): peak = 1187.199 ; gain = 0.000
Ending Logic Optimization Task | Checksum: 1ab42469c

Time (s): cpu = 00:00:00 ; elapsed = 00:00:00.016 . Memory (MB): peak = 1187.199 ; gain = 0.000

Starting Power Optimization Task
INFO: [Pwropt 34-132] Skipping clock gating for clocks with a period < 2.00 ns.
Ending Power Optimization Task | Checksum: 1ab42469c

Time (s): cpu = 00:00:00 ; elapsed = 00:00:00.005 . Memory (MB): peak = 1187.199 ; gain = 0.000
INFO: [Common 17-83] Releasing license: Implementation
22 Infos, 0 Warnings, 0 Critical Warnings and 0 Errors encountered.
opt_design completed successfully
opt_design: Time (s): cpu = 00:00:09 ; elapsed = 00:00:09 . Memory (MB): peak = 1187.199 ; gain = 569.480
Writing placer database...
Writing XDEF routing.
Writing XDEF routing logical nets.
Writing XDEF routing special nets.
Write XDEF Complete: Time (s): cpu = 00:00:00 ; elapsed = 00:00:00.043 . Memory (MB): peak = 1187.199 ; gain = 0.000
INFO: [Common 17-1381] The checkpoint 'F:/FPGA/EEPROM/EEPROM.runs/impl_1/i2c_eerom_top_opt.dcp' has been generated.
INFO: [runtcl-4] Executing : report_drc -file i2c_eerom_top_drc_opted.rpt -pb i2c_eerom_top_drc_opted.pb -rpx i2c_eerom_top_drc_opted.rpx
Command: report_drc -file i2c_eerom_top_drc_opted.rpt -pb i2c_eerom_top_drc_opted.pb -rpx i2c_eerom_top_drc_opted.rpx
INFO: [IP_Flow 19-234] Refreshing IP repositories
INFO: [IP_Flow 19-1704] No user IP repositories specified
INFO: [IP_Flow 19-2313] Loaded Vivado IP repository 'E:/vivado/Vivado/2017.4/data/ip'.
INFO: [DRC 23-27] Running DRC with 2 threads
INFO: [Coretcl 2-168] The results of DRC are in file F:/FPGA/EEPROM/EEPROM.runs/impl_1/i2c_eerom_top_drc_opted.rpt.
report_drc completed successfully
INFO: [Chipscope 16-241] No debug cores found in the current design.
Before running the implement_debug_core command, either use the Set Up Debug wizard (GUI mode)
or use the create_debug_core and connect_debug_core Tcl commands to insert debug cores into the design.
Command: place_design
Attempting to get a license for feature 'Implementation' and/or device 'xc7z020'
INFO: [Common 17-349] Got license for feature 'Implementation' and/or device 'xc7z020'
INFO: [DRC 23-27] Running DRC with 2 threads
INFO: [Vivado_Tcl 4-198] DRC finished with 0 Errors
INFO: [Vivado_Tcl 4-199] Please refer to the DRC report (report_drc) for more information.
Running DRC as a precondition to command place_design
INFO: [DRC 23-27] Running DRC with 2 threads
INFO: [Vivado_Tcl 4-198] DRC finished with 0 Errors
INFO: [Vivado_Tcl 4-199] Please refer to the DRC report (report_drc) for more information.

Starting Placer Task
INFO: [Place 30-611] Multithreading enabled for place_design using a maximum of 2 CPUs

Phase 1 Placer Initialization

Phase 1.1 Placer Initialization Netlist Sorting
Netlist sorting complete. Time (s): cpu = 00:00:00 ; elapsed = 00:00:00.001 . Memory (MB): peak = 1187.199 ; gain = 0.000
Phase 1.1 Placer Initialization Netlist Sorting | Checksum: e0622eae

Time (s): cpu = 00:00:00 ; elapsed = 00:00:00.002 . Memory (MB): peak = 1187.199 ; gain = 0.000
Netlist sorting complete. Time (s): cpu = 00:00:00 ; elapsed = 00:00:00 . Memory (MB): peak = 1187.199 ; gain = 0.000

Phase 1.2 IO Placement/ Clock Placement/ Build Placer Device
INFO: [Timing 38-35] Done setting XDC timing constraints.
Phase 1.2 IO Placement/ Clock Placement/ Build Placer Device | Checksum: 12a3aa537

Time (s): cpu = 00:00:02 ; elapsed = 00:00:00.708 . Memory (MB): peak = 1187.199 ; gain = 0.000

Phase 1.3 Build Placer Netlist Model
Phase 1.3 Build Placer Netlist Model | Checksum: 228032202

Time (s): cpu = 00:00:02 ; elapsed = 00:00:00.734 . Memory (MB): peak = 1187.199 ; gain = 0.000

Phase 1.4 Constrain Clocks/Macros
Phase 1.4 Constrain Clocks/Macros | Checksum: 228032202

Time (s): cpu = 00:00:02 ; elapsed = 00:00:00.735 . Memory (MB): peak = 1187.199 ; gain = 0.000
Phase 1 Placer Initialization | Checksum: 228032202

Time (s): cpu = 00:00:02 ; elapsed = 00:00:00.736 . Memory (MB): peak = 1187.199 ; gain = 0.000

Phase 2 Global Placement
Phase 2 Global Placement | Checksum: 16afb6431

Time (s): cpu = 00:00:02 ; elapsed = 00:00:01 . Memory (MB): peak = 1187.199 ; gain = 0.000

Phase 3 Detail Placement

Phase 3.1 Commit Multi Column Macros
Phase 3.1 Commit Multi Column Macros | Checksum: 16afb6431

Time (s): cpu = 00:00:02 ; elapsed = 00:00:01 . Memory (MB): peak = 1187.199 ; gain = 0.000

Phase 3.2 Commit Most Macros & LUTRAMs
Phase 3.2 Commit Most Macros & LUTRAMs | Checksum: 12ca4a6cb

Time (s): cpu = 00:00:02 ; elapsed = 00:00:01 . Memory (MB): peak = 1187.199 ; gain = 0.000

Phase 3.3 Area Swap Optimization
Phase 3.3 Area Swap Optimization | Checksum: 215686352

Time (s): cpu = 00:00:02 ; elapsed = 00:00:01 . Memory (MB): peak = 1187.199 ; gain = 0.000

Phase 3.4 Pipeline Register Optimization
Phase 3.4 Pipeline Register Optimization | Checksum: 215686352

Time (s): cpu = 00:00:02 ; elapsed = 00:00:01 . Memory (MB): peak = 1187.199 ; gain = 0.000

Phase 3.5 Small Shape Detail Placement
Phase 3.5 Small Shape Detail Placement | Checksum: 168bb688f

Time (s): cpu = 00:00:02 ; elapsed = 00:00:01 . Memory (MB): peak = 1187.199 ; gain = 0.000

Phase 3.6 Re-assign LUT pins
Phase 3.6 Re-assign LUT pins | Checksum: 168bb688f

Time (s): cpu = 00:00:02 ; elapsed = 00:00:01 . Memory (MB): peak = 1187.199 ; gain = 0.000

Phase 3.7 Pipeline Register Optimization
Phase 3.7 Pipeline Register Optimization | Checksum: 168bb688f

Time (s): cpu = 00:00:02 ; elapsed = 00:00:01 . Memory (MB): peak = 1187.199 ; gain = 0.000
Phase 3 Detail Placement | Checksum: 168bb688f

Time (s): cpu = 00:00:02 ; elapsed = 00:00:01 . Memory (MB): peak = 1187.199 ; gain = 0.000

Phase 4 Post Placement Optimization and Clean-Up

Phase 4.1 Post Commit Optimization
Phase 4.1 Post Commit Optimization | Checksum: 168bb688f

Time (s): cpu = 00:00:02 ; elapsed = 00:00:01 . Memory (MB): peak = 1187.199 ; gain = 0.000

Phase 4.2 Post Placement Cleanup
Phase 4.2 Post Placement Cleanup | Checksum: 168bb688f

Time (s): cpu = 00:00:02 ; elapsed = 00:00:01 . Memory (MB): peak = 1187.199 ; gain = 0.000

Phase 4.3 Placer Reporting
Phase 4.3 Placer Reporting | Checksum: 168bb688f

Time (s): cpu = 00:00:02 ; elapsed = 00:00:01 . Memory (MB): peak = 1187.199 ; gain = 0.000

Phase 4.4 Final Placement Cleanup
Phase 4.4 Final Placement Cleanup | Checksum: 1c7019406

Time (s): cpu = 00:00:02 ; elapsed = 00:00:01 . Memory (MB): peak = 1187.199 ; gain = 0.000
Phase 4 Post Placement Optimization and Clean-Up | Checksum: 1c7019406

Time (s): cpu = 00:00:02 ; elapsed = 00:00:01 . Memory (MB): peak = 1187.199 ; gain = 0.000
Ending Placer Task | Checksum: 10d609884

Time (s): cpu = 00:00:02 ; elapsed = 00:00:01 . Memory (MB): peak = 1187.199 ; gain = 0.000
INFO: [Common 17-83] Releasing license: Implementation
40 Infos, 0 Warnings, 0 Critical Warnings and 0 Errors encountered.
place_design completed successfully
Writing placer database...
Writing XDEF routing.
Writing XDEF routing logical nets.
Writing XDEF routing special nets.
Write XDEF Complete: Time (s): cpu = 00:00:00 ; elapsed = 00:00:00.040 . Memory (MB): peak = 1187.199 ; gain = 0.000
INFO: [Common 17-1381] The checkpoint 'F:/FPGA/EEPROM/EEPROM.runs/impl_1/i2c_eerom_top_placed.dcp' has been generated.
INFO: [runtcl-4] Executing : report_io -file i2c_eerom_top_io_placed.rpt
report_io: Time (s): cpu = 00:00:00 ; elapsed = 00:00:00.037 . Memory (MB): peak = 1187.199 ; gain = 0.000
INFO: [runtcl-4] Executing : report_utilization -file i2c_eerom_top_utilization_placed.rpt -pb i2c_eerom_top_utilization_placed.pb
report_utilization: Time (s): cpu = 00:00:00 ; elapsed = 00:00:00.030 . Memory (MB): peak = 1187.199 ; gain = 0.000
INFO: [runtcl-4] Executing : report_control_sets -verbose -file i2c_eerom_top_control_sets_placed.rpt
report_control_sets: Time (s): cpu = 00:00:00 ; elapsed = 00:00:00.001 . Memory (MB): peak = 1187.199 ; gain = 0.000
Command: route_design
Attempting to get a license for feature 'Implementation' and/or device 'xc7z020'
INFO: [Common 17-349] Got license for feature 'Implementation' and/or device 'xc7z020'
Running DRC as a precondition to command route_design
INFO: [DRC 23-27] Running DRC with 2 threads
INFO: [Vivado_Tcl 4-198] DRC finished with 0 Errors
INFO: [Vivado_Tcl 4-199] Please refer to the DRC report (report_drc) for more information.


Starting Routing Task
INFO: [Route 35-254] Multithreading enabled for route_design using a maximum of 2 CPUs
Checksum: PlaceDB: 2d52e3f4 ConstDB: 0 ShapeSum: e00db490 RouteDB: 0

Phase 1 Build RT Design
Phase 1 Build RT Design | Checksum: 8bdda428

Time (s): cpu = 00:00:22 ; elapsed = 00:00:20 . Memory (MB): peak = 1324.500 ; gain = 137.301
Post Restoration Checksum: NetGraph: 5a47c66f NumContArr: 3195ddb9 Constraints: 0 Timing: 0

Phase 2 Router Initialization
INFO: [Route 35-64] No timing constraints were detected. The router will operate in resource-optimization mode.

Phase 2.1 Fix Topology Constraints
Phase 2.1 Fix Topology Constraints | Checksum: 8bdda428

Time (s): cpu = 00:00:22 ; elapsed = 00:00:20 . Memory (MB): peak = 1330.309 ; gain = 143.109

Phase 2.2 Pre Route Cleanup
Phase 2.2 Pre Route Cleanup | Checksum: 8bdda428

Time (s): cpu = 00:00:22 ; elapsed = 00:00:20 . Memory (MB): peak = 1330.309 ; gain = 143.109
 Number of Nodes with overlaps = 0
Phase 2 Router Initialization | Checksum: 3d9080af

Time (s): cpu = 00:00:22 ; elapsed = 00:00:20 . Memory (MB): peak = 1340.758 ; gain = 153.559

Phase 3 Initial Routing
Phase 3 Initial Routing | Checksum: f67cd288

Time (s): cpu = 00:00:22 ; elapsed = 00:00:20 . Memory (MB): peak = 1340.758 ; gain = 153.559

Phase 4 Rip-up And Reroute

Phase 4.1 Global Iteration 0
 Number of Nodes with overlaps = 9
 Number of Nodes with overlaps = 0
Phase 4.1 Global Iteration 0 | Checksum: d8855b9a

Time (s): cpu = 00:00:22 ; elapsed = 00:00:20 . Memory (MB): peak = 1340.758 ; gain = 153.559
Phase 4 Rip-up And Reroute | Checksum: d8855b9a

Time (s): cpu = 00:00:22 ; elapsed = 00:00:20 . Memory (MB): peak = 1340.758 ; gain = 153.559

Phase 5 Delay and Skew Optimization
Phase 5 Delay and Skew Optimization | Checksum: d8855b9a

Time (s): cpu = 00:00:22 ; elapsed = 00:00:20 . Memory (MB): peak = 1340.758 ; gain = 153.559

Phase 6 Post Hold Fix

Phase 6.1 Hold Fix Iter
Phase 6.1 Hold Fix Iter | Checksum: d8855b9a

Time (s): cpu = 00:00:22 ; elapsed = 00:00:20 . Memory (MB): peak = 1340.758 ; gain = 153.559
Phase 6 Post Hold Fix | Checksum: d8855b9a

Time (s): cpu = 00:00:22 ; elapsed = 00:00:20 . Memory (MB): peak = 1340.758 ; gain = 153.559

Phase 7 Route finalize

Router Utilization Summary
  Global Vertical Routing Utilization    = 0.00792172 %
  Global Horizontal Routing Utilization  = 0.00464841 %
  Routable Net Status*
  *Does not include unroutable nets such as driverless and loadless.
  Run report_route_status for detailed report.
  Number of Failed Nets               = 0
  Number of Unrouted Nets             = 0
  Number of Partially Routed Nets     = 0
  Number of Node Overlaps             = 0

Utilization threshold used for congestion level computation: 0.85
Congestion Report
North Dir 1x1 Area, Max Cong = 9.90991%, No Congested Regions.
South Dir 1x1 Area, Max Cong = 8.10811%, No Congested Regions.
East Dir 1x1 Area, Max Cong = 11.7647%, No Congested Regions.
West Dir 1x1 Area, Max Cong = 13.2353%, No Congested Regions.
Phase 7 Route finalize | Checksum: d8855b9a

Time (s): cpu = 00:00:22 ; elapsed = 00:00:20 . Memory (MB): peak = 1340.758 ; gain = 153.559

Phase 8 Verifying routed nets

 Verification completed successfully
Phase 8 Verifying routed nets | Checksum: d8855b9a

Time (s): cpu = 00:00:22 ; elapsed = 00:00:20 . Memory (MB): peak = 1340.758 ; gain = 153.559

Phase 9 Depositing Routes
Phase 9 Depositing Routes | Checksum: d0921709

Time (s): cpu = 00:00:22 ; elapsed = 00:00:20 . Memory (MB): peak = 1340.758 ; gain = 153.559
INFO: [Route 35-16] Router Completed Successfully

Time (s): cpu = 00:00:22 ; elapsed = 00:00:20 . Memory (MB): peak = 1340.758 ; gain = 153.559

Routing Is Done.
INFO: [Common 17-83] Releasing license: Implementation
52 Infos, 0 Warnings, 0 Critical Warnings and 0 Errors encountered.
route_design completed successfully
route_design: Time (s): cpu = 00:00:23 ; elapsed = 00:00:21 . Memory (MB): peak = 1340.758 ; gain = 153.559
Writing placer database...
Writing XDEF routing.
Writing XDEF routing logical nets.
Writing XDEF routing special nets.
Write XDEF Complete: Time (s): cpu = 00:00:00 ; elapsed = 00:00:00.048 . Memory (MB): peak = 1340.758 ; gain = 0.000
INFO: [Common 17-1381] The checkpoint 'F:/FPGA/EEPROM/EEPROM.runs/impl_1/i2c_eerom_top_routed.dcp' has been generated.
INFO: [runtcl-4] Executing : report_drc -file i2c_eerom_top_drc_routed.rpt -pb i2c_eerom_top_drc_routed.pb -rpx i2c_eerom_top_drc_routed.rpx
Command: report_drc -file i2c_eerom_top_drc_routed.rpt -pb i2c_eerom_top_drc_routed.pb -rpx i2c_eerom_top_drc_routed.rpx
INFO: [IP_Flow 19-1839] IP Catalog is up to date.
INFO: [DRC 23-27] Running DRC with 2 threads
INFO: [Coretcl 2-168] The results of DRC are in file F:/FPGA/EEPROM/EEPROM.runs/impl_1/i2c_eerom_top_drc_routed.rpt.
report_drc completed successfully
INFO: [runtcl-4] Executing : report_methodology -file i2c_eerom_top_methodology_drc_routed.rpt -pb i2c_eerom_top_methodology_drc_routed.pb -rpx i2c_eerom_top_methodology_drc_routed.rpx
Command: report_methodology -file i2c_eerom_top_methodology_drc_routed.rpt -pb i2c_eerom_top_methodology_drc_routed.pb -rpx i2c_eerom_top_methodology_drc_routed.rpx
INFO: [Timing 38-35] Done setting XDC timing constraints.
INFO: [Timing 38-35] Done setting XDC timing constraints.
INFO: [DRC 23-133] Running Methodology with 2 threads
INFO: [Coretcl 2-1520] The results of Report Methodology are in file F:/FPGA/EEPROM/EEPROM.runs/impl_1/i2c_eerom_top_methodology_drc_routed.rpt.
report_methodology completed successfully
INFO: [runtcl-4] Executing : report_power -file i2c_eerom_top_power_routed.rpt -pb i2c_eerom_top_power_summary_routed.pb -rpx i2c_eerom_top_power_routed.rpx
Command: report_power -file i2c_eerom_top_power_routed.rpt -pb i2c_eerom_top_power_summary_routed.pb -rpx i2c_eerom_top_power_routed.rpx
WARNING: [Power 33-232] No user defined clocks were found in the design!
Resolution: Please specify clocks using create_clock/create_generated_clock for sequential elements. For pure combinatorial circuits, please specify a virtual clock, otherwise the vectorless estimation might be inaccurate
INFO: [Timing 38-35] Done setting XDC timing constraints.
Running Vector-less Activity Propagation...

Finished Running Vector-less Activity Propagation
64 Infos, 1 Warnings, 0 Critical Warnings and 0 Errors encountered.
report_power completed successfully
INFO: [runtcl-4] Executing : report_route_status -file i2c_eerom_top_route_status.rpt -pb i2c_eerom_top_route_status.pb
INFO: [runtcl-4] Executing : report_timing_summary -max_paths 10 -file i2c_eerom_top_timing_summary_routed.rpt -rpx i2c_eerom_top_timing_summary_routed.rpx -warn_on_violation 
INFO: [Timing 38-91] UpdateTimingParams: Speed grade: -2, Delay Type: min_max.
INFO: [Timing 38-191] Multithreading enabled for timing update using a maximum of 2 CPUs
WARNING: [Timing 38-313] There are no user specified timing constraints. Timing constraints are needed for proper timing analysis.
INFO: [runtcl-4] Executing : report_incremental_reuse -file i2c_eerom_top_incremental_reuse_routed.rpt
INFO: [Vivado_Tcl 4-545] No incremental reuse to report, no incremental placement and routing data was found.
INFO: [runtcl-4] Executing : report_clock_utilization -file i2c_eerom_top_clock_utilization_routed.rpt
INFO: [Common 17-206] Exiting Vivado at Fri Nov 22 20:13:04 2024...

*** Running vivado
    with args -log i2c_eerom_top.vdi -applog -m64 -product Vivado -messageDb vivado.pb -mode batch -source i2c_eerom_top.tcl -notrace


****** Vivado v2017.4 (64-bit)
  **** SW Build 2086221 on Fri Dec 15 20:55:39 MST 2017
  **** IP Build 2085800 on Fri Dec 15 22:25:07 MST 2017
    ** Copyright 1986-2017 Xilinx, Inc. All Rights Reserved.

source i2c_eerom_top.tcl -notrace
Command: link_design -top i2c_eerom_top -part xc7z020clg400-2
Design is defaulting to srcset: sources_1
Design is defaulting to constrset: constrs_1
INFO: [Netlist 29-17] Analyzing 3 Unisim elements for replacement
INFO: [Netlist 29-28] Unisim Transformation completed in 0 CPU seconds
INFO: [Project 1-479] Netlist was created with Vivado 2017.4
INFO: [Device 21-403] Loading part xc7z020clg400-2
INFO: [Project 1-570] Preparing netlist for logic optimization
Parsing XDC File [F:/FPGA/EEPROM/EEPROM.srcs/constrs_1/new/i2c_eerom.xdc]
Finished Parsing XDC File [F:/FPGA/EEPROM/EEPROM.srcs/constrs_1/new/i2c_eerom.xdc]
INFO: [Opt 31-138] Pushed 0 inverter(s) to 0 load pin(s).
INFO: [Project 1-111] Unisim Transformation Summary:
  A total of 1 instances were transformed.
  IOBUF => IOBUF (IBUF, OBUFT): 1 instances

7 Infos, 0 Warnings, 0 Critical Warnings and 0 Errors encountered.
link_design completed successfully
link_design: Time (s): cpu = 00:00:06 ; elapsed = 00:00:06 . Memory (MB): peak = 617.492 ; gain = 335.770
Command: opt_design
Attempting to get a license for feature 'Implementation' and/or device 'xc7z020'
INFO: [Common 17-349] Got license for feature 'Implementation' and/or device 'xc7z020'
Running DRC as a precondition to command opt_design

Starting DRC Task
INFO: [DRC 23-27] Running DRC with 2 threads
INFO: [Project 1-461] DRC finished with 0 Errors
INFO: [Project 1-462] Please refer to the DRC report (report_drc) for more information.

Time (s): cpu = 00:00:00 ; elapsed = 00:00:00.360 . Memory (MB): peak = 632.520 ; gain = 15.027
INFO: [Timing 38-35] Done setting XDC timing constraints.

Starting Logic Optimization Task

Phase 1 Retarget
INFO: [Opt 31-138] Pushed 0 inverter(s) to 0 load pin(s).
INFO: [Opt 31-49] Retargeted 0 cell(s).
Phase 1 Retarget | Checksum: 157f8c7e7

Time (s): cpu = 00:00:00 ; elapsed = 00:00:00.009 . Memory (MB): peak = 1186.996 ; gain = 0.000
INFO: [Opt 31-389] Phase Retarget created 0 cells and removed 1 cells

Phase 2 Constant propagation
INFO: [Opt 31-138] Pushed 0 inverter(s) to 0 load pin(s).
Phase 2 Constant propagation | Checksum: 157f8c7e7

Time (s): cpu = 00:00:00 ; elapsed = 00:00:00.011 . Memory (MB): peak = 1186.996 ; gain = 0.000
INFO: [Opt 31-389] Phase Constant propagation created 0 cells and removed 0 cells

Phase 3 Sweep
Phase 3 Sweep | Checksum: 157f8c7e7

Time (s): cpu = 00:00:00 ; elapsed = 00:00:00.013 . Memory (MB): peak = 1186.996 ; gain = 0.000
INFO: [Opt 31-389] Phase Sweep created 0 cells and removed 0 cells

Phase 4 BUFG optimization
Phase 4 BUFG optimization | Checksum: 157f8c7e7

Time (s): cpu = 00:00:00 ; elapsed = 00:00:00.014 . Memory (MB): peak = 1186.996 ; gain = 0.000
INFO: [Opt 31-389] Phase BUFG optimization created 0 cells and removed 0 cells

Phase 5 Shift Register Optimization
Phase 5 Shift Register Optimization | Checksum: 157f8c7e7

Time (s): cpu = 00:00:00 ; elapsed = 00:00:00.015 . Memory (MB): peak = 1186.996 ; gain = 0.000
INFO: [Opt 31-389] Phase Shift Register Optimization created 0 cells and removed 0 cells

Starting Connectivity Check Task

Time (s): cpu = 00:00:00 ; elapsed = 00:00:00 . Memory (MB): peak = 1186.996 ; gain = 0.000
Ending Logic Optimization Task | Checksum: 157f8c7e7

Time (s): cpu = 00:00:00 ; elapsed = 00:00:00.016 . Memory (MB): peak = 1186.996 ; gain = 0.000

Starting Power Optimization Task
INFO: [Pwropt 34-132] Skipping clock gating for clocks with a period < 2.00 ns.
Ending Power Optimization Task | Checksum: 157f8c7e7

Time (s): cpu = 00:00:00 ; elapsed = 00:00:00.005 . Memory (MB): peak = 1186.996 ; gain = 0.000
INFO: [Common 17-83] Releasing license: Implementation
22 Infos, 0 Warnings, 0 Critical Warnings and 0 Errors encountered.
opt_design completed successfully
opt_design: Time (s): cpu = 00:00:08 ; elapsed = 00:00:09 . Memory (MB): peak = 1186.996 ; gain = 569.504
Writing placer database...
Writing XDEF routing.
Writing XDEF routing logical nets.
Writing XDEF routing special nets.
Write XDEF Complete: Time (s): cpu = 00:00:00 ; elapsed = 00:00:00.042 . Memory (MB): peak = 1186.996 ; gain = 0.000
INFO: [Common 17-1381] The checkpoint 'F:/FPGA/EEPROM/EEPROM.runs/impl_1/i2c_eerom_top_opt.dcp' has been generated.
INFO: [runtcl-4] Executing : report_drc -file i2c_eerom_top_drc_opted.rpt -pb i2c_eerom_top_drc_opted.pb -rpx i2c_eerom_top_drc_opted.rpx
Command: report_drc -file i2c_eerom_top_drc_opted.rpt -pb i2c_eerom_top_drc_opted.pb -rpx i2c_eerom_top_drc_opted.rpx
INFO: [IP_Flow 19-234] Refreshing IP repositories
INFO: [IP_Flow 19-1704] No user IP repositories specified
INFO: [IP_Flow 19-2313] Loaded Vivado IP repository 'E:/vivado/Vivado/2017.4/data/ip'.
INFO: [DRC 23-27] Running DRC with 2 threads
INFO: [Coretcl 2-168] The results of DRC are in file F:/FPGA/EEPROM/EEPROM.runs/impl_1/i2c_eerom_top_drc_opted.rpt.
report_drc completed successfully
INFO: [Chipscope 16-241] No debug cores found in the current design.
Before running the implement_debug_core command, either use the Set Up Debug wizard (GUI mode)
or use the create_debug_core and connect_debug_core Tcl commands to insert debug cores into the design.
Command: place_design
Attempting to get a license for feature 'Implementation' and/or device 'xc7z020'
INFO: [Common 17-349] Got license for feature 'Implementation' and/or device 'xc7z020'
INFO: [DRC 23-27] Running DRC with 2 threads
INFO: [Vivado_Tcl 4-198] DRC finished with 0 Errors
INFO: [Vivado_Tcl 4-199] Please refer to the DRC report (report_drc) for more information.
Running DRC as a precondition to command place_design
INFO: [DRC 23-27] Running DRC with 2 threads
INFO: [Vivado_Tcl 4-198] DRC finished with 0 Errors
INFO: [Vivado_Tcl 4-199] Please refer to the DRC report (report_drc) for more information.

Starting Placer Task
INFO: [Place 30-611] Multithreading enabled for place_design using a maximum of 2 CPUs

Phase 1 Placer Initialization

Phase 1.1 Placer Initialization Netlist Sorting
Netlist sorting complete. Time (s): cpu = 00:00:00 ; elapsed = 00:00:00.001 . Memory (MB): peak = 1186.996 ; gain = 0.000
Phase 1.1 Placer Initialization Netlist Sorting | Checksum: cfa3af72

Time (s): cpu = 00:00:00 ; elapsed = 00:00:00.002 . Memory (MB): peak = 1186.996 ; gain = 0.000
Netlist sorting complete. Time (s): cpu = 00:00:00 ; elapsed = 00:00:00.001 . Memory (MB): peak = 1186.996 ; gain = 0.000

Phase 1.2 IO Placement/ Clock Placement/ Build Placer Device
INFO: [Timing 38-35] Done setting XDC timing constraints.
Phase 1.2 IO Placement/ Clock Placement/ Build Placer Device | Checksum: f8008ee5

Time (s): cpu = 00:00:01 ; elapsed = 00:00:00.687 . Memory (MB): peak = 1186.996 ; gain = 0.000

Phase 1.3 Build Placer Netlist Model
Phase 1.3 Build Placer Netlist Model | Checksum: 1ebde0e48

Time (s): cpu = 00:00:01 ; elapsed = 00:00:00.714 . Memory (MB): peak = 1186.996 ; gain = 0.000

Phase 1.4 Constrain Clocks/Macros
Phase 1.4 Constrain Clocks/Macros | Checksum: 1ebde0e48

Time (s): cpu = 00:00:01 ; elapsed = 00:00:00.716 . Memory (MB): peak = 1186.996 ; gain = 0.000
Phase 1 Placer Initialization | Checksum: 1ebde0e48

Time (s): cpu = 00:00:01 ; elapsed = 00:00:00.716 . Memory (MB): peak = 1186.996 ; gain = 0.000

Phase 2 Global Placement
Phase 2 Global Placement | Checksum: 1e040ecd1

Time (s): cpu = 00:00:01 ; elapsed = 00:00:01 . Memory (MB): peak = 1186.996 ; gain = 0.000

Phase 3 Detail Placement

Phase 3.1 Commit Multi Column Macros
Phase 3.1 Commit Multi Column Macros | Checksum: 1e040ecd1

Time (s): cpu = 00:00:01 ; elapsed = 00:00:01 . Memory (MB): peak = 1186.996 ; gain = 0.000

Phase 3.2 Commit Most Macros & LUTRAMs
Phase 3.2 Commit Most Macros & LUTRAMs | Checksum: 172a71812

Time (s): cpu = 00:00:01 ; elapsed = 00:00:01 . Memory (MB): peak = 1186.996 ; gain = 0.000

Phase 3.3 Area Swap Optimization
Phase 3.3 Area Swap Optimization | Checksum: 104145be2

Time (s): cpu = 00:00:01 ; elapsed = 00:00:01 . Memory (MB): peak = 1186.996 ; gain = 0.000

Phase 3.4 Pipeline Register Optimization
Phase 3.4 Pipeline Register Optimization | Checksum: 104145be2

Time (s): cpu = 00:00:01 ; elapsed = 00:00:01 . Memory (MB): peak = 1186.996 ; gain = 0.000

Phase 3.5 Small Shape Detail Placement
Phase 3.5 Small Shape Detail Placement | Checksum: d48b43ef

Time (s): cpu = 00:00:01 ; elapsed = 00:00:01 . Memory (MB): peak = 1186.996 ; gain = 0.000

Phase 3.6 Re-assign LUT pins
Phase 3.6 Re-assign LUT pins | Checksum: d48b43ef

Time (s): cpu = 00:00:01 ; elapsed = 00:00:01 . Memory (MB): peak = 1186.996 ; gain = 0.000

Phase 3.7 Pipeline Register Optimization
Phase 3.7 Pipeline Register Optimization | Checksum: d48b43ef

Time (s): cpu = 00:00:01 ; elapsed = 00:00:01 . Memory (MB): peak = 1186.996 ; gain = 0.000
Phase 3 Detail Placement | Checksum: d48b43ef

Time (s): cpu = 00:00:01 ; elapsed = 00:00:01 . Memory (MB): peak = 1186.996 ; gain = 0.000

Phase 4 Post Placement Optimization and Clean-Up

Phase 4.1 Post Commit Optimization
Phase 4.1 Post Commit Optimization | Checksum: d48b43ef

Time (s): cpu = 00:00:01 ; elapsed = 00:00:01 . Memory (MB): peak = 1186.996 ; gain = 0.000

Phase 4.2 Post Placement Cleanup
Phase 4.2 Post Placement Cleanup | Checksum: d48b43ef

Time (s): cpu = 00:00:01 ; elapsed = 00:00:01 . Memory (MB): peak = 1186.996 ; gain = 0.000

Phase 4.3 Placer Reporting
Phase 4.3 Placer Reporting | Checksum: d48b43ef

Time (s): cpu = 00:00:01 ; elapsed = 00:00:01 . Memory (MB): peak = 1186.996 ; gain = 0.000

Phase 4.4 Final Placement Cleanup
Phase 4.4 Final Placement Cleanup | Checksum: ce3cb046

Time (s): cpu = 00:00:01 ; elapsed = 00:00:01 . Memory (MB): peak = 1186.996 ; gain = 0.000
Phase 4 Post Placement Optimization and Clean-Up | Checksum: ce3cb046

Time (s): cpu = 00:00:01 ; elapsed = 00:00:01 . Memory (MB): peak = 1186.996 ; gain = 0.000
Ending Placer Task | Checksum: 5c66be26

Time (s): cpu = 00:00:01 ; elapsed = 00:00:01 . Memory (MB): peak = 1186.996 ; gain = 0.000
INFO: [Common 17-83] Releasing license: Implementation
40 Infos, 0 Warnings, 0 Critical Warnings and 0 Errors encountered.
place_design completed successfully
Writing placer database...
Writing XDEF routing.
Writing XDEF routing logical nets.
Writing XDEF routing special nets.
Write XDEF Complete: Time (s): cpu = 00:00:01 ; elapsed = 00:00:00.046 . Memory (MB): peak = 1186.996 ; gain = 0.000
INFO: [Common 17-1381] The checkpoint 'F:/FPGA/EEPROM/EEPROM.runs/impl_1/i2c_eerom_top_placed.dcp' has been generated.
INFO: [runtcl-4] Executing : report_io -file i2c_eerom_top_io_placed.rpt
report_io: Time (s): cpu = 00:00:00 ; elapsed = 00:00:00.039 . Memory (MB): peak = 1186.996 ; gain = 0.000
INFO: [runtcl-4] Executing : report_utilization -file i2c_eerom_top_utilization_placed.rpt -pb i2c_eerom_top_utilization_placed.pb
report_utilization: Time (s): cpu = 00:00:00 ; elapsed = 00:00:00.030 . Memory (MB): peak = 1186.996 ; gain = 0.000
INFO: [runtcl-4] Executing : report_control_sets -verbose -file i2c_eerom_top_control_sets_placed.rpt
report_control_sets: Time (s): cpu = 00:00:00 ; elapsed = 00:00:00.001 . Memory (MB): peak = 1186.996 ; gain = 0.000
Command: route_design
Attempting to get a license for feature 'Implementation' and/or device 'xc7z020'
INFO: [Common 17-349] Got license for feature 'Implementation' and/or device 'xc7z020'
Running DRC as a precondition to command route_design
INFO: [DRC 23-27] Running DRC with 2 threads
INFO: [Vivado_Tcl 4-198] DRC finished with 0 Errors
INFO: [Vivado_Tcl 4-199] Please refer to the DRC report (report_drc) for more information.


Starting Routing Task
INFO: [Route 35-254] Multithreading enabled for route_design using a maximum of 2 CPUs
Checksum: PlaceDB: 1327df08 ConstDB: 0 ShapeSum: 493edf1e RouteDB: 0

Phase 1 Build RT Design
Phase 1 Build RT Design | Checksum: 1321a0f87

Time (s): cpu = 00:00:22 ; elapsed = 00:00:20 . Memory (MB): peak = 1318.695 ; gain = 131.699
Post Restoration Checksum: NetGraph: 773d21e8 NumContArr: badced9f Constraints: 0 Timing: 0

Phase 2 Router Initialization
INFO: [Route 35-64] No timing constraints were detected. The router will operate in resource-optimization mode.

Phase 2.1 Fix Topology Constraints
Phase 2.1 Fix Topology Constraints | Checksum: 1321a0f87

Time (s): cpu = 00:00:22 ; elapsed = 00:00:20 . Memory (MB): peak = 1324.758 ; gain = 137.762

Phase 2.2 Pre Route Cleanup
Phase 2.2 Pre Route Cleanup | Checksum: 1321a0f87

Time (s): cpu = 00:00:22 ; elapsed = 00:00:20 . Memory (MB): peak = 1324.758 ; gain = 137.762
 Number of Nodes with overlaps = 0
Phase 2 Router Initialization | Checksum: 128e52f5b

Time (s): cpu = 00:00:22 ; elapsed = 00:00:20 . Memory (MB): peak = 1335.359 ; gain = 148.363

Phase 3 Initial Routing
Phase 3 Initial Routing | Checksum: 169c17419

Time (s): cpu = 00:00:23 ; elapsed = 00:00:20 . Memory (MB): peak = 1335.359 ; gain = 148.363

Phase 4 Rip-up And Reroute

Phase 4.1 Global Iteration 0
 Number of Nodes with overlaps = 10
 Number of Nodes with overlaps = 0
Phase 4.1 Global Iteration 0 | Checksum: bb5856fb

Time (s): cpu = 00:00:23 ; elapsed = 00:00:20 . Memory (MB): peak = 1335.359 ; gain = 148.363
Phase 4 Rip-up And Reroute | Checksum: bb5856fb

Time (s): cpu = 00:00:23 ; elapsed = 00:00:20 . Memory (MB): peak = 1335.359 ; gain = 148.363

Phase 5 Delay and Skew Optimization
Phase 5 Delay and Skew Optimization | Checksum: bb5856fb

Time (s): cpu = 00:00:23 ; elapsed = 00:00:20 . Memory (MB): peak = 1335.359 ; gain = 148.363

Phase 6 Post Hold Fix

Phase 6.1 Hold Fix Iter
Phase 6.1 Hold Fix Iter | Checksum: bb5856fb

Time (s): cpu = 00:00:23 ; elapsed = 00:00:20 . Memory (MB): peak = 1335.359 ; gain = 148.363
Phase 6 Post Hold Fix | Checksum: bb5856fb

Time (s): cpu = 00:00:23 ; elapsed = 00:00:20 . Memory (MB): peak = 1335.359 ; gain = 148.363

Phase 7 Route finalize

Router Utilization Summary
  Global Vertical Routing Utilization    = 0.0108729 %
  Global Horizontal Routing Utilization  = 0.00921231 %
  Routable Net Status*
  *Does not include unroutable nets such as driverless and loadless.
  Run report_route_status for detailed report.
  Number of Failed Nets               = 0
  Number of Unrouted Nets             = 0
  Number of Partially Routed Nets     = 0
  Number of Node Overlaps             = 0

Utilization threshold used for congestion level computation: 0.85
Congestion Report
North Dir 1x1 Area, Max Cong = 18.018%, No Congested Regions.
South Dir 1x1 Area, Max Cong = 8.10811%, No Congested Regions.
East Dir 1x1 Area, Max Cong = 13.2353%, No Congested Regions.
West Dir 1x1 Area, Max Cong = 16.1765%, No Congested Regions.
Phase 7 Route finalize | Checksum: bb5856fb

Time (s): cpu = 00:00:23 ; elapsed = 00:00:20 . Memory (MB): peak = 1335.359 ; gain = 148.363

Phase 8 Verifying routed nets

 Verification completed successfully
Phase 8 Verifying routed nets | Checksum: bb5856fb

Time (s): cpu = 00:00:23 ; elapsed = 00:00:20 . Memory (MB): peak = 1335.359 ; gain = 148.363

Phase 9 Depositing Routes
Phase 9 Depositing Routes | Checksum: 5ec6c6c9

Time (s): cpu = 00:00:23 ; elapsed = 00:00:20 . Memory (MB): peak = 1335.359 ; gain = 148.363
INFO: [Route 35-16] Router Completed Successfully

Time (s): cpu = 00:00:23 ; elapsed = 00:00:20 . Memory (MB): peak = 1335.359 ; gain = 148.363

Routing Is Done.
INFO: [Common 17-83] Releasing license: Implementation
52 Infos, 0 Warnings, 0 Critical Warnings and 0 Errors encountered.
route_design completed successfully
route_design: Time (s): cpu = 00:00:24 ; elapsed = 00:00:21 . Memory (MB): peak = 1335.359 ; gain = 148.363
Writing placer database...
Writing XDEF routing.
Writing XDEF routing logical nets.
Writing XDEF routing special nets.
Write XDEF Complete: Time (s): cpu = 00:00:00 ; elapsed = 00:00:00.047 . Memory (MB): peak = 1335.359 ; gain = 0.000
INFO: [Common 17-1381] The checkpoint 'F:/FPGA/EEPROM/EEPROM.runs/impl_1/i2c_eerom_top_routed.dcp' has been generated.
INFO: [runtcl-4] Executing : report_drc -file i2c_eerom_top_drc_routed.rpt -pb i2c_eerom_top_drc_routed.pb -rpx i2c_eerom_top_drc_routed.rpx
Command: report_drc -file i2c_eerom_top_drc_routed.rpt -pb i2c_eerom_top_drc_routed.pb -rpx i2c_eerom_top_drc_routed.rpx
INFO: [IP_Flow 19-1839] IP Catalog is up to date.
INFO: [DRC 23-27] Running DRC with 2 threads
INFO: [Coretcl 2-168] The results of DRC are in file F:/FPGA/EEPROM/EEPROM.runs/impl_1/i2c_eerom_top_drc_routed.rpt.
report_drc completed successfully
INFO: [runtcl-4] Executing : report_methodology -file i2c_eerom_top_methodology_drc_routed.rpt -pb i2c_eerom_top_methodology_drc_routed.pb -rpx i2c_eerom_top_methodology_drc_routed.rpx
Command: report_methodology -file i2c_eerom_top_methodology_drc_routed.rpt -pb i2c_eerom_top_methodology_drc_routed.pb -rpx i2c_eerom_top_methodology_drc_routed.rpx
INFO: [Timing 38-35] Done setting XDC timing constraints.
INFO: [Timing 38-35] Done setting XDC timing constraints.
INFO: [DRC 23-133] Running Methodology with 2 threads
INFO: [Coretcl 2-1520] The results of Report Methodology are in file F:/FPGA/EEPROM/EEPROM.runs/impl_1/i2c_eerom_top_methodology_drc_routed.rpt.
report_methodology completed successfully
INFO: [runtcl-4] Executing : report_power -file i2c_eerom_top_power_routed.rpt -pb i2c_eerom_top_power_summary_routed.pb -rpx i2c_eerom_top_power_routed.rpx
Command: report_power -file i2c_eerom_top_power_routed.rpt -pb i2c_eerom_top_power_summary_routed.pb -rpx i2c_eerom_top_power_routed.rpx
WARNING: [Power 33-232] No user defined clocks were found in the design!
Resolution: Please specify clocks using create_clock/create_generated_clock for sequential elements. For pure combinatorial circuits, please specify a virtual clock, otherwise the vectorless estimation might be inaccurate
INFO: [Timing 38-35] Done setting XDC timing constraints.
Running Vector-less Activity Propagation...

Finished Running Vector-less Activity Propagation
64 Infos, 1 Warnings, 0 Critical Warnings and 0 Errors encountered.
report_power completed successfully
INFO: [runtcl-4] Executing : report_route_status -file i2c_eerom_top_route_status.rpt -pb i2c_eerom_top_route_status.pb
INFO: [runtcl-4] Executing : report_timing_summary -max_paths 10 -file i2c_eerom_top_timing_summary_routed.rpt -rpx i2c_eerom_top_timing_summary_routed.rpx -warn_on_violation 
INFO: [Timing 38-91] UpdateTimingParams: Speed grade: -2, Delay Type: min_max.
INFO: [Timing 38-191] Multithreading enabled for timing update using a maximum of 2 CPUs
WARNING: [Timing 38-313] There are no user specified timing constraints. Timing constraints are needed for proper timing analysis.
INFO: [runtcl-4] Executing : report_incremental_reuse -file i2c_eerom_top_incremental_reuse_routed.rpt
INFO: [Vivado_Tcl 4-545] No incremental reuse to report, no incremental placement and routing data was found.
INFO: [runtcl-4] Executing : report_clock_utilization -file i2c_eerom_top_clock_utilization_routed.rpt
INFO: [Common 17-206] Exiting Vivado at Fri Nov 22 20:19:55 2024...

*** Running vivado
    with args -log i2c_eerom_top.vdi -applog -m64 -product Vivado -messageDb vivado.pb -mode batch -source i2c_eerom_top.tcl -notrace


****** Vivado v2017.4 (64-bit)
  **** SW Build 2086221 on Fri Dec 15 20:55:39 MST 2017
  **** IP Build 2085800 on Fri Dec 15 22:25:07 MST 2017
    ** Copyright 1986-2017 Xilinx, Inc. All Rights Reserved.

source i2c_eerom_top.tcl -notrace
Command: link_design -top i2c_eerom_top -part xc7z020clg400-2
Design is defaulting to srcset: sources_1
Design is defaulting to constrset: constrs_1
INFO: [Netlist 29-17] Analyzing 3 Unisim elements for replacement
INFO: [Netlist 29-28] Unisim Transformation completed in 0 CPU seconds
INFO: [Project 1-479] Netlist was created with Vivado 2017.4
INFO: [Device 21-403] Loading part xc7z020clg400-2
INFO: [Project 1-570] Preparing netlist for logic optimization
Parsing XDC File [F:/FPGA/EEPROM/EEPROM.srcs/constrs_1/new/i2c_eerom.xdc]
Finished Parsing XDC File [F:/FPGA/EEPROM/EEPROM.srcs/constrs_1/new/i2c_eerom.xdc]
INFO: [Opt 31-138] Pushed 0 inverter(s) to 0 load pin(s).
INFO: [Project 1-111] Unisim Transformation Summary:
  A total of 1 instances were transformed.
  IOBUF => IOBUF (IBUF, OBUFT): 1 instances

7 Infos, 0 Warnings, 0 Critical Warnings and 0 Errors encountered.
link_design completed successfully
link_design: Time (s): cpu = 00:00:06 ; elapsed = 00:00:06 . Memory (MB): peak = 616.617 ; gain = 334.945
Command: opt_design
Attempting to get a license for feature 'Implementation' and/or device 'xc7z020'
INFO: [Common 17-349] Got license for feature 'Implementation' and/or device 'xc7z020'
Running DRC as a precondition to command opt_design

Starting DRC Task
INFO: [DRC 23-27] Running DRC with 2 threads
INFO: [Project 1-461] DRC finished with 0 Errors
INFO: [Project 1-462] Please refer to the DRC report (report_drc) for more information.

Time (s): cpu = 00:00:00 ; elapsed = 00:00:00.375 . Memory (MB): peak = 632.184 ; gain = 15.566
INFO: [Timing 38-35] Done setting XDC timing constraints.

Starting Logic Optimization Task

Phase 1 Retarget
INFO: [Opt 31-138] Pushed 0 inverter(s) to 0 load pin(s).
INFO: [Opt 31-49] Retargeted 0 cell(s).
Phase 1 Retarget | Checksum: 157f8c7e7

Time (s): cpu = 00:00:00 ; elapsed = 00:00:00.009 . Memory (MB): peak = 1186.266 ; gain = 0.000
INFO: [Opt 31-389] Phase Retarget created 0 cells and removed 1 cells

Phase 2 Constant propagation
INFO: [Opt 31-138] Pushed 0 inverter(s) to 0 load pin(s).
Phase 2 Constant propagation | Checksum: 157f8c7e7

Time (s): cpu = 00:00:00 ; elapsed = 00:00:00.011 . Memory (MB): peak = 1186.266 ; gain = 0.000
INFO: [Opt 31-389] Phase Constant propagation created 0 cells and removed 0 cells

Phase 3 Sweep
Phase 3 Sweep | Checksum: 157f8c7e7

Time (s): cpu = 00:00:00 ; elapsed = 00:00:00.012 . Memory (MB): peak = 1186.266 ; gain = 0.000
INFO: [Opt 31-389] Phase Sweep created 0 cells and removed 0 cells

Phase 4 BUFG optimization
Phase 4 BUFG optimization | Checksum: 157f8c7e7

Time (s): cpu = 00:00:00 ; elapsed = 00:00:00.014 . Memory (MB): peak = 1186.266 ; gain = 0.000
INFO: [Opt 31-389] Phase BUFG optimization created 0 cells and removed 0 cells

Phase 5 Shift Register Optimization
Phase 5 Shift Register Optimization | Checksum: 157f8c7e7

Time (s): cpu = 00:00:00 ; elapsed = 00:00:00.015 . Memory (MB): peak = 1186.266 ; gain = 0.000
INFO: [Opt 31-389] Phase Shift Register Optimization created 0 cells and removed 0 cells

Starting Connectivity Check Task

Time (s): cpu = 00:00:00 ; elapsed = 00:00:00.001 . Memory (MB): peak = 1186.266 ; gain = 0.000
Ending Logic Optimization Task | Checksum: 157f8c7e7

Time (s): cpu = 00:00:00 ; elapsed = 00:00:00.016 . Memory (MB): peak = 1186.266 ; gain = 0.000

Starting Power Optimization Task
INFO: [Pwropt 34-132] Skipping clock gating for clocks with a period < 2.00 ns.
Ending Power Optimization Task | Checksum: 157f8c7e7

Time (s): cpu = 00:00:00 ; elapsed = 00:00:00.005 . Memory (MB): peak = 1186.266 ; gain = 0.000
INFO: [Common 17-83] Releasing license: Implementation
22 Infos, 0 Warnings, 0 Critical Warnings and 0 Errors encountered.
opt_design completed successfully
opt_design: Time (s): cpu = 00:00:09 ; elapsed = 00:00:09 . Memory (MB): peak = 1186.266 ; gain = 569.648
Writing placer database...
Writing XDEF routing.
Writing XDEF routing logical nets.
Writing XDEF routing special nets.
Write XDEF Complete: Time (s): cpu = 00:00:00 ; elapsed = 00:00:00.043 . Memory (MB): peak = 1186.266 ; gain = 0.000
INFO: [Common 17-1381] The checkpoint 'F:/FPGA/EEPROM/EEPROM.runs/impl_1/i2c_eerom_top_opt.dcp' has been generated.
INFO: [runtcl-4] Executing : report_drc -file i2c_eerom_top_drc_opted.rpt -pb i2c_eerom_top_drc_opted.pb -rpx i2c_eerom_top_drc_opted.rpx
Command: report_drc -file i2c_eerom_top_drc_opted.rpt -pb i2c_eerom_top_drc_opted.pb -rpx i2c_eerom_top_drc_opted.rpx
INFO: [IP_Flow 19-234] Refreshing IP repositories
INFO: [IP_Flow 19-1704] No user IP repositories specified
INFO: [IP_Flow 19-2313] Loaded Vivado IP repository 'E:/vivado/Vivado/2017.4/data/ip'.
INFO: [DRC 23-27] Running DRC with 2 threads
INFO: [Coretcl 2-168] The results of DRC are in file F:/FPGA/EEPROM/EEPROM.runs/impl_1/i2c_eerom_top_drc_opted.rpt.
report_drc completed successfully
INFO: [Chipscope 16-241] No debug cores found in the current design.
Before running the implement_debug_core command, either use the Set Up Debug wizard (GUI mode)
or use the create_debug_core and connect_debug_core Tcl commands to insert debug cores into the design.
Command: place_design
Attempting to get a license for feature 'Implementation' and/or device 'xc7z020'
INFO: [Common 17-349] Got license for feature 'Implementation' and/or device 'xc7z020'
INFO: [DRC 23-27] Running DRC with 2 threads
INFO: [Vivado_Tcl 4-198] DRC finished with 0 Errors
INFO: [Vivado_Tcl 4-199] Please refer to the DRC report (report_drc) for more information.
Running DRC as a precondition to command place_design
INFO: [DRC 23-27] Running DRC with 2 threads
INFO: [Vivado_Tcl 4-198] DRC finished with 0 Errors
INFO: [Vivado_Tcl 4-199] Please refer to the DRC report (report_drc) for more information.

Starting Placer Task
INFO: [Place 30-611] Multithreading enabled for place_design using a maximum of 2 CPUs

Phase 1 Placer Initialization

Phase 1.1 Placer Initialization Netlist Sorting
Netlist sorting complete. Time (s): cpu = 00:00:00 ; elapsed = 00:00:00 . Memory (MB): peak = 1186.266 ; gain = 0.000
Phase 1.1 Placer Initialization Netlist Sorting | Checksum: cfa3af72

Time (s): cpu = 00:00:00 ; elapsed = 00:00:00.002 . Memory (MB): peak = 1186.266 ; gain = 0.000
Netlist sorting complete. Time (s): cpu = 00:00:00 ; elapsed = 00:00:00.001 . Memory (MB): peak = 1186.266 ; gain = 0.000

Phase 1.2 IO Placement/ Clock Placement/ Build Placer Device
INFO: [Timing 38-35] Done setting XDC timing constraints.
Phase 1.2 IO Placement/ Clock Placement/ Build Placer Device | Checksum: f8008ee5

Time (s): cpu = 00:00:01 ; elapsed = 00:00:00.673 . Memory (MB): peak = 1186.266 ; gain = 0.000

Phase 1.3 Build Placer Netlist Model
Phase 1.3 Build Placer Netlist Model | Checksum: 1ebde0e48

Time (s): cpu = 00:00:01 ; elapsed = 00:00:00.703 . Memory (MB): peak = 1186.266 ; gain = 0.000

Phase 1.4 Constrain Clocks/Macros
Phase 1.4 Constrain Clocks/Macros | Checksum: 1ebde0e48

Time (s): cpu = 00:00:01 ; elapsed = 00:00:00.704 . Memory (MB): peak = 1186.266 ; gain = 0.000
Phase 1 Placer Initialization | Checksum: 1ebde0e48

Time (s): cpu = 00:00:01 ; elapsed = 00:00:00.705 . Memory (MB): peak = 1186.266 ; gain = 0.000

Phase 2 Global Placement
Phase 2 Global Placement | Checksum: 1e040ecd1

Time (s): cpu = 00:00:01 ; elapsed = 00:00:01 . Memory (MB): peak = 1186.266 ; gain = 0.000

Phase 3 Detail Placement

Phase 3.1 Commit Multi Column Macros
Phase 3.1 Commit Multi Column Macros | Checksum: 1e040ecd1

Time (s): cpu = 00:00:01 ; elapsed = 00:00:01 . Memory (MB): peak = 1186.266 ; gain = 0.000

Phase 3.2 Commit Most Macros & LUTRAMs
Phase 3.2 Commit Most Macros & LUTRAMs | Checksum: 172a71812

Time (s): cpu = 00:00:01 ; elapsed = 00:00:01 . Memory (MB): peak = 1186.266 ; gain = 0.000

Phase 3.3 Area Swap Optimization
Phase 3.3 Area Swap Optimization | Checksum: 104145be2

Time (s): cpu = 00:00:01 ; elapsed = 00:00:01 . Memory (MB): peak = 1186.266 ; gain = 0.000

Phase 3.4 Pipeline Register Optimization
Phase 3.4 Pipeline Register Optimization | Checksum: 104145be2

Time (s): cpu = 00:00:01 ; elapsed = 00:00:01 . Memory (MB): peak = 1186.266 ; gain = 0.000

Phase 3.5 Small Shape Detail Placement
Phase 3.5 Small Shape Detail Placement | Checksum: d48b43ef

Time (s): cpu = 00:00:02 ; elapsed = 00:00:01 . Memory (MB): peak = 1186.266 ; gain = 0.000

Phase 3.6 Re-assign LUT pins
Phase 3.6 Re-assign LUT pins | Checksum: d48b43ef

Time (s): cpu = 00:00:02 ; elapsed = 00:00:01 . Memory (MB): peak = 1186.266 ; gain = 0.000

Phase 3.7 Pipeline Register Optimization
Phase 3.7 Pipeline Register Optimization | Checksum: d48b43ef

Time (s): cpu = 00:00:02 ; elapsed = 00:00:01 . Memory (MB): peak = 1186.266 ; gain = 0.000
Phase 3 Detail Placement | Checksum: d48b43ef

Time (s): cpu = 00:00:02 ; elapsed = 00:00:01 . Memory (MB): peak = 1186.266 ; gain = 0.000

Phase 4 Post Placement Optimization and Clean-Up

Phase 4.1 Post Commit Optimization
Phase 4.1 Post Commit Optimization | Checksum: d48b43ef

Time (s): cpu = 00:00:02 ; elapsed = 00:00:01 . Memory (MB): peak = 1186.266 ; gain = 0.000

Phase 4.2 Post Placement Cleanup
Phase 4.2 Post Placement Cleanup | Checksum: d48b43ef

Time (s): cpu = 00:00:02 ; elapsed = 00:00:01 . Memory (MB): peak = 1186.266 ; gain = 0.000

Phase 4.3 Placer Reporting
Phase 4.3 Placer Reporting | Checksum: d48b43ef

Time (s): cpu = 00:00:02 ; elapsed = 00:00:01 . Memory (MB): peak = 1186.266 ; gain = 0.000

Phase 4.4 Final Placement Cleanup
Phase 4.4 Final Placement Cleanup | Checksum: ce3cb046

Time (s): cpu = 00:00:02 ; elapsed = 00:00:01 . Memory (MB): peak = 1186.266 ; gain = 0.000
Phase 4 Post Placement Optimization and Clean-Up | Checksum: ce3cb046

Time (s): cpu = 00:00:02 ; elapsed = 00:00:01 . Memory (MB): peak = 1186.266 ; gain = 0.000
Ending Placer Task | Checksum: 5c66be26

Time (s): cpu = 00:00:02 ; elapsed = 00:00:01 . Memory (MB): peak = 1186.266 ; gain = 0.000
INFO: [Common 17-83] Releasing license: Implementation
40 Infos, 0 Warnings, 0 Critical Warnings and 0 Errors encountered.
place_design completed successfully
Writing placer database...
Writing XDEF routing.
Writing XDEF routing logical nets.
Writing XDEF routing special nets.
Write XDEF Complete: Time (s): cpu = 00:00:00 ; elapsed = 00:00:00.041 . Memory (MB): peak = 1186.266 ; gain = 0.000
INFO: [Common 17-1381] The checkpoint 'F:/FPGA/EEPROM/EEPROM.runs/impl_1/i2c_eerom_top_placed.dcp' has been generated.
INFO: [runtcl-4] Executing : report_io -file i2c_eerom_top_io_placed.rpt
report_io: Time (s): cpu = 00:00:00 ; elapsed = 00:00:00.035 . Memory (MB): peak = 1186.266 ; gain = 0.000
INFO: [runtcl-4] Executing : report_utilization -file i2c_eerom_top_utilization_placed.rpt -pb i2c_eerom_top_utilization_placed.pb
report_utilization: Time (s): cpu = 00:00:00 ; elapsed = 00:00:00.029 . Memory (MB): peak = 1186.266 ; gain = 0.000
INFO: [runtcl-4] Executing : report_control_sets -verbose -file i2c_eerom_top_control_sets_placed.rpt
report_control_sets: Time (s): cpu = 00:00:00 ; elapsed = 00:00:00.001 . Memory (MB): peak = 1186.266 ; gain = 0.000
Command: route_design
Attempting to get a license for feature 'Implementation' and/or device 'xc7z020'
INFO: [Common 17-349] Got license for feature 'Implementation' and/or device 'xc7z020'
Running DRC as a precondition to command route_design
INFO: [DRC 23-27] Running DRC with 2 threads
INFO: [Vivado_Tcl 4-198] DRC finished with 0 Errors
INFO: [Vivado_Tcl 4-199] Please refer to the DRC report (report_drc) for more information.


Starting Routing Task
INFO: [Route 35-254] Multithreading enabled for route_design using a maximum of 2 CPUs
Checksum: PlaceDB: 1327df08 ConstDB: 0 ShapeSum: 493edf1e RouteDB: 0

Phase 1 Build RT Design
Phase 1 Build RT Design | Checksum: 1321a0f87

Time (s): cpu = 00:00:25 ; elapsed = 00:00:23 . Memory (MB): peak = 1320.090 ; gain = 133.824
Post Restoration Checksum: NetGraph: 773d21e8 NumContArr: badced9f Constraints: 0 Timing: 0

Phase 2 Router Initialization
INFO: [Route 35-64] No timing constraints were detected. The router will operate in resource-optimization mode.

Phase 2.1 Fix Topology Constraints
Phase 2.1 Fix Topology Constraints | Checksum: 1321a0f87

Time (s): cpu = 00:00:25 ; elapsed = 00:00:23 . Memory (MB): peak = 1325.949 ; gain = 139.684

Phase 2.2 Pre Route Cleanup
Phase 2.2 Pre Route Cleanup | Checksum: 1321a0f87

Time (s): cpu = 00:00:25 ; elapsed = 00:00:23 . Memory (MB): peak = 1325.949 ; gain = 139.684
 Number of Nodes with overlaps = 0
Phase 2 Router Initialization | Checksum: 128e52f5b

Time (s): cpu = 00:00:25 ; elapsed = 00:00:23 . Memory (MB): peak = 1335.906 ; gain = 149.641

Phase 3 Initial Routing
Phase 3 Initial Routing | Checksum: 169c17419

Time (s): cpu = 00:00:25 ; elapsed = 00:00:23 . Memory (MB): peak = 1335.906 ; gain = 149.641

Phase 4 Rip-up And Reroute

Phase 4.1 Global Iteration 0
 Number of Nodes with overlaps = 10
 Number of Nodes with overlaps = 0
Phase 4.1 Global Iteration 0 | Checksum: bb5856fb

Time (s): cpu = 00:00:25 ; elapsed = 00:00:23 . Memory (MB): peak = 1335.906 ; gain = 149.641
Phase 4 Rip-up And Reroute | Checksum: bb5856fb

Time (s): cpu = 00:00:25 ; elapsed = 00:00:23 . Memory (MB): peak = 1335.906 ; gain = 149.641

Phase 5 Delay and Skew Optimization
Phase 5 Delay and Skew Optimization | Checksum: bb5856fb

Time (s): cpu = 00:00:25 ; elapsed = 00:00:23 . Memory (MB): peak = 1335.906 ; gain = 149.641

Phase 6 Post Hold Fix

Phase 6.1 Hold Fix Iter
Phase 6.1 Hold Fix Iter | Checksum: bb5856fb

Time (s): cpu = 00:00:25 ; elapsed = 00:00:23 . Memory (MB): peak = 1335.906 ; gain = 149.641
Phase 6 Post Hold Fix | Checksum: bb5856fb

Time (s): cpu = 00:00:25 ; elapsed = 00:00:23 . Memory (MB): peak = 1335.906 ; gain = 149.641

Phase 7 Route finalize

Router Utilization Summary
  Global Vertical Routing Utilization    = 0.0108729 %
  Global Horizontal Routing Utilization  = 0.00921231 %
  Routable Net Status*
  *Does not include unroutable nets such as driverless and loadless.
  Run report_route_status for detailed report.
  Number of Failed Nets               = 0
  Number of Unrouted Nets             = 0
  Number of Partially Routed Nets     = 0
  Number of Node Overlaps             = 0

Utilization threshold used for congestion level computation: 0.85
Congestion Report
North Dir 1x1 Area, Max Cong = 18.018%, No Congested Regions.
South Dir 1x1 Area, Max Cong = 8.10811%, No Congested Regions.
East Dir 1x1 Area, Max Cong = 13.2353%, No Congested Regions.
West Dir 1x1 Area, Max Cong = 16.1765%, No Congested Regions.
Phase 7 Route finalize | Checksum: bb5856fb

Time (s): cpu = 00:00:25 ; elapsed = 00:00:23 . Memory (MB): peak = 1335.906 ; gain = 149.641

Phase 8 Verifying routed nets

 Verification completed successfully
Phase 8 Verifying routed nets | Checksum: bb5856fb

Time (s): cpu = 00:00:25 ; elapsed = 00:00:23 . Memory (MB): peak = 1335.906 ; gain = 149.641

Phase 9 Depositing Routes
Phase 9 Depositing Routes | Checksum: 5ec6c6c9

Time (s): cpu = 00:00:25 ; elapsed = 00:00:23 . Memory (MB): peak = 1335.906 ; gain = 149.641
INFO: [Route 35-16] Router Completed Successfully

Time (s): cpu = 00:00:25 ; elapsed = 00:00:23 . Memory (MB): peak = 1335.906 ; gain = 149.641

Routing Is Done.
INFO: [Common 17-83] Releasing license: Implementation
52 Infos, 0 Warnings, 0 Critical Warnings and 0 Errors encountered.
route_design completed successfully
route_design: Time (s): cpu = 00:00:26 ; elapsed = 00:00:23 . Memory (MB): peak = 1335.906 ; gain = 149.641
Writing placer database...
Writing XDEF routing.
Writing XDEF routing logical nets.
Writing XDEF routing special nets.
Write XDEF Complete: Time (s): cpu = 00:00:00 ; elapsed = 00:00:00.048 . Memory (MB): peak = 1335.906 ; gain = 0.000
INFO: [Common 17-1381] The checkpoint 'F:/FPGA/EEPROM/EEPROM.runs/impl_1/i2c_eerom_top_routed.dcp' has been generated.
INFO: [runtcl-4] Executing : report_drc -file i2c_eerom_top_drc_routed.rpt -pb i2c_eerom_top_drc_routed.pb -rpx i2c_eerom_top_drc_routed.rpx
Command: report_drc -file i2c_eerom_top_drc_routed.rpt -pb i2c_eerom_top_drc_routed.pb -rpx i2c_eerom_top_drc_routed.rpx
INFO: [IP_Flow 19-1839] IP Catalog is up to date.
INFO: [DRC 23-27] Running DRC with 2 threads
INFO: [Coretcl 2-168] The results of DRC are in file F:/FPGA/EEPROM/EEPROM.runs/impl_1/i2c_eerom_top_drc_routed.rpt.
report_drc completed successfully
INFO: [runtcl-4] Executing : report_methodology -file i2c_eerom_top_methodology_drc_routed.rpt -pb i2c_eerom_top_methodology_drc_routed.pb -rpx i2c_eerom_top_methodology_drc_routed.rpx
Command: report_methodology -file i2c_eerom_top_methodology_drc_routed.rpt -pb i2c_eerom_top_methodology_drc_routed.pb -rpx i2c_eerom_top_methodology_drc_routed.rpx
INFO: [Timing 38-35] Done setting XDC timing constraints.
INFO: [Timing 38-35] Done setting XDC timing constraints.
INFO: [DRC 23-133] Running Methodology with 2 threads
INFO: [Coretcl 2-1520] The results of Report Methodology are in file F:/FPGA/EEPROM/EEPROM.runs/impl_1/i2c_eerom_top_methodology_drc_routed.rpt.
report_methodology completed successfully
INFO: [runtcl-4] Executing : report_power -file i2c_eerom_top_power_routed.rpt -pb i2c_eerom_top_power_summary_routed.pb -rpx i2c_eerom_top_power_routed.rpx
Command: report_power -file i2c_eerom_top_power_routed.rpt -pb i2c_eerom_top_power_summary_routed.pb -rpx i2c_eerom_top_power_routed.rpx
WARNING: [Power 33-232] No user defined clocks were found in the design!
Resolution: Please specify clocks using create_clock/create_generated_clock for sequential elements. For pure combinatorial circuits, please specify a virtual clock, otherwise the vectorless estimation might be inaccurate
INFO: [Timing 38-35] Done setting XDC timing constraints.
Running Vector-less Activity Propagation...

Finished Running Vector-less Activity Propagation
64 Infos, 1 Warnings, 0 Critical Warnings and 0 Errors encountered.
report_power completed successfully
INFO: [runtcl-4] Executing : report_route_status -file i2c_eerom_top_route_status.rpt -pb i2c_eerom_top_route_status.pb
INFO: [runtcl-4] Executing : report_timing_summary -max_paths 10 -file i2c_eerom_top_timing_summary_routed.rpt -rpx i2c_eerom_top_timing_summary_routed.rpx -warn_on_violation 
INFO: [Timing 38-91] UpdateTimingParams: Speed grade: -2, Delay Type: min_max.
INFO: [Timing 38-191] Multithreading enabled for timing update using a maximum of 2 CPUs
WARNING: [Timing 38-313] There are no user specified timing constraints. Timing constraints are needed for proper timing analysis.
INFO: [runtcl-4] Executing : report_incremental_reuse -file i2c_eerom_top_incremental_reuse_routed.rpt
INFO: [Vivado_Tcl 4-545] No incremental reuse to report, no incremental placement and routing data was found.
INFO: [runtcl-4] Executing : report_clock_utilization -file i2c_eerom_top_clock_utilization_routed.rpt
INFO: [Common 17-206] Exiting Vivado at Fri Nov 22 20:28:00 2024...

*** Running vivado
    with args -log i2c_eerom_top.vdi -applog -m64 -product Vivado -messageDb vivado.pb -mode batch -source i2c_eerom_top.tcl -notrace


****** Vivado v2017.4 (64-bit)
  **** SW Build 2086221 on Fri Dec 15 20:55:39 MST 2017
  **** IP Build 2085800 on Fri Dec 15 22:25:07 MST 2017
    ** Copyright 1986-2017 Xilinx, Inc. All Rights Reserved.

source i2c_eerom_top.tcl -notrace
Command: link_design -top i2c_eerom_top -part xc7z020clg400-2
Design is defaulting to srcset: sources_1
Design is defaulting to constrset: constrs_1
INFO: [Netlist 29-17] Analyzing 3 Unisim elements for replacement
INFO: [Netlist 29-28] Unisim Transformation completed in 0 CPU seconds
INFO: [Project 1-479] Netlist was created with Vivado 2017.4
INFO: [Device 21-403] Loading part xc7z020clg400-2
INFO: [Project 1-570] Preparing netlist for logic optimization
Parsing XDC File [F:/FPGA/EEPROM/EEPROM.srcs/constrs_1/new/i2c_eerom.xdc]
Finished Parsing XDC File [F:/FPGA/EEPROM/EEPROM.srcs/constrs_1/new/i2c_eerom.xdc]
INFO: [Opt 31-138] Pushed 0 inverter(s) to 0 load pin(s).
INFO: [Project 1-111] Unisim Transformation Summary:
  A total of 1 instances were transformed.
  IOBUF => IOBUF (IBUF, OBUFT): 1 instances

7 Infos, 0 Warnings, 0 Critical Warnings and 0 Errors encountered.
link_design completed successfully
link_design: Time (s): cpu = 00:00:06 ; elapsed = 00:00:06 . Memory (MB): peak = 617.230 ; gain = 334.219
Command: opt_design
Attempting to get a license for feature 'Implementation' and/or device 'xc7z020'
INFO: [Common 17-349] Got license for feature 'Implementation' and/or device 'xc7z020'
Running DRC as a precondition to command opt_design

Starting DRC Task
INFO: [DRC 23-27] Running DRC with 2 threads
INFO: [Project 1-461] DRC finished with 0 Errors
INFO: [Project 1-462] Please refer to the DRC report (report_drc) for more information.

Time (s): cpu = 00:00:01 ; elapsed = 00:00:00.413 . Memory (MB): peak = 632.547 ; gain = 15.316
INFO: [Timing 38-35] Done setting XDC timing constraints.

Starting Logic Optimization Task

Phase 1 Retarget
INFO: [Opt 31-138] Pushed 0 inverter(s) to 0 load pin(s).
INFO: [Opt 31-49] Retargeted 0 cell(s).
Phase 1 Retarget | Checksum: 120efe6f1

Time (s): cpu = 00:00:00 ; elapsed = 00:00:00.009 . Memory (MB): peak = 1185.570 ; gain = 0.000
INFO: [Opt 31-389] Phase Retarget created 0 cells and removed 1 cells

Phase 2 Constant propagation
INFO: [Opt 31-138] Pushed 0 inverter(s) to 0 load pin(s).
Phase 2 Constant propagation | Checksum: 120efe6f1

Time (s): cpu = 00:00:00 ; elapsed = 00:00:00.011 . Memory (MB): peak = 1185.570 ; gain = 0.000
INFO: [Opt 31-389] Phase Constant propagation created 0 cells and removed 0 cells

Phase 3 Sweep
Phase 3 Sweep | Checksum: 120efe6f1

Time (s): cpu = 00:00:00 ; elapsed = 00:00:00.012 . Memory (MB): peak = 1185.570 ; gain = 0.000
INFO: [Opt 31-389] Phase Sweep created 0 cells and removed 0 cells

Phase 4 BUFG optimization
Phase 4 BUFG optimization | Checksum: 120efe6f1

Time (s): cpu = 00:00:00 ; elapsed = 00:00:00.014 . Memory (MB): peak = 1185.570 ; gain = 0.000
INFO: [Opt 31-389] Phase BUFG optimization created 0 cells and removed 0 cells

Phase 5 Shift Register Optimization
Phase 5 Shift Register Optimization | Checksum: 120efe6f1

Time (s): cpu = 00:00:00 ; elapsed = 00:00:00.015 . Memory (MB): peak = 1185.570 ; gain = 0.000
INFO: [Opt 31-389] Phase Shift Register Optimization created 0 cells and removed 0 cells

Starting Connectivity Check Task

Time (s): cpu = 00:00:00 ; elapsed = 00:00:00 . Memory (MB): peak = 1185.570 ; gain = 0.000
Ending Logic Optimization Task | Checksum: 120efe6f1

Time (s): cpu = 00:00:00 ; elapsed = 00:00:00.016 . Memory (MB): peak = 1185.570 ; gain = 0.000

Starting Power Optimization Task
INFO: [Pwropt 34-132] Skipping clock gating for clocks with a period < 2.00 ns.
Ending Power Optimization Task | Checksum: 120efe6f1

Time (s): cpu = 00:00:00 ; elapsed = 00:00:00.005 . Memory (MB): peak = 1185.570 ; gain = 0.000
INFO: [Common 17-83] Releasing license: Implementation
22 Infos, 0 Warnings, 0 Critical Warnings and 0 Errors encountered.
opt_design completed successfully
opt_design: Time (s): cpu = 00:00:09 ; elapsed = 00:00:09 . Memory (MB): peak = 1185.570 ; gain = 568.340
Writing placer database...
Writing XDEF routing.
Writing XDEF routing logical nets.
Writing XDEF routing special nets.
Write XDEF Complete: Time (s): cpu = 00:00:00 ; elapsed = 00:00:00.043 . Memory (MB): peak = 1185.570 ; gain = 0.000
INFO: [Common 17-1381] The checkpoint 'F:/FPGA/EEPROM/EEPROM.runs/impl_1/i2c_eerom_top_opt.dcp' has been generated.
INFO: [runtcl-4] Executing : report_drc -file i2c_eerom_top_drc_opted.rpt -pb i2c_eerom_top_drc_opted.pb -rpx i2c_eerom_top_drc_opted.rpx
Command: report_drc -file i2c_eerom_top_drc_opted.rpt -pb i2c_eerom_top_drc_opted.pb -rpx i2c_eerom_top_drc_opted.rpx
INFO: [IP_Flow 19-234] Refreshing IP repositories
INFO: [IP_Flow 19-1704] No user IP repositories specified
INFO: [IP_Flow 19-2313] Loaded Vivado IP repository 'E:/vivado/Vivado/2017.4/data/ip'.
INFO: [DRC 23-27] Running DRC with 2 threads
INFO: [Coretcl 2-168] The results of DRC are in file F:/FPGA/EEPROM/EEPROM.runs/impl_1/i2c_eerom_top_drc_opted.rpt.
report_drc completed successfully
INFO: [Chipscope 16-241] No debug cores found in the current design.
Before running the implement_debug_core command, either use the Set Up Debug wizard (GUI mode)
or use the create_debug_core and connect_debug_core Tcl commands to insert debug cores into the design.
Command: place_design
Attempting to get a license for feature 'Implementation' and/or device 'xc7z020'
INFO: [Common 17-349] Got license for feature 'Implementation' and/or device 'xc7z020'
INFO: [DRC 23-27] Running DRC with 2 threads
INFO: [Vivado_Tcl 4-198] DRC finished with 0 Errors
INFO: [Vivado_Tcl 4-199] Please refer to the DRC report (report_drc) for more information.
Running DRC as a precondition to command place_design
INFO: [DRC 23-27] Running DRC with 2 threads
INFO: [Vivado_Tcl 4-198] DRC finished with 0 Errors
INFO: [Vivado_Tcl 4-199] Please refer to the DRC report (report_drc) for more information.

Starting Placer Task
INFO: [Place 30-611] Multithreading enabled for place_design using a maximum of 2 CPUs

Phase 1 Placer Initialization

Phase 1.1 Placer Initialization Netlist Sorting
Netlist sorting complete. Time (s): cpu = 00:00:00 ; elapsed = 00:00:00 . Memory (MB): peak = 1185.570 ; gain = 0.000
Phase 1.1 Placer Initialization Netlist Sorting | Checksum: d582e26a

Time (s): cpu = 00:00:00 ; elapsed = 00:00:00.002 . Memory (MB): peak = 1185.570 ; gain = 0.000
Netlist sorting complete. Time (s): cpu = 00:00:00 ; elapsed = 00:00:00 . Memory (MB): peak = 1185.570 ; gain = 0.000

Phase 1.2 IO Placement/ Clock Placement/ Build Placer Device
INFO: [Timing 38-35] Done setting XDC timing constraints.
Phase 1.2 IO Placement/ Clock Placement/ Build Placer Device | Checksum: fbf37ca4

Time (s): cpu = 00:00:01 ; elapsed = 00:00:00.676 . Memory (MB): peak = 1185.570 ; gain = 0.000

Phase 1.3 Build Placer Netlist Model
Phase 1.3 Build Placer Netlist Model | Checksum: 1208f8064

Time (s): cpu = 00:00:01 ; elapsed = 00:00:00.703 . Memory (MB): peak = 1185.570 ; gain = 0.000

Phase 1.4 Constrain Clocks/Macros
Phase 1.4 Constrain Clocks/Macros | Checksum: 1208f8064

Time (s): cpu = 00:00:01 ; elapsed = 00:00:00.705 . Memory (MB): peak = 1185.570 ; gain = 0.000
Phase 1 Placer Initialization | Checksum: 1208f8064

Time (s): cpu = 00:00:01 ; elapsed = 00:00:00.705 . Memory (MB): peak = 1185.570 ; gain = 0.000

Phase 2 Global Placement
Phase 2 Global Placement | Checksum: 1003dc483

Time (s): cpu = 00:00:02 ; elapsed = 00:00:01 . Memory (MB): peak = 1185.570 ; gain = 0.000

Phase 3 Detail Placement

Phase 3.1 Commit Multi Column Macros
Phase 3.1 Commit Multi Column Macros | Checksum: 1003dc483

Time (s): cpu = 00:00:02 ; elapsed = 00:00:01 . Memory (MB): peak = 1185.570 ; gain = 0.000

Phase 3.2 Commit Most Macros & LUTRAMs
Phase 3.2 Commit Most Macros & LUTRAMs | Checksum: 1203a2c71

Time (s): cpu = 00:00:02 ; elapsed = 00:00:01 . Memory (MB): peak = 1185.570 ; gain = 0.000

Phase 3.3 Area Swap Optimization
Phase 3.3 Area Swap Optimization | Checksum: 186e74afb

Time (s): cpu = 00:00:02 ; elapsed = 00:00:01 . Memory (MB): peak = 1185.570 ; gain = 0.000

Phase 3.4 Pipeline Register Optimization
Phase 3.4 Pipeline Register Optimization | Checksum: 186e74afb

Time (s): cpu = 00:00:02 ; elapsed = 00:00:01 . Memory (MB): peak = 1185.570 ; gain = 0.000

Phase 3.5 Small Shape Detail Placement
Phase 3.5 Small Shape Detail Placement | Checksum: 19d67a27f

Time (s): cpu = 00:00:02 ; elapsed = 00:00:01 . Memory (MB): peak = 1185.570 ; gain = 0.000

Phase 3.6 Re-assign LUT pins
Phase 3.6 Re-assign LUT pins | Checksum: 19d67a27f

Time (s): cpu = 00:00:02 ; elapsed = 00:00:01 . Memory (MB): peak = 1185.570 ; gain = 0.000

Phase 3.7 Pipeline Register Optimization
Phase 3.7 Pipeline Register Optimization | Checksum: 19d67a27f

Time (s): cpu = 00:00:02 ; elapsed = 00:00:01 . Memory (MB): peak = 1185.570 ; gain = 0.000
Phase 3 Detail Placement | Checksum: 19d67a27f

Time (s): cpu = 00:00:02 ; elapsed = 00:00:01 . Memory (MB): peak = 1185.570 ; gain = 0.000

Phase 4 Post Placement Optimization and Clean-Up

Phase 4.1 Post Commit Optimization
Phase 4.1 Post Commit Optimization | Checksum: 19d67a27f

Time (s): cpu = 00:00:02 ; elapsed = 00:00:01 . Memory (MB): peak = 1185.570 ; gain = 0.000

Phase 4.2 Post Placement Cleanup
Phase 4.2 Post Placement Cleanup | Checksum: 19d67a27f

Time (s): cpu = 00:00:02 ; elapsed = 00:00:01 . Memory (MB): peak = 1185.570 ; gain = 0.000

Phase 4.3 Placer Reporting
Phase 4.3 Placer Reporting | Checksum: 19d67a27f

Time (s): cpu = 00:00:02 ; elapsed = 00:00:01 . Memory (MB): peak = 1185.570 ; gain = 0.000

Phase 4.4 Final Placement Cleanup
Phase 4.4 Final Placement Cleanup | Checksum: 21d98acf5

Time (s): cpu = 00:00:02 ; elapsed = 00:00:01 . Memory (MB): peak = 1185.570 ; gain = 0.000
Phase 4 Post Placement Optimization and Clean-Up | Checksum: 21d98acf5

Time (s): cpu = 00:00:02 ; elapsed = 00:00:01 . Memory (MB): peak = 1185.570 ; gain = 0.000
Ending Placer Task | Checksum: 1cb96a85c

Time (s): cpu = 00:00:02 ; elapsed = 00:00:01 . Memory (MB): peak = 1185.570 ; gain = 0.000
INFO: [Common 17-83] Releasing license: Implementation
40 Infos, 0 Warnings, 0 Critical Warnings and 0 Errors encountered.
place_design completed successfully
Writing placer database...
Writing XDEF routing.
Writing XDEF routing logical nets.
Writing XDEF routing special nets.
Write XDEF Complete: Time (s): cpu = 00:00:00 ; elapsed = 00:00:00.048 . Memory (MB): peak = 1185.570 ; gain = 0.000
INFO: [Common 17-1381] The checkpoint 'F:/FPGA/EEPROM/EEPROM.runs/impl_1/i2c_eerom_top_placed.dcp' has been generated.
INFO: [runtcl-4] Executing : report_io -file i2c_eerom_top_io_placed.rpt
report_io: Time (s): cpu = 00:00:00 ; elapsed = 00:00:00.036 . Memory (MB): peak = 1185.570 ; gain = 0.000
INFO: [runtcl-4] Executing : report_utilization -file i2c_eerom_top_utilization_placed.rpt -pb i2c_eerom_top_utilization_placed.pb
report_utilization: Time (s): cpu = 00:00:00 ; elapsed = 00:00:00.029 . Memory (MB): peak = 1185.570 ; gain = 0.000
INFO: [runtcl-4] Executing : report_control_sets -verbose -file i2c_eerom_top_control_sets_placed.rpt
report_control_sets: Time (s): cpu = 00:00:00 ; elapsed = 00:00:00.001 . Memory (MB): peak = 1185.570 ; gain = 0.000
Command: route_design
Attempting to get a license for feature 'Implementation' and/or device 'xc7z020'
INFO: [Common 17-349] Got license for feature 'Implementation' and/or device 'xc7z020'
Running DRC as a precondition to command route_design
INFO: [DRC 23-27] Running DRC with 2 threads
INFO: [Vivado_Tcl 4-198] DRC finished with 0 Errors
INFO: [Vivado_Tcl 4-199] Please refer to the DRC report (report_drc) for more information.


Starting Routing Task
INFO: [Route 35-254] Multithreading enabled for route_design using a maximum of 2 CPUs
Checksum: PlaceDB: f7e53d60 ConstDB: 0 ShapeSum: d3b16afc RouteDB: 0

Phase 1 Build RT Design
Phase 1 Build RT Design | Checksum: ee3e4549

Time (s): cpu = 00:00:23 ; elapsed = 00:00:20 . Memory (MB): peak = 1320.938 ; gain = 135.367
Post Restoration Checksum: NetGraph: 2e04d464 NumContArr: c03970e5 Constraints: 0 Timing: 0

Phase 2 Router Initialization
INFO: [Route 35-64] No timing constraints were detected. The router will operate in resource-optimization mode.

Phase 2.1 Fix Topology Constraints
Phase 2.1 Fix Topology Constraints | Checksum: ee3e4549

Time (s): cpu = 00:00:23 ; elapsed = 00:00:20 . Memory (MB): peak = 1326.941 ; gain = 141.371

Phase 2.2 Pre Route Cleanup
Phase 2.2 Pre Route Cleanup | Checksum: ee3e4549

Time (s): cpu = 00:00:23 ; elapsed = 00:00:20 . Memory (MB): peak = 1326.941 ; gain = 141.371
 Number of Nodes with overlaps = 0
Phase 2 Router Initialization | Checksum: 12982202b

Time (s): cpu = 00:00:23 ; elapsed = 00:00:20 . Memory (MB): peak = 1336.562 ; gain = 150.992

Phase 3 Initial Routing
Phase 3 Initial Routing | Checksum: 1671d2b24

Time (s): cpu = 00:00:23 ; elapsed = 00:00:20 . Memory (MB): peak = 1336.562 ; gain = 150.992

Phase 4 Rip-up And Reroute

Phase 4.1 Global Iteration 0
 Number of Nodes with overlaps = 8
 Number of Nodes with overlaps = 0
Phase 4.1 Global Iteration 0 | Checksum: 153910f8c

Time (s): cpu = 00:00:23 ; elapsed = 00:00:20 . Memory (MB): peak = 1336.562 ; gain = 150.992
Phase 4 Rip-up And Reroute | Checksum: 153910f8c

Time (s): cpu = 00:00:23 ; elapsed = 00:00:20 . Memory (MB): peak = 1336.562 ; gain = 150.992

Phase 5 Delay and Skew Optimization
Phase 5 Delay and Skew Optimization | Checksum: 153910f8c

Time (s): cpu = 00:00:23 ; elapsed = 00:00:20 . Memory (MB): peak = 1336.562 ; gain = 150.992

Phase 6 Post Hold Fix

Phase 6.1 Hold Fix Iter
Phase 6.1 Hold Fix Iter | Checksum: 153910f8c

Time (s): cpu = 00:00:23 ; elapsed = 00:00:20 . Memory (MB): peak = 1336.562 ; gain = 150.992
Phase 6 Post Hold Fix | Checksum: 153910f8c

Time (s): cpu = 00:00:23 ; elapsed = 00:00:20 . Memory (MB): peak = 1336.562 ; gain = 150.992

Phase 7 Route finalize

Router Utilization Summary
  Global Vertical Routing Utilization    = 0.00818059 %
  Global Horizontal Routing Utilization  = 0.00515551 %
  Routable Net Status*
  *Does not include unroutable nets such as driverless and loadless.
  Run report_route_status for detailed report.
  Number of Failed Nets               = 0
  Number of Unrouted Nets             = 0
  Number of Partially Routed Nets     = 0
  Number of Node Overlaps             = 0

Utilization threshold used for congestion level computation: 0.85
Congestion Report
North Dir 1x1 Area, Max Cong = 9.00901%, No Congested Regions.
South Dir 1x1 Area, Max Cong = 9.00901%, No Congested Regions.
East Dir 1x1 Area, Max Cong = 14.7059%, No Congested Regions.
West Dir 1x1 Area, Max Cong = 8.82353%, No Congested Regions.
Phase 7 Route finalize | Checksum: 153910f8c

Time (s): cpu = 00:00:23 ; elapsed = 00:00:20 . Memory (MB): peak = 1336.562 ; gain = 150.992

Phase 8 Verifying routed nets

 Verification completed successfully
Phase 8 Verifying routed nets | Checksum: 153910f8c

Time (s): cpu = 00:00:23 ; elapsed = 00:00:20 . Memory (MB): peak = 1336.562 ; gain = 150.992

Phase 9 Depositing Routes
Phase 9 Depositing Routes | Checksum: 1609f954d

Time (s): cpu = 00:00:23 ; elapsed = 00:00:20 . Memory (MB): peak = 1336.562 ; gain = 150.992
INFO: [Route 35-16] Router Completed Successfully

Time (s): cpu = 00:00:23 ; elapsed = 00:00:20 . Memory (MB): peak = 1336.562 ; gain = 150.992

Routing Is Done.
INFO: [Common 17-83] Releasing license: Implementation
52 Infos, 0 Warnings, 0 Critical Warnings and 0 Errors encountered.
route_design completed successfully
route_design: Time (s): cpu = 00:00:24 ; elapsed = 00:00:21 . Memory (MB): peak = 1336.562 ; gain = 150.992
Writing placer database...
Writing XDEF routing.
Writing XDEF routing logical nets.
Writing XDEF routing special nets.
Write XDEF Complete: Time (s): cpu = 00:00:00 ; elapsed = 00:00:00.046 . Memory (MB): peak = 1336.562 ; gain = 0.000
INFO: [Common 17-1381] The checkpoint 'F:/FPGA/EEPROM/EEPROM.runs/impl_1/i2c_eerom_top_routed.dcp' has been generated.
INFO: [runtcl-4] Executing : report_drc -file i2c_eerom_top_drc_routed.rpt -pb i2c_eerom_top_drc_routed.pb -rpx i2c_eerom_top_drc_routed.rpx
Command: report_drc -file i2c_eerom_top_drc_routed.rpt -pb i2c_eerom_top_drc_routed.pb -rpx i2c_eerom_top_drc_routed.rpx
INFO: [IP_Flow 19-1839] IP Catalog is up to date.
INFO: [DRC 23-27] Running DRC with 2 threads
INFO: [Coretcl 2-168] The results of DRC are in file F:/FPGA/EEPROM/EEPROM.runs/impl_1/i2c_eerom_top_drc_routed.rpt.
report_drc completed successfully
INFO: [runtcl-4] Executing : report_methodology -file i2c_eerom_top_methodology_drc_routed.rpt -pb i2c_eerom_top_methodology_drc_routed.pb -rpx i2c_eerom_top_methodology_drc_routed.rpx
Command: report_methodology -file i2c_eerom_top_methodology_drc_routed.rpt -pb i2c_eerom_top_methodology_drc_routed.pb -rpx i2c_eerom_top_methodology_drc_routed.rpx
INFO: [Timing 38-35] Done setting XDC timing constraints.
INFO: [Timing 38-35] Done setting XDC timing constraints.
INFO: [DRC 23-133] Running Methodology with 2 threads
INFO: [Coretcl 2-1520] The results of Report Methodology are in file F:/FPGA/EEPROM/EEPROM.runs/impl_1/i2c_eerom_top_methodology_drc_routed.rpt.
report_methodology completed successfully
INFO: [runtcl-4] Executing : report_power -file i2c_eerom_top_power_routed.rpt -pb i2c_eerom_top_power_summary_routed.pb -rpx i2c_eerom_top_power_routed.rpx
Command: report_power -file i2c_eerom_top_power_routed.rpt -pb i2c_eerom_top_power_summary_routed.pb -rpx i2c_eerom_top_power_routed.rpx
WARNING: [Power 33-232] No user defined clocks were found in the design!
Resolution: Please specify clocks using create_clock/create_generated_clock for sequential elements. For pure combinatorial circuits, please specify a virtual clock, otherwise the vectorless estimation might be inaccurate
INFO: [Timing 38-35] Done setting XDC timing constraints.
Running Vector-less Activity Propagation...

Finished Running Vector-less Activity Propagation
64 Infos, 1 Warnings, 0 Critical Warnings and 0 Errors encountered.
report_power completed successfully
INFO: [runtcl-4] Executing : report_route_status -file i2c_eerom_top_route_status.rpt -pb i2c_eerom_top_route_status.pb
INFO: [runtcl-4] Executing : report_timing_summary -max_paths 10 -file i2c_eerom_top_timing_summary_routed.rpt -rpx i2c_eerom_top_timing_summary_routed.rpx -warn_on_violation 
INFO: [Timing 38-91] UpdateTimingParams: Speed grade: -2, Delay Type: min_max.
INFO: [Timing 38-191] Multithreading enabled for timing update using a maximum of 2 CPUs
WARNING: [Timing 38-313] There are no user specified timing constraints. Timing constraints are needed for proper timing analysis.
INFO: [runtcl-4] Executing : report_incremental_reuse -file i2c_eerom_top_incremental_reuse_routed.rpt
INFO: [Vivado_Tcl 4-545] No incremental reuse to report, no incremental placement and routing data was found.
INFO: [runtcl-4] Executing : report_clock_utilization -file i2c_eerom_top_clock_utilization_routed.rpt
INFO: [Common 17-206] Exiting Vivado at Fri Nov 22 20:31:22 2024...

*** Running vivado
    with args -log i2c_eerom_top.vdi -applog -m64 -product Vivado -messageDb vivado.pb -mode batch -source i2c_eerom_top.tcl -notrace


****** Vivado v2017.4 (64-bit)
  **** SW Build 2086221 on Fri Dec 15 20:55:39 MST 2017
  **** IP Build 2085800 on Fri Dec 15 22:25:07 MST 2017
    ** Copyright 1986-2017 Xilinx, Inc. All Rights Reserved.

source i2c_eerom_top.tcl -notrace
Command: link_design -top i2c_eerom_top -part xc7z020clg400-2
Design is defaulting to srcset: sources_1
Design is defaulting to constrset: constrs_1
INFO: [Netlist 29-17] Analyzing 3 Unisim elements for replacement
INFO: [Netlist 29-28] Unisim Transformation completed in 0 CPU seconds
INFO: [Project 1-479] Netlist was created with Vivado 2017.4
INFO: [Device 21-403] Loading part xc7z020clg400-2
INFO: [Project 1-570] Preparing netlist for logic optimization
Parsing XDC File [F:/FPGA/EEPROM/EEPROM.srcs/constrs_1/new/i2c_eerom.xdc]
Finished Parsing XDC File [F:/FPGA/EEPROM/EEPROM.srcs/constrs_1/new/i2c_eerom.xdc]
INFO: [Opt 31-138] Pushed 0 inverter(s) to 0 load pin(s).
INFO: [Project 1-111] Unisim Transformation Summary:
  A total of 1 instances were transformed.
  IOBUF => IOBUF (IBUF, OBUFT): 1 instances

7 Infos, 0 Warnings, 0 Critical Warnings and 0 Errors encountered.
link_design completed successfully
link_design: Time (s): cpu = 00:00:06 ; elapsed = 00:00:06 . Memory (MB): peak = 617.062 ; gain = 334.598
Command: opt_design
Attempting to get a license for feature 'Implementation' and/or device 'xc7z020'
INFO: [Common 17-349] Got license for feature 'Implementation' and/or device 'xc7z020'
Running DRC as a precondition to command opt_design

Starting DRC Task
INFO: [DRC 23-27] Running DRC with 2 threads
INFO: [Project 1-461] DRC finished with 0 Errors
INFO: [Project 1-462] Please refer to the DRC report (report_drc) for more information.

Time (s): cpu = 00:00:01 ; elapsed = 00:00:00.388 . Memory (MB): peak = 633.102 ; gain = 16.039
INFO: [Timing 38-35] Done setting XDC timing constraints.

Starting Logic Optimization Task

Phase 1 Retarget
INFO: [Opt 31-138] Pushed 0 inverter(s) to 0 load pin(s).
INFO: [Opt 31-49] Retargeted 0 cell(s).
Phase 1 Retarget | Checksum: 157f8c7e7

Time (s): cpu = 00:00:00 ; elapsed = 00:00:00.010 . Memory (MB): peak = 1186.879 ; gain = 0.000
INFO: [Opt 31-389] Phase Retarget created 0 cells and removed 1 cells

Phase 2 Constant propagation
INFO: [Opt 31-138] Pushed 0 inverter(s) to 0 load pin(s).
Phase 2 Constant propagation | Checksum: 157f8c7e7

Time (s): cpu = 00:00:00 ; elapsed = 00:00:00.012 . Memory (MB): peak = 1186.879 ; gain = 0.000
INFO: [Opt 31-389] Phase Constant propagation created 0 cells and removed 0 cells

Phase 3 Sweep
Phase 3 Sweep | Checksum: 157f8c7e7

Time (s): cpu = 00:00:00 ; elapsed = 00:00:00.013 . Memory (MB): peak = 1186.879 ; gain = 0.000
INFO: [Opt 31-389] Phase Sweep created 0 cells and removed 0 cells

Phase 4 BUFG optimization
Phase 4 BUFG optimization | Checksum: 157f8c7e7

Time (s): cpu = 00:00:00 ; elapsed = 00:00:00.015 . Memory (MB): peak = 1186.879 ; gain = 0.000
INFO: [Opt 31-389] Phase BUFG optimization created 0 cells and removed 0 cells

Phase 5 Shift Register Optimization
Phase 5 Shift Register Optimization | Checksum: 157f8c7e7

Time (s): cpu = 00:00:00 ; elapsed = 00:00:00.016 . Memory (MB): peak = 1186.879 ; gain = 0.000
INFO: [Opt 31-389] Phase Shift Register Optimization created 0 cells and removed 0 cells

Starting Connectivity Check Task

Time (s): cpu = 00:00:00 ; elapsed = 00:00:00.001 . Memory (MB): peak = 1186.879 ; gain = 0.000
Ending Logic Optimization Task | Checksum: 157f8c7e7

Time (s): cpu = 00:00:00 ; elapsed = 00:00:00.017 . Memory (MB): peak = 1186.879 ; gain = 0.000

Starting Power Optimization Task
INFO: [Pwropt 34-132] Skipping clock gating for clocks with a period < 2.00 ns.
Ending Power Optimization Task | Checksum: 157f8c7e7

Time (s): cpu = 00:00:00 ; elapsed = 00:00:00.005 . Memory (MB): peak = 1186.879 ; gain = 0.000
INFO: [Common 17-83] Releasing license: Implementation
22 Infos, 0 Warnings, 0 Critical Warnings and 0 Errors encountered.
opt_design completed successfully
opt_design: Time (s): cpu = 00:00:09 ; elapsed = 00:00:09 . Memory (MB): peak = 1186.879 ; gain = 569.816
Writing placer database...
Writing XDEF routing.
Writing XDEF routing logical nets.
Writing XDEF routing special nets.
Write XDEF Complete: Time (s): cpu = 00:00:00 ; elapsed = 00:00:00.042 . Memory (MB): peak = 1186.879 ; gain = 0.000
INFO: [Common 17-1381] The checkpoint 'F:/FPGA/EEPROM/EEPROM.runs/impl_1/i2c_eerom_top_opt.dcp' has been generated.
INFO: [runtcl-4] Executing : report_drc -file i2c_eerom_top_drc_opted.rpt -pb i2c_eerom_top_drc_opted.pb -rpx i2c_eerom_top_drc_opted.rpx
Command: report_drc -file i2c_eerom_top_drc_opted.rpt -pb i2c_eerom_top_drc_opted.pb -rpx i2c_eerom_top_drc_opted.rpx
INFO: [IP_Flow 19-234] Refreshing IP repositories
INFO: [IP_Flow 19-1704] No user IP repositories specified
INFO: [IP_Flow 19-2313] Loaded Vivado IP repository 'E:/vivado/Vivado/2017.4/data/ip'.
INFO: [DRC 23-27] Running DRC with 2 threads
INFO: [Coretcl 2-168] The results of DRC are in file F:/FPGA/EEPROM/EEPROM.runs/impl_1/i2c_eerom_top_drc_opted.rpt.
report_drc completed successfully
INFO: [Chipscope 16-241] No debug cores found in the current design.
Before running the implement_debug_core command, either use the Set Up Debug wizard (GUI mode)
or use the create_debug_core and connect_debug_core Tcl commands to insert debug cores into the design.
Command: place_design
Attempting to get a license for feature 'Implementation' and/or device 'xc7z020'
INFO: [Common 17-349] Got license for feature 'Implementation' and/or device 'xc7z020'
INFO: [DRC 23-27] Running DRC with 2 threads
INFO: [Vivado_Tcl 4-198] DRC finished with 0 Errors
INFO: [Vivado_Tcl 4-199] Please refer to the DRC report (report_drc) for more information.
Running DRC as a precondition to command place_design
INFO: [DRC 23-27] Running DRC with 2 threads
INFO: [Vivado_Tcl 4-198] DRC finished with 0 Errors
INFO: [Vivado_Tcl 4-199] Please refer to the DRC report (report_drc) for more information.

Starting Placer Task
INFO: [Place 30-611] Multithreading enabled for place_design using a maximum of 2 CPUs

Phase 1 Placer Initialization

Phase 1.1 Placer Initialization Netlist Sorting
Netlist sorting complete. Time (s): cpu = 00:00:00 ; elapsed = 00:00:00.001 . Memory (MB): peak = 1186.879 ; gain = 0.000
Phase 1.1 Placer Initialization Netlist Sorting | Checksum: cfa3af72

Time (s): cpu = 00:00:00 ; elapsed = 00:00:00.002 . Memory (MB): peak = 1186.879 ; gain = 0.000
Netlist sorting complete. Time (s): cpu = 00:00:00 ; elapsed = 00:00:00.001 . Memory (MB): peak = 1186.879 ; gain = 0.000

Phase 1.2 IO Placement/ Clock Placement/ Build Placer Device
INFO: [Timing 38-35] Done setting XDC timing constraints.
Phase 1.2 IO Placement/ Clock Placement/ Build Placer Device | Checksum: f8008ee5

Time (s): cpu = 00:00:01 ; elapsed = 00:00:00.737 . Memory (MB): peak = 1186.879 ; gain = 0.000

Phase 1.3 Build Placer Netlist Model
Phase 1.3 Build Placer Netlist Model | Checksum: 1ebde0e48

Time (s): cpu = 00:00:01 ; elapsed = 00:00:00.766 . Memory (MB): peak = 1186.879 ; gain = 0.000

Phase 1.4 Constrain Clocks/Macros
Phase 1.4 Constrain Clocks/Macros | Checksum: 1ebde0e48

Time (s): cpu = 00:00:01 ; elapsed = 00:00:00.768 . Memory (MB): peak = 1186.879 ; gain = 0.000
Phase 1 Placer Initialization | Checksum: 1ebde0e48

Time (s): cpu = 00:00:01 ; elapsed = 00:00:00.768 . Memory (MB): peak = 1186.879 ; gain = 0.000

Phase 2 Global Placement
Phase 2 Global Placement | Checksum: 1e040ecd1

Time (s): cpu = 00:00:02 ; elapsed = 00:00:01 . Memory (MB): peak = 1186.879 ; gain = 0.000

Phase 3 Detail Placement

Phase 3.1 Commit Multi Column Macros
Phase 3.1 Commit Multi Column Macros | Checksum: 1e040ecd1

Time (s): cpu = 00:00:02 ; elapsed = 00:00:01 . Memory (MB): peak = 1186.879 ; gain = 0.000

Phase 3.2 Commit Most Macros & LUTRAMs
Phase 3.2 Commit Most Macros & LUTRAMs | Checksum: 172a71812

Time (s): cpu = 00:00:02 ; elapsed = 00:00:01 . Memory (MB): peak = 1186.879 ; gain = 0.000

Phase 3.3 Area Swap Optimization
Phase 3.3 Area Swap Optimization | Checksum: 104145be2

Time (s): cpu = 00:00:02 ; elapsed = 00:00:01 . Memory (MB): peak = 1186.879 ; gain = 0.000

Phase 3.4 Pipeline Register Optimization
Phase 3.4 Pipeline Register Optimization | Checksum: 104145be2

Time (s): cpu = 00:00:02 ; elapsed = 00:00:01 . Memory (MB): peak = 1186.879 ; gain = 0.000

Phase 3.5 Small Shape Detail Placement
Phase 3.5 Small Shape Detail Placement | Checksum: d48b43ef

Time (s): cpu = 00:00:02 ; elapsed = 00:00:01 . Memory (MB): peak = 1186.879 ; gain = 0.000

Phase 3.6 Re-assign LUT pins
Phase 3.6 Re-assign LUT pins | Checksum: d48b43ef

Time (s): cpu = 00:00:02 ; elapsed = 00:00:01 . Memory (MB): peak = 1186.879 ; gain = 0.000

Phase 3.7 Pipeline Register Optimization
Phase 3.7 Pipeline Register Optimization | Checksum: d48b43ef

Time (s): cpu = 00:00:02 ; elapsed = 00:00:01 . Memory (MB): peak = 1186.879 ; gain = 0.000
Phase 3 Detail Placement | Checksum: d48b43ef

Time (s): cpu = 00:00:02 ; elapsed = 00:00:01 . Memory (MB): peak = 1186.879 ; gain = 0.000

Phase 4 Post Placement Optimization and Clean-Up

Phase 4.1 Post Commit Optimization
Phase 4.1 Post Commit Optimization | Checksum: d48b43ef

Time (s): cpu = 00:00:02 ; elapsed = 00:00:01 . Memory (MB): peak = 1186.879 ; gain = 0.000

Phase 4.2 Post Placement Cleanup
Phase 4.2 Post Placement Cleanup | Checksum: d48b43ef

Time (s): cpu = 00:00:02 ; elapsed = 00:00:01 . Memory (MB): peak = 1186.879 ; gain = 0.000

Phase 4.3 Placer Reporting
Phase 4.3 Placer Reporting | Checksum: d48b43ef

Time (s): cpu = 00:00:02 ; elapsed = 00:00:01 . Memory (MB): peak = 1186.879 ; gain = 0.000

Phase 4.4 Final Placement Cleanup
Phase 4.4 Final Placement Cleanup | Checksum: ce3cb046

Time (s): cpu = 00:00:02 ; elapsed = 00:00:01 . Memory (MB): peak = 1186.879 ; gain = 0.000
Phase 4 Post Placement Optimization and Clean-Up | Checksum: ce3cb046

Time (s): cpu = 00:00:02 ; elapsed = 00:00:01 . Memory (MB): peak = 1186.879 ; gain = 0.000
Ending Placer Task | Checksum: 5c66be26

Time (s): cpu = 00:00:02 ; elapsed = 00:00:01 . Memory (MB): peak = 1186.879 ; gain = 0.000
INFO: [Common 17-83] Releasing license: Implementation
40 Infos, 0 Warnings, 0 Critical Warnings and 0 Errors encountered.
place_design completed successfully
Writing placer database...
Writing XDEF routing.
Writing XDEF routing logical nets.
Writing XDEF routing special nets.
Write XDEF Complete: Time (s): cpu = 00:00:00 ; elapsed = 00:00:00.040 . Memory (MB): peak = 1186.879 ; gain = 0.000
INFO: [Common 17-1381] The checkpoint 'F:/FPGA/EEPROM/EEPROM.runs/impl_1/i2c_eerom_top_placed.dcp' has been generated.
INFO: [runtcl-4] Executing : report_io -file i2c_eerom_top_io_placed.rpt
report_io: Time (s): cpu = 00:00:00 ; elapsed = 00:00:00.036 . Memory (MB): peak = 1186.879 ; gain = 0.000
INFO: [runtcl-4] Executing : report_utilization -file i2c_eerom_top_utilization_placed.rpt -pb i2c_eerom_top_utilization_placed.pb
report_utilization: Time (s): cpu = 00:00:00 ; elapsed = 00:00:00.031 . Memory (MB): peak = 1186.879 ; gain = 0.000
INFO: [runtcl-4] Executing : report_control_sets -verbose -file i2c_eerom_top_control_sets_placed.rpt
report_control_sets: Time (s): cpu = 00:00:00 ; elapsed = 00:00:00.001 . Memory (MB): peak = 1186.879 ; gain = 0.000
Command: route_design
Attempting to get a license for feature 'Implementation' and/or device 'xc7z020'
INFO: [Common 17-349] Got license for feature 'Implementation' and/or device 'xc7z020'
Running DRC as a precondition to command route_design
INFO: [DRC 23-27] Running DRC with 2 threads
INFO: [Vivado_Tcl 4-198] DRC finished with 0 Errors
INFO: [Vivado_Tcl 4-199] Please refer to the DRC report (report_drc) for more information.


Starting Routing Task
INFO: [Route 35-254] Multithreading enabled for route_design using a maximum of 2 CPUs
Checksum: PlaceDB: 1327df08 ConstDB: 0 ShapeSum: 493edf1e RouteDB: 0

Phase 1 Build RT Design
Phase 1 Build RT Design | Checksum: 1321a0f87

Time (s): cpu = 00:00:23 ; elapsed = 00:00:20 . Memory (MB): peak = 1319.867 ; gain = 132.988
Post Restoration Checksum: NetGraph: 773d21e8 NumContArr: badced9f Constraints: 0 Timing: 0

Phase 2 Router Initialization
INFO: [Route 35-64] No timing constraints were detected. The router will operate in resource-optimization mode.

Phase 2.1 Fix Topology Constraints
Phase 2.1 Fix Topology Constraints | Checksum: 1321a0f87

Time (s): cpu = 00:00:23 ; elapsed = 00:00:20 . Memory (MB): peak = 1326.156 ; gain = 139.277

Phase 2.2 Pre Route Cleanup
Phase 2.2 Pre Route Cleanup | Checksum: 1321a0f87

Time (s): cpu = 00:00:23 ; elapsed = 00:00:20 . Memory (MB): peak = 1326.156 ; gain = 139.277
 Number of Nodes with overlaps = 0
Phase 2 Router Initialization | Checksum: 128e52f5b

Time (s): cpu = 00:00:23 ; elapsed = 00:00:20 . Memory (MB): peak = 1335.684 ; gain = 148.805

Phase 3 Initial Routing
Phase 3 Initial Routing | Checksum: 169c17419

Time (s): cpu = 00:00:23 ; elapsed = 00:00:20 . Memory (MB): peak = 1335.684 ; gain = 148.805

Phase 4 Rip-up And Reroute

Phase 4.1 Global Iteration 0
 Number of Nodes with overlaps = 10
 Number of Nodes with overlaps = 0
Phase 4.1 Global Iteration 0 | Checksum: bb5856fb

Time (s): cpu = 00:00:23 ; elapsed = 00:00:20 . Memory (MB): peak = 1335.684 ; gain = 148.805
Phase 4 Rip-up And Reroute | Checksum: bb5856fb

Time (s): cpu = 00:00:23 ; elapsed = 00:00:20 . Memory (MB): peak = 1335.684 ; gain = 148.805

Phase 5 Delay and Skew Optimization
Phase 5 Delay and Skew Optimization | Checksum: bb5856fb

Time (s): cpu = 00:00:23 ; elapsed = 00:00:20 . Memory (MB): peak = 1335.684 ; gain = 148.805

Phase 6 Post Hold Fix

Phase 6.1 Hold Fix Iter
Phase 6.1 Hold Fix Iter | Checksum: bb5856fb

Time (s): cpu = 00:00:23 ; elapsed = 00:00:20 . Memory (MB): peak = 1335.684 ; gain = 148.805
Phase 6 Post Hold Fix | Checksum: bb5856fb

Time (s): cpu = 00:00:23 ; elapsed = 00:00:20 . Memory (MB): peak = 1335.684 ; gain = 148.805

Phase 7 Route finalize

Router Utilization Summary
  Global Vertical Routing Utilization    = 0.0108729 %
  Global Horizontal Routing Utilization  = 0.00921231 %
  Routable Net Status*
  *Does not include unroutable nets such as driverless and loadless.
  Run report_route_status for detailed report.
  Number of Failed Nets               = 0
  Number of Unrouted Nets             = 0
  Number of Partially Routed Nets     = 0
  Number of Node Overlaps             = 0

Utilization threshold used for congestion level computation: 0.85
Congestion Report
North Dir 1x1 Area, Max Cong = 18.018%, No Congested Regions.
South Dir 1x1 Area, Max Cong = 8.10811%, No Congested Regions.
East Dir 1x1 Area, Max Cong = 13.2353%, No Congested Regions.
West Dir 1x1 Area, Max Cong = 16.1765%, No Congested Regions.
Phase 7 Route finalize | Checksum: bb5856fb

Time (s): cpu = 00:00:23 ; elapsed = 00:00:20 . Memory (MB): peak = 1335.684 ; gain = 148.805

Phase 8 Verifying routed nets

 Verification completed successfully
Phase 8 Verifying routed nets | Checksum: bb5856fb

Time (s): cpu = 00:00:23 ; elapsed = 00:00:20 . Memory (MB): peak = 1335.684 ; gain = 148.805

Phase 9 Depositing Routes
Phase 9 Depositing Routes | Checksum: 5ec6c6c9

Time (s): cpu = 00:00:23 ; elapsed = 00:00:20 . Memory (MB): peak = 1335.684 ; gain = 148.805
INFO: [Route 35-16] Router Completed Successfully

Time (s): cpu = 00:00:23 ; elapsed = 00:00:20 . Memory (MB): peak = 1335.684 ; gain = 148.805

Routing Is Done.
INFO: [Common 17-83] Releasing license: Implementation
52 Infos, 0 Warnings, 0 Critical Warnings and 0 Errors encountered.
route_design completed successfully
route_design: Time (s): cpu = 00:00:24 ; elapsed = 00:00:21 . Memory (MB): peak = 1335.684 ; gain = 148.805
Writing placer database...
Writing XDEF routing.
Writing XDEF routing logical nets.
Writing XDEF routing special nets.
Write XDEF Complete: Time (s): cpu = 00:00:00 ; elapsed = 00:00:00.048 . Memory (MB): peak = 1335.684 ; gain = 0.000
INFO: [Common 17-1381] The checkpoint 'F:/FPGA/EEPROM/EEPROM.runs/impl_1/i2c_eerom_top_routed.dcp' has been generated.
INFO: [runtcl-4] Executing : report_drc -file i2c_eerom_top_drc_routed.rpt -pb i2c_eerom_top_drc_routed.pb -rpx i2c_eerom_top_drc_routed.rpx
Command: report_drc -file i2c_eerom_top_drc_routed.rpt -pb i2c_eerom_top_drc_routed.pb -rpx i2c_eerom_top_drc_routed.rpx
INFO: [IP_Flow 19-1839] IP Catalog is up to date.
INFO: [DRC 23-27] Running DRC with 2 threads
INFO: [Coretcl 2-168] The results of DRC are in file F:/FPGA/EEPROM/EEPROM.runs/impl_1/i2c_eerom_top_drc_routed.rpt.
report_drc completed successfully
INFO: [runtcl-4] Executing : report_methodology -file i2c_eerom_top_methodology_drc_routed.rpt -pb i2c_eerom_top_methodology_drc_routed.pb -rpx i2c_eerom_top_methodology_drc_routed.rpx
Command: report_methodology -file i2c_eerom_top_methodology_drc_routed.rpt -pb i2c_eerom_top_methodology_drc_routed.pb -rpx i2c_eerom_top_methodology_drc_routed.rpx
INFO: [Timing 38-35] Done setting XDC timing constraints.
INFO: [Timing 38-35] Done setting XDC timing constraints.
INFO: [DRC 23-133] Running Methodology with 2 threads
INFO: [Coretcl 2-1520] The results of Report Methodology are in file F:/FPGA/EEPROM/EEPROM.runs/impl_1/i2c_eerom_top_methodology_drc_routed.rpt.
report_methodology completed successfully
INFO: [runtcl-4] Executing : report_power -file i2c_eerom_top_power_routed.rpt -pb i2c_eerom_top_power_summary_routed.pb -rpx i2c_eerom_top_power_routed.rpx
Command: report_power -file i2c_eerom_top_power_routed.rpt -pb i2c_eerom_top_power_summary_routed.pb -rpx i2c_eerom_top_power_routed.rpx
WARNING: [Power 33-232] No user defined clocks were found in the design!
Resolution: Please specify clocks using create_clock/create_generated_clock for sequential elements. For pure combinatorial circuits, please specify a virtual clock, otherwise the vectorless estimation might be inaccurate
INFO: [Timing 38-35] Done setting XDC timing constraints.
Running Vector-less Activity Propagation...

Finished Running Vector-less Activity Propagation
64 Infos, 1 Warnings, 0 Critical Warnings and 0 Errors encountered.
report_power completed successfully
INFO: [runtcl-4] Executing : report_route_status -file i2c_eerom_top_route_status.rpt -pb i2c_eerom_top_route_status.pb
INFO: [runtcl-4] Executing : report_timing_summary -max_paths 10 -file i2c_eerom_top_timing_summary_routed.rpt -rpx i2c_eerom_top_timing_summary_routed.rpx -warn_on_violation 
INFO: [Timing 38-91] UpdateTimingParams: Speed grade: -2, Delay Type: min_max.
INFO: [Timing 38-191] Multithreading enabled for timing update using a maximum of 2 CPUs
WARNING: [Timing 38-313] There are no user specified timing constraints. Timing constraints are needed for proper timing analysis.
INFO: [runtcl-4] Executing : report_incremental_reuse -file i2c_eerom_top_incremental_reuse_routed.rpt
INFO: [Vivado_Tcl 4-545] No incremental reuse to report, no incremental placement and routing data was found.
INFO: [runtcl-4] Executing : report_clock_utilization -file i2c_eerom_top_clock_utilization_routed.rpt
INFO: [Common 17-206] Exiting Vivado at Fri Nov 22 20:35:02 2024...
