
*** Running vivado
    with args -log i2c_eerom_top.vds -m64 -product Vivado -mode batch -messageDb vivado.pb -notrace -source i2c_eerom_top.tcl


****** Vivado v2017.4 (64-bit)
  **** SW Build 2086221 on Fri Dec 15 20:55:39 MST 2017
  **** IP Build 2085800 on Fri Dec 15 22:25:07 MST 2017
    ** Copyright 1986-2017 Xilinx, Inc. All Rights Reserved.

source i2c_eerom_top.tcl -notrace
Command: synth_design -top i2c_eerom_top -part xc7z020clg400-2
Starting synth_design
Attempting to get a license for feature 'Synthesis' and/or device 'xc7z020'
INFO: [Common 17-349] Got license for feature 'Synthesis' and/or device 'xc7z020'
INFO: Launching helper process for spawning children vivado processes
INFO: Helper process launched with PID 18120 
WARNING: [Synth 8-976] data_h has already been declared [F:/FPGA/EEPROM/EEPROM.srcs/sources_1/new/i2c_eerom_top.v:68]
WARNING: [Synth 8-2654] second declaration of data_h ignored [F:/FPGA/EEPROM/EEPROM.srcs/sources_1/new/i2c_eerom_top.v:68]
INFO: [Synth 8-994] data_h is declared here [F:/FPGA/EEPROM/EEPROM.srcs/sources_1/new/i2c_eerom_top.v:35]
---------------------------------------------------------------------------------
Starting RTL Elaboration : Time (s): cpu = 00:00:03 ; elapsed = 00:00:04 . Memory (MB): peak = 399.148 ; gain = 109.062
---------------------------------------------------------------------------------
INFO: [Synth 8-638] synthesizing module 'i2c_eerom_top' [F:/FPGA/EEPROM/EEPROM.srcs/sources_1/new/i2c_eerom_top.v:23]
INFO: [Synth 8-638] synthesizing module 'ax_debounce' [F:/FPGA/EEPROM/EEPROM.srcs/sources_1/new/ax_debounce.v:23]
	Parameter N bound to: 32 - type: integer 
	Parameter FREQ bound to: 50 - type: integer 
	Parameter MAX_TIME bound to: 2 - type: integer 
	Parameter TIMER_MAX_VAL bound to: 100 - type: integer 
INFO: [Synth 8-256] done synthesizing module 'ax_debounce' (1#1) [F:/FPGA/EEPROM/EEPROM.srcs/sources_1/new/ax_debounce.v:23]
INFO: [Synth 8-638] synthesizing module 'i2c_rw_data' [F:/FPGA/EEPROM/EEPROM.srcs/sources_1/new/i2c_rw_data.v:23]
	Parameter I2C_SCL_FREQ bound to: 400000 - type: integer 
	Parameter INTERVAL_MS bound to: 5 - type: integer 
	Parameter START_INTERVAL bound to: 2000 - type: integer 
INFO: [Synth 8-638] synthesizing module 'accross_clock' [F:/FPGA/EEPROM/EEPROM.srcs/sources_1/new/accross_clock.v:23]
	Parameter SYS_CLK_FREQ bound to: 50000000 - type: integer 
	Parameter ACROSS_CLK_FREQ bound to: 400000 - type: integer 
	Parameter EXTEND_MULTIPLE bound to: 2 - type: integer 
	Parameter CNT_MAX bound to: 250 - type: integer 
INFO: [Synth 8-256] done synthesizing module 'accross_clock' (2#1) [F:/FPGA/EEPROM/EEPROM.srcs/sources_1/new/accross_clock.v:23]
INFO: [Synth 8-256] done synthesizing module 'i2c_rw_data' (3#1) [F:/FPGA/EEPROM/EEPROM.srcs/sources_1/new/i2c_rw_data.v:23]
INFO: [Synth 8-638] synthesizing module 'i2c_ctrl' [F:/FPGA/EEPROM/EEPROM.srcs/sources_1/new/i2c_ctrl.v:23]
	Parameter SYS_CLK_FREQ bound to: 50000000 - type: integer 
	Parameter I2C_SCL_FREQ bound to: 100000 - type: integer 
	Parameter DEVICE_ADDR bound to: 7'b1010000 
	Parameter CNT_CLK_MAX bound to: 62 - type: integer 
	Parameter IDLE bound to: 0 - type: integer 
	Parameter START bound to: 1 - type: integer 
	Parameter DEV_ADDR bound to: 2 - type: integer 
	Parameter ACK bound to: 3 - type: integer 
	Parameter DEV_DA_ADDR_H bound to: 4 - type: integer 
	Parameter DEV_DA_ADDR_L bound to: 5 - type: integer 
	Parameter DEV_DA_WRITE_READ bound to: 6 - type: integer 
	Parameter STOP bound to: 7 - type: integer 
	Parameter N_ACK bound to: 8 - type: integer 
INFO: [Synth 8-155] case statement is not full and has no default [F:/FPGA/EEPROM/EEPROM.srcs/sources_1/new/i2c_ctrl.v:142]
WARNING: [Synth 8-151] case item 32'b00000000000000000000000000000001 is unreachable [F:/FPGA/EEPROM/EEPROM.srcs/sources_1/new/i2c_ctrl.v:340]
INFO: [Synth 8-256] done synthesizing module 'i2c_ctrl' (4#1) [F:/FPGA/EEPROM/EEPROM.srcs/sources_1/new/i2c_ctrl.v:23]
INFO: [Synth 8-256] done synthesizing module 'i2c_eerom_top' (5#1) [F:/FPGA/EEPROM/EEPROM.srcs/sources_1/new/i2c_eerom_top.v:23]
---------------------------------------------------------------------------------
Finished RTL Elaboration : Time (s): cpu = 00:00:04 ; elapsed = 00:00:05 . Memory (MB): peak = 431.105 ; gain = 141.020
---------------------------------------------------------------------------------

Report Check Netlist: 
+------+------------------+-------+---------+-------+------------------+
|      |Item              |Errors |Warnings |Status |Description       |
+------+------------------+-------+---------+-------+------------------+
|1     |multi_driven_nets |      0|        0|Passed |Multi driven nets |
+------+------------------+-------+---------+-------+------------------+
---------------------------------------------------------------------------------
Finished RTL Optimization Phase 1 : Time (s): cpu = 00:00:04 ; elapsed = 00:00:05 . Memory (MB): peak = 431.105 ; gain = 141.020
---------------------------------------------------------------------------------
INFO: [Device 21-403] Loading part xc7z020clg400-2
INFO: [Project 1-570] Preparing netlist for logic optimization

Processing XDC Constraints
Initializing timing engine
Parsing XDC File [F:/FPGA/EEPROM/EEPROM.srcs/constrs_1/new/i2c_eerom.xdc]
Finished Parsing XDC File [F:/FPGA/EEPROM/EEPROM.srcs/constrs_1/new/i2c_eerom.xdc]
INFO: [Project 1-236] Implementation specific constraints were found while reading constraint file [F:/FPGA/EEPROM/EEPROM.srcs/constrs_1/new/i2c_eerom.xdc]. These constraints will be ignored for synthesis but will be used in implementation. Impacted constraints are listed in the file [.Xil/i2c_eerom_top_propImpl.xdc].
Resolution: To avoid this warning, move constraints listed in [.Xil/i2c_eerom_top_propImpl.xdc] to another XDC file and exclude this new file from synthesis with the used_in_synthesis property (File Properties dialog in GUI) and re-run elaboration/synthesis.
Completed Processing XDC Constraints

INFO: [Project 1-111] Unisim Transformation Summary:
No Unisim elements were transformed.

Constraint Validation Runtime : Time (s): cpu = 00:00:00 ; elapsed = 00:00:00 . Memory (MB): peak = 799.477 ; gain = 0.000
---------------------------------------------------------------------------------
Finished Constraint Validation : Time (s): cpu = 00:00:12 ; elapsed = 00:00:13 . Memory (MB): peak = 799.477 ; gain = 509.391
---------------------------------------------------------------------------------
---------------------------------------------------------------------------------
Start Loading Part and Timing Information
---------------------------------------------------------------------------------
Loading part: xc7z020clg400-2
---------------------------------------------------------------------------------
Finished Loading Part and Timing Information : Time (s): cpu = 00:00:12 ; elapsed = 00:00:13 . Memory (MB): peak = 799.477 ; gain = 509.391
---------------------------------------------------------------------------------
---------------------------------------------------------------------------------
Start Applying 'set_property' XDC Constraints
---------------------------------------------------------------------------------
---------------------------------------------------------------------------------
Finished applying 'set_property' XDC Constraints : Time (s): cpu = 00:00:12 ; elapsed = 00:00:13 . Memory (MB): peak = 799.477 ; gain = 509.391
---------------------------------------------------------------------------------
INFO: [Synth 8-5545] ROM "button_out" won't be mapped to RAM because address size (32) is larger than maximum supported(25)
INFO: [Synth 8-5546] ROM "signal_out" won't be mapped to RAM because it is too sparse
WARNING: [Synth 8-6014] Unused sequential element cnt_clk_reg was removed.  [F:/FPGA/EEPROM/EEPROM.srcs/sources_1/new/accross_clock.v:42]
INFO: [Synth 8-5546] ROM "i2c_start" won't be mapped to RAM because it is too sparse
WARNING: [Synth 8-6014] Unused sequential element wr_data_reg was removed.  [F:/FPGA/EEPROM/EEPROM.srcs/sources_1/new/i2c_rw_data.v:73]
WARNING: [Synth 8-6014] Unused sequential element byte_addr_reg was removed.  [F:/FPGA/EEPROM/EEPROM.srcs/sources_1/new/i2c_rw_data.v:83]
INFO: [Synth 8-5544] ROM "i2c_scl" won't be mapped to Block RAM because address size (2) smaller than threshold (5)
INFO: [Synth 8-5546] ROM "i2c_clk" won't be mapped to RAM because it is too sparse
INFO: [Synth 8-5544] ROM "state" won't be mapped to Block RAM because address size (2) smaller than threshold (5)
INFO: [Synth 8-5544] ROM "state" won't be mapped to Block RAM because address size (2) smaller than threshold (5)
INFO: [Synth 8-5544] ROM "cnt_ack" won't be mapped to Block RAM because address size (4) smaller than threshold (5)
INFO: [Synth 8-5544] ROM "cnt_bit" won't be mapped to Block RAM because address size (4) smaller than threshold (5)
INFO: [Synth 8-5544] ROM "sda_out" won't be mapped to Block RAM because address size (2) smaller than threshold (5)
INFO: [Synth 8-5544] ROM "rd_data" won't be mapped to Block RAM because address size (4) smaller than threshold (5)
---------------------------------------------------------------------------------
Finished RTL Optimization Phase 2 : Time (s): cpu = 00:00:13 ; elapsed = 00:00:14 . Memory (MB): peak = 799.477 ; gain = 509.391
---------------------------------------------------------------------------------

Report RTL Partitions: 
+-+--------------+------------+----------+
| |RTL Partition |Replication |Instances |
+-+--------------+------------+----------+
+-+--------------+------------+----------+
---------------------------------------------------------------------------------
Start RTL Component Statistics 
---------------------------------------------------------------------------------
Detailed RTL Component Info : 
+---Adders : 
	   2 Input     32 Bit       Adders := 2     
	   2 Input     20 Bit       Adders := 1     
	   2 Input      8 Bit       Adders := 4     
	   2 Input      3 Bit       Adders := 3     
	   2 Input      2 Bit       Adders := 1     
+---XORs : 
	   2 Input      1 Bit         XORs := 2     
+---Registers : 
	               32 Bit    Registers := 2     
	               20 Bit    Registers := 1     
	                8 Bit    Registers := 5     
	                4 Bit    Registers := 1     
	                3 Bit    Registers := 2     
	                2 Bit    Registers := 1     
	                1 Bit    Registers := 21    
+---Muxes : 
	   2 Input     32 Bit        Muxes := 4     
	   2 Input     20 Bit        Muxes := 2     
	   2 Input      8 Bit        Muxes := 4     
	   3 Input      8 Bit        Muxes := 1     
	   3 Input      4 Bit        Muxes := 1     
	   2 Input      4 Bit        Muxes := 1     
	   2 Input      3 Bit        Muxes := 8     
	   2 Input      2 Bit        Muxes := 3     
	   5 Input      2 Bit        Muxes := 1     
	   2 Input      1 Bit        Muxes := 20    
	   3 Input      1 Bit        Muxes := 3     
	  10 Input      1 Bit        Muxes := 2     
	   4 Input      1 Bit        Muxes := 1     
---------------------------------------------------------------------------------
Finished RTL Component Statistics 
---------------------------------------------------------------------------------
---------------------------------------------------------------------------------
Start RTL Hierarchical Component Statistics 
---------------------------------------------------------------------------------
Hierarchical RTL Component report 
Module ax_debounce 
Detailed RTL Component Info : 
+---Adders : 
	   2 Input     32 Bit       Adders := 1     
+---XORs : 
	   2 Input      1 Bit         XORs := 1     
+---Registers : 
	               32 Bit    Registers := 1     
	                1 Bit    Registers := 6     
+---Muxes : 
	   2 Input     32 Bit        Muxes := 2     
	   2 Input      1 Bit        Muxes := 3     
Module accross_clock 
Detailed RTL Component Info : 
+---Adders : 
	   2 Input      8 Bit       Adders := 1     
+---Registers : 
	                8 Bit    Registers := 1     
	                1 Bit    Registers := 1     
+---Muxes : 
	   2 Input      8 Bit        Muxes := 1     
	   3 Input      1 Bit        Muxes := 1     
Module i2c_rw_data 
Detailed RTL Component Info : 
+---Adders : 
	   2 Input     20 Bit       Adders := 1     
	   2 Input      8 Bit       Adders := 1     
+---Registers : 
	               20 Bit    Registers := 1     
	                8 Bit    Registers := 1     
	                1 Bit    Registers := 3     
+---Muxes : 
	   2 Input     20 Bit        Muxes := 2     
	   2 Input      1 Bit        Muxes := 3     
Module i2c_ctrl 
Detailed RTL Component Info : 
+---Adders : 
	   2 Input      8 Bit       Adders := 1     
	   2 Input      3 Bit       Adders := 3     
	   2 Input      2 Bit       Adders := 1     
+---Registers : 
	                8 Bit    Registers := 2     
	                4 Bit    Registers := 1     
	                3 Bit    Registers := 2     
	                2 Bit    Registers := 1     
	                1 Bit    Registers := 4     
+---Muxes : 
	   2 Input      8 Bit        Muxes := 2     
	   3 Input      8 Bit        Muxes := 1     
	   3 Input      4 Bit        Muxes := 1     
	   2 Input      4 Bit        Muxes := 1     
	   2 Input      3 Bit        Muxes := 8     
	   2 Input      2 Bit        Muxes := 3     
	   5 Input      2 Bit        Muxes := 1     
	   2 Input      1 Bit        Muxes := 11    
	  10 Input      1 Bit        Muxes := 2     
	   3 Input      1 Bit        Muxes := 1     
	   4 Input      1 Bit        Muxes := 1     
---------------------------------------------------------------------------------
Finished RTL Hierarchical Component Statistics
---------------------------------------------------------------------------------
---------------------------------------------------------------------------------
Start Part Resource Summary
---------------------------------------------------------------------------------
Part Resources:
DSPs: 220 (col length:60)
BRAMs: 280 (col length: RAMB18 60 RAMB36 30)
---------------------------------------------------------------------------------
Finished Part Resource Summary
---------------------------------------------------------------------------------
---------------------------------------------------------------------------------
Start Cross Boundary and Area Optimization
---------------------------------------------------------------------------------
WARNING: [Synth 8-6014] Unused sequential element read_key/button_negedge_reg was removed.  [F:/FPGA/EEPROM/EEPROM.srcs/sources_1/new/ax_debounce.v:100]
WARNING: [Synth 8-6014] Unused sequential element write_key/button_negedge_reg was removed.  [F:/FPGA/EEPROM/EEPROM.srcs/sources_1/new/ax_debounce.v:100]
INFO: [Synth 8-5545] ROM "read_key/button_out" won't be mapped to RAM because address size (32) is larger than maximum supported(25)
INFO: [Synth 8-5545] ROM "write_key/button_out" won't be mapped to RAM because address size (32) is larger than maximum supported(25)
INFO: [Synth 8-5546] ROM "i2c_rw_data/i2c_start" won't be mapped to RAM because it is too sparse
INFO: [Synth 8-5546] ROM "i2c_ctrl/i2c_clk" won't be mapped to RAM because it is too sparse
WARNING: [Synth 8-6014] Unused sequential element i2c_rw_data/accross_clock_read/cnt_clk_reg was removed.  [F:/FPGA/EEPROM/EEPROM.srcs/sources_1/new/accross_clock.v:42]
WARNING: [Synth 8-6014] Unused sequential element i2c_rw_data/accross_clock_write/cnt_clk_reg was removed.  [F:/FPGA/EEPROM/EEPROM.srcs/sources_1/new/accross_clock.v:42]
WARNING: [Synth 8-6014] Unused sequential element i2c_rw_data/byte_addr_reg was removed.  [F:/FPGA/EEPROM/EEPROM.srcs/sources_1/new/i2c_rw_data.v:83]
WARNING: [Synth 8-6014] Unused sequential element i2c_rw_data/wr_data_reg was removed.  [F:/FPGA/EEPROM/EEPROM.srcs/sources_1/new/i2c_rw_data.v:73]
WARNING: [Synth 8-3332] Sequential element (i2c_ctrl/rd_data_reg[7]) is unused and will be removed from module i2c_eerom_top.
WARNING: [Synth 8-3332] Sequential element (i2c_ctrl/rd_data_reg[6]) is unused and will be removed from module i2c_eerom_top.
WARNING: [Synth 8-3332] Sequential element (i2c_ctrl/rd_data_reg[5]) is unused and will be removed from module i2c_eerom_top.
WARNING: [Synth 8-3332] Sequential element (i2c_ctrl/rd_data_reg[4]) is unused and will be removed from module i2c_eerom_top.
---------------------------------------------------------------------------------
Finished Cross Boundary and Area Optimization : Time (s): cpu = 00:00:14 ; elapsed = 00:00:15 . Memory (MB): peak = 799.477 ; gain = 509.391
---------------------------------------------------------------------------------

Report RTL Partitions: 
+-+--------------+------------+----------+
| |RTL Partition |Replication |Instances |
+-+--------------+------------+----------+
+-+--------------+------------+----------+
---------------------------------------------------------------------------------
Start Applying XDC Timing Constraints
---------------------------------------------------------------------------------
---------------------------------------------------------------------------------
Finished Applying XDC Timing Constraints : Time (s): cpu = 00:00:20 ; elapsed = 00:00:22 . Memory (MB): peak = 799.477 ; gain = 509.391
---------------------------------------------------------------------------------
---------------------------------------------------------------------------------
Start Timing Optimization
---------------------------------------------------------------------------------
---------------------------------------------------------------------------------
Finished Timing Optimization : Time (s): cpu = 00:00:20 ; elapsed = 00:00:22 . Memory (MB): peak = 799.676 ; gain = 509.590
---------------------------------------------------------------------------------

Report RTL Partitions: 
+-+--------------+------------+----------+
| |RTL Partition |Replication |Instances |
+-+--------------+------------+----------+
+-+--------------+------------+----------+
---------------------------------------------------------------------------------
Start Technology Mapping
---------------------------------------------------------------------------------
---------------------------------------------------------------------------------
Finished Technology Mapping : Time (s): cpu = 00:00:21 ; elapsed = 00:00:22 . Memory (MB): peak = 821.723 ; gain = 531.637
---------------------------------------------------------------------------------

Report RTL Partitions: 
+-+--------------+------------+----------+
| |RTL Partition |Replication |Instances |
+-+--------------+------------+----------+
+-+--------------+------------+----------+
---------------------------------------------------------------------------------
Start IO Insertion
---------------------------------------------------------------------------------
---------------------------------------------------------------------------------
Start Flattening Before IO Insertion
---------------------------------------------------------------------------------
---------------------------------------------------------------------------------
Finished Flattening Before IO Insertion
---------------------------------------------------------------------------------
---------------------------------------------------------------------------------
Start Final Netlist Cleanup
---------------------------------------------------------------------------------
---------------------------------------------------------------------------------
Finished Final Netlist Cleanup
---------------------------------------------------------------------------------
---------------------------------------------------------------------------------
Finished IO Insertion : Time (s): cpu = 00:00:21 ; elapsed = 00:00:22 . Memory (MB): peak = 821.723 ; gain = 531.637
---------------------------------------------------------------------------------

Report Check Netlist: 
+------+------------------+-------+---------+-------+------------------+
|      |Item              |Errors |Warnings |Status |Description       |
+------+------------------+-------+---------+-------+------------------+
|1     |multi_driven_nets |      0|        0|Passed |Multi driven nets |
+------+------------------+-------+---------+-------+------------------+
---------------------------------------------------------------------------------
Start Renaming Generated Instances
---------------------------------------------------------------------------------
---------------------------------------------------------------------------------
Finished Renaming Generated Instances : Time (s): cpu = 00:00:21 ; elapsed = 00:00:22 . Memory (MB): peak = 821.723 ; gain = 531.637
---------------------------------------------------------------------------------

Report RTL Partitions: 
+-+--------------+------------+----------+
| |RTL Partition |Replication |Instances |
+-+--------------+------------+----------+
+-+--------------+------------+----------+
---------------------------------------------------------------------------------
Start Rebuilding User Hierarchy
---------------------------------------------------------------------------------
---------------------------------------------------------------------------------
Finished Rebuilding User Hierarchy : Time (s): cpu = 00:00:21 ; elapsed = 00:00:22 . Memory (MB): peak = 821.723 ; gain = 531.637
---------------------------------------------------------------------------------
---------------------------------------------------------------------------------
Start Renaming Generated Ports
---------------------------------------------------------------------------------
---------------------------------------------------------------------------------
Finished Renaming Generated Ports : Time (s): cpu = 00:00:21 ; elapsed = 00:00:22 . Memory (MB): peak = 821.723 ; gain = 531.637
---------------------------------------------------------------------------------
---------------------------------------------------------------------------------
Start Handling Custom Attributes
---------------------------------------------------------------------------------
---------------------------------------------------------------------------------
Finished Handling Custom Attributes : Time (s): cpu = 00:00:21 ; elapsed = 00:00:22 . Memory (MB): peak = 821.723 ; gain = 531.637
---------------------------------------------------------------------------------
---------------------------------------------------------------------------------
Start Renaming Generated Nets
---------------------------------------------------------------------------------
---------------------------------------------------------------------------------
Finished Renaming Generated Nets : Time (s): cpu = 00:00:21 ; elapsed = 00:00:22 . Memory (MB): peak = 821.723 ; gain = 531.637
---------------------------------------------------------------------------------
---------------------------------------------------------------------------------
Start Writing Synthesis Report
---------------------------------------------------------------------------------

Report BlackBoxes: 
+-+--------------+----------+
| |BlackBox name |Instances |
+-+--------------+----------+
+-+--------------+----------+

Report Cell Usage: 
+------+-------+------+
|      |Cell   |Count |
+------+-------+------+
|1     |BUFG   |     2|
|2     |CARRY4 |    25|
|3     |LUT1   |     6|
|4     |LUT2   |    14|
|5     |LUT3   |    80|
|6     |LUT4   |    47|
|7     |LUT5   |    21|
|8     |LUT6   |    71|
|9     |MUXF7  |     2|
|10    |MUXF8  |     1|
|11    |FDCE   |   159|
|12    |FDPE   |     8|
|13    |IBUF   |     4|
|14    |IOBUF  |     1|
|15    |OBUF   |     5|
+------+-------+------+

Report Instance Areas: 
+------+------------------------+----------------+------+
|      |Instance                |Module          |Cells |
+------+------------------------+----------------+------+
|1     |top                     |                |   446|
|2     |  i2c_ctrl              |i2c_ctrl        |    97|
|3     |  i2c_rw_data           |i2c_rw_data     |   153|
|4     |    accross_clock_read  |accross_clock   |    24|
|5     |    accross_clock_write |accross_clock_1 |    25|
|6     |  read_key              |ax_debounce     |    92|
|7     |  write_key             |ax_debounce_0   |    92|
+------+------------------------+----------------+------+
---------------------------------------------------------------------------------
Finished Writing Synthesis Report : Time (s): cpu = 00:00:21 ; elapsed = 00:00:22 . Memory (MB): peak = 821.723 ; gain = 531.637
---------------------------------------------------------------------------------
Synthesis finished with 0 errors, 0 critical warnings and 13 warnings.
Synthesis Optimization Runtime : Time (s): cpu = 00:00:12 ; elapsed = 00:00:18 . Memory (MB): peak = 821.723 ; gain = 163.266
Synthesis Optimization Complete : Time (s): cpu = 00:00:21 ; elapsed = 00:00:23 . Memory (MB): peak = 821.723 ; gain = 531.637
INFO: [Project 1-571] Translating synthesized netlist
INFO: [Netlist 29-17] Analyzing 33 Unisim elements for replacement
INFO: [Netlist 29-28] Unisim Transformation completed in 0 CPU seconds
INFO: [Project 1-570] Preparing netlist for logic optimization
INFO: [Opt 31-138] Pushed 0 inverter(s) to 0 load pin(s).
INFO: [Project 1-111] Unisim Transformation Summary:
  A total of 1 instances were transformed.
  IOBUF => IOBUF (IBUF, OBUFT): 1 instances

INFO: [Common 17-83] Releasing license: Synthesis
39 Infos, 16 Warnings, 0 Critical Warnings and 0 Errors encountered.
synth_design completed successfully
synth_design: Time (s): cpu = 00:00:23 ; elapsed = 00:00:25 . Memory (MB): peak = 821.723 ; gain = 544.434
INFO: [Common 17-1381] The checkpoint 'F:/FPGA/EEPROM/EEPROM.runs/synth_1/i2c_eerom_top.dcp' has been generated.
INFO: [runtcl-4] Executing : report_utilization -file i2c_eerom_top_utilization_synth.rpt -pb i2c_eerom_top_utilization_synth.pb
report_utilization: Time (s): cpu = 00:00:00 ; elapsed = 00:00:00.026 . Memory (MB): peak = 821.723 ; gain = 0.000
INFO: [Common 17-206] Exiting Vivado at Thu Nov 21 16:27:32 2024...

*** Running vivado
    with args -log i2c_eerom_top.vds -m64 -product Vivado -mode batch -messageDb vivado.pb -notrace -source i2c_eerom_top.tcl


****** Vivado v2017.4 (64-bit)
  **** SW Build 2086221 on Fri Dec 15 20:55:39 MST 2017
  **** IP Build 2085800 on Fri Dec 15 22:25:07 MST 2017
    ** Copyright 1986-2017 Xilinx, Inc. All Rights Reserved.

source i2c_eerom_top.tcl -notrace
Command: synth_design -top i2c_eerom_top -part xc7z020clg400-2
Starting synth_design
Attempting to get a license for feature 'Synthesis' and/or device 'xc7z020'
INFO: [Common 17-349] Got license for feature 'Synthesis' and/or device 'xc7z020'
INFO: Launching helper process for spawning children vivado processes
INFO: Helper process launched with PID 10792 
WARNING: [Synth 8-992] wr_en is already implicitly declared earlier [F:/FPGA/EEPROM/EEPROM.srcs/sources_1/new/i2c_eerom_top.v:51]
---------------------------------------------------------------------------------
Starting RTL Elaboration : Time (s): cpu = 00:00:04 ; elapsed = 00:00:04 . Memory (MB): peak = 439.547 ; gain = 107.977
---------------------------------------------------------------------------------
INFO: [Synth 8-638] synthesizing module 'i2c_eerom_top' [F:/FPGA/EEPROM/EEPROM.srcs/sources_1/new/i2c_eerom_top.v:23]
WARNING: [Synth 8-4446] all outputs are unconnected for this instance and logic may be removed [F:/FPGA/EEPROM/EEPROM.srcs/sources_1/new/i2c_eerom_top.v:36]
INFO: [Synth 8-638] synthesizing module 'ila_0' [F:/FPGA/EEPROM/EEPROM.runs/synth_1/.Xil/Vivado-2320-LAPTOP-8FN33LQG/realtime/ila_0_stub.v:6]
INFO: [Synth 8-256] done synthesizing module 'ila_0' (1#1) [F:/FPGA/EEPROM/EEPROM.runs/synth_1/.Xil/Vivado-2320-LAPTOP-8FN33LQG/realtime/ila_0_stub.v:6]
INFO: [Synth 8-638] synthesizing module 'ax_debounce' [F:/FPGA/EEPROM/EEPROM.srcs/sources_1/new/ax_debounce.v:23]
	Parameter N bound to: 32 - type: integer 
	Parameter FREQ bound to: 50 - type: integer 
	Parameter MAX_TIME bound to: 2 - type: integer 
	Parameter TIMER_MAX_VAL bound to: 100 - type: integer 
INFO: [Synth 8-256] done synthesizing module 'ax_debounce' (2#1) [F:/FPGA/EEPROM/EEPROM.srcs/sources_1/new/ax_debounce.v:23]
INFO: [Synth 8-638] synthesizing module 'i2c_rw_data' [F:/FPGA/EEPROM/EEPROM.srcs/sources_1/new/i2c_rw_data.v:23]
	Parameter I2C_SCL_FREQ bound to: 400000 - type: integer 
	Parameter INTERVAL_MS bound to: 5 - type: integer 
	Parameter START_INTERVAL bound to: 2000 - type: integer 
INFO: [Synth 8-638] synthesizing module 'accross_clock' [F:/FPGA/EEPROM/EEPROM.srcs/sources_1/new/accross_clock.v:23]
	Parameter SYS_CLK_FREQ bound to: 50000000 - type: integer 
	Parameter ACROSS_CLK_FREQ bound to: 400000 - type: integer 
	Parameter EXTEND_MULTIPLE bound to: 2 - type: integer 
	Parameter CNT_MAX bound to: 250 - type: integer 
INFO: [Synth 8-256] done synthesizing module 'accross_clock' (3#1) [F:/FPGA/EEPROM/EEPROM.srcs/sources_1/new/accross_clock.v:23]
INFO: [Synth 8-256] done synthesizing module 'i2c_rw_data' (4#1) [F:/FPGA/EEPROM/EEPROM.srcs/sources_1/new/i2c_rw_data.v:23]
INFO: [Synth 8-638] synthesizing module 'i2c_ctrl' [F:/FPGA/EEPROM/EEPROM.srcs/sources_1/new/i2c_ctrl.v:23]
	Parameter SYS_CLK_FREQ bound to: 50000000 - type: integer 
	Parameter I2C_SCL_FREQ bound to: 100000 - type: integer 
	Parameter DEVICE_ADDR bound to: 7'b1010000 
	Parameter CNT_CLK_MAX bound to: 62 - type: integer 
	Parameter IDLE bound to: 0 - type: integer 
	Parameter START bound to: 1 - type: integer 
	Parameter DEV_ADDR bound to: 2 - type: integer 
	Parameter ACK bound to: 3 - type: integer 
	Parameter DEV_DA_ADDR_H bound to: 4 - type: integer 
	Parameter DEV_DA_ADDR_L bound to: 5 - type: integer 
	Parameter DEV_DA_WRITE_READ bound to: 6 - type: integer 
	Parameter STOP bound to: 7 - type: integer 
	Parameter N_ACK bound to: 8 - type: integer 
INFO: [Synth 8-155] case statement is not full and has no default [F:/FPGA/EEPROM/EEPROM.srcs/sources_1/new/i2c_ctrl.v:142]
WARNING: [Synth 8-151] case item 32'b00000000000000000000000000000001 is unreachable [F:/FPGA/EEPROM/EEPROM.srcs/sources_1/new/i2c_ctrl.v:340]
WARNING: [Synth 8-4446] all outputs are unconnected for this instance and logic may be removed [F:/FPGA/EEPROM/EEPROM.srcs/sources_1/new/i2c_ctrl.v:397]
INFO: [Synth 8-6071] Mark debug on the nets applies keep_hierarchy on instance 'ila'. This will prevent further optimization [F:/FPGA/EEPROM/EEPROM.srcs/sources_1/new/i2c_ctrl.v:397]
INFO: [Synth 8-256] done synthesizing module 'i2c_ctrl' (5#1) [F:/FPGA/EEPROM/EEPROM.srcs/sources_1/new/i2c_ctrl.v:23]
INFO: [Synth 8-6071] Mark debug on the nets applies keep_hierarchy on instance 'write_key'. This will prevent further optimization [F:/FPGA/EEPROM/EEPROM.srcs/sources_1/new/i2c_eerom_top.v:68]
INFO: [Synth 8-6071] Mark debug on the nets applies keep_hierarchy on instance 'ila_top'. This will prevent further optimization [F:/FPGA/EEPROM/EEPROM.srcs/sources_1/new/i2c_eerom_top.v:36]
INFO: [Synth 8-6071] Mark debug on the nets applies keep_hierarchy on instance 'read_key'. This will prevent further optimization [F:/FPGA/EEPROM/EEPROM.srcs/sources_1/new/i2c_eerom_top.v:59]
INFO: [Synth 8-6071] Mark debug on the nets applies keep_hierarchy on instance 'i2c_rw_data'. This will prevent further optimization [F:/FPGA/EEPROM/EEPROM.srcs/sources_1/new/i2c_eerom_top.v:79]
INFO: [Synth 8-256] done synthesizing module 'i2c_eerom_top' (6#1) [F:/FPGA/EEPROM/EEPROM.srcs/sources_1/new/i2c_eerom_top.v:23]
---------------------------------------------------------------------------------
Finished RTL Elaboration : Time (s): cpu = 00:00:05 ; elapsed = 00:00:05 . Memory (MB): peak = 471.887 ; gain = 140.316
---------------------------------------------------------------------------------

Report Check Netlist: 
+------+------------------+-------+---------+-------+------------------+
|      |Item              |Errors |Warnings |Status |Description       |
+------+------------------+-------+---------+-------+------------------+
|1     |multi_driven_nets |      0|        0|Passed |Multi driven nets |
+------+------------------+-------+---------+-------+------------------+
---------------------------------------------------------------------------------
Finished RTL Optimization Phase 1 : Time (s): cpu = 00:00:05 ; elapsed = 00:00:05 . Memory (MB): peak = 471.887 ; gain = 140.316
---------------------------------------------------------------------------------
INFO: [Device 21-403] Loading part xc7z020clg400-2
INFO: [Project 1-570] Preparing netlist for logic optimization

Processing XDC Constraints
Initializing timing engine
Parsing XDC File [F:/FPGA/EEPROM/EEPROM.runs/synth_1/.Xil/Vivado-2320-LAPTOP-8FN33LQG/dcp1/ila_0_in_context.xdc] for cell 'i2c_ctrl/ila'
Finished Parsing XDC File [F:/FPGA/EEPROM/EEPROM.runs/synth_1/.Xil/Vivado-2320-LAPTOP-8FN33LQG/dcp1/ila_0_in_context.xdc] for cell 'i2c_ctrl/ila'
Parsing XDC File [F:/FPGA/EEPROM/EEPROM.runs/synth_1/.Xil/Vivado-2320-LAPTOP-8FN33LQG/dcp1/ila_0_in_context.xdc] for cell 'ila_top'
Finished Parsing XDC File [F:/FPGA/EEPROM/EEPROM.runs/synth_1/.Xil/Vivado-2320-LAPTOP-8FN33LQG/dcp1/ila_0_in_context.xdc] for cell 'ila_top'
Parsing XDC File [F:/FPGA/EEPROM/EEPROM.srcs/constrs_1/new/i2c_eerom.xdc]
Finished Parsing XDC File [F:/FPGA/EEPROM/EEPROM.srcs/constrs_1/new/i2c_eerom.xdc]
INFO: [Project 1-236] Implementation specific constraints were found while reading constraint file [F:/FPGA/EEPROM/EEPROM.srcs/constrs_1/new/i2c_eerom.xdc]. These constraints will be ignored for synthesis but will be used in implementation. Impacted constraints are listed in the file [.Xil/i2c_eerom_top_propImpl.xdc].
Resolution: To avoid this warning, move constraints listed in [.Xil/i2c_eerom_top_propImpl.xdc] to another XDC file and exclude this new file from synthesis with the used_in_synthesis property (File Properties dialog in GUI) and re-run elaboration/synthesis.
Completed Processing XDC Constraints

INFO: [Project 1-111] Unisim Transformation Summary:
No Unisim elements were transformed.

Constraint Validation Runtime : Time (s): cpu = 00:00:00 ; elapsed = 00:00:00.002 . Memory (MB): peak = 838.191 ; gain = 0.000
---------------------------------------------------------------------------------
Finished Constraint Validation : Time (s): cpu = 00:00:13 ; elapsed = 00:00:14 . Memory (MB): peak = 838.191 ; gain = 506.621
---------------------------------------------------------------------------------
---------------------------------------------------------------------------------
Start Loading Part and Timing Information
---------------------------------------------------------------------------------
Loading part: xc7z020clg400-2
---------------------------------------------------------------------------------
Finished Loading Part and Timing Information : Time (s): cpu = 00:00:13 ; elapsed = 00:00:14 . Memory (MB): peak = 838.191 ; gain = 506.621
---------------------------------------------------------------------------------
---------------------------------------------------------------------------------
Start Applying 'set_property' XDC Constraints
---------------------------------------------------------------------------------
Applied set_property DONT_TOUCH = true for i2c_ctrl/ila. (constraint file  auto generated constraint, line ).
Applied set_property DONT_TOUCH = true for ila_top. (constraint file  auto generated constraint, line ).
---------------------------------------------------------------------------------
Finished applying 'set_property' XDC Constraints : Time (s): cpu = 00:00:13 ; elapsed = 00:00:14 . Memory (MB): peak = 838.191 ; gain = 506.621
---------------------------------------------------------------------------------
INFO: [Synth 8-5545] ROM "button_out" won't be mapped to RAM because address size (32) is larger than maximum supported(25)
INFO: [Synth 8-5546] ROM "signal_out" won't be mapped to RAM because it is too sparse
WARNING: [Synth 8-6014] Unused sequential element cnt_clk_reg was removed.  [F:/FPGA/EEPROM/EEPROM.srcs/sources_1/new/accross_clock.v:42]
INFO: [Synth 8-5546] ROM "i2c_start" won't be mapped to RAM because it is too sparse
WARNING: [Synth 8-6014] Unused sequential element wr_data_reg was removed.  [F:/FPGA/EEPROM/EEPROM.srcs/sources_1/new/i2c_rw_data.v:73]
WARNING: [Synth 8-6014] Unused sequential element byte_addr_reg was removed.  [F:/FPGA/EEPROM/EEPROM.srcs/sources_1/new/i2c_rw_data.v:83]
INFO: [Synth 8-5546] ROM "i2c_clk" won't be mapped to RAM because it is too sparse
INFO: [Synth 8-5544] ROM "state" won't be mapped to Block RAM because address size (2) smaller than threshold (5)
INFO: [Synth 8-5544] ROM "state" won't be mapped to Block RAM because address size (2) smaller than threshold (5)
INFO: [Synth 8-5544] ROM "cnt_ack" won't be mapped to Block RAM because address size (4) smaller than threshold (5)
INFO: [Synth 8-5544] ROM "cnt_bit" won't be mapped to Block RAM because address size (4) smaller than threshold (5)
INFO: [Synth 8-5544] ROM "sda_out" won't be mapped to Block RAM because address size (2) smaller than threshold (5)
INFO: [Synth 8-5544] ROM "i2c_scl" won't be mapped to Block RAM because address size (2) smaller than threshold (5)
INFO: [Synth 8-5544] ROM "rd_data" won't be mapped to Block RAM because address size (4) smaller than threshold (5)
---------------------------------------------------------------------------------
Finished RTL Optimization Phase 2 : Time (s): cpu = 00:00:13 ; elapsed = 00:00:14 . Memory (MB): peak = 838.191 ; gain = 506.621
---------------------------------------------------------------------------------

Report RTL Partitions: 
+-+--------------+------------+----------+
| |RTL Partition |Replication |Instances |
+-+--------------+------------+----------+
+-+--------------+------------+----------+
---------------------------------------------------------------------------------
Start RTL Component Statistics 
---------------------------------------------------------------------------------
Detailed RTL Component Info : 
+---Adders : 
	   2 Input     32 Bit       Adders := 2     
	   2 Input     20 Bit       Adders := 1     
	   2 Input      8 Bit       Adders := 4     
	   2 Input      3 Bit       Adders := 3     
	   2 Input      2 Bit       Adders := 1     
+---XORs : 
	   2 Input      1 Bit         XORs := 2     
+---Registers : 
	               32 Bit    Registers := 2     
	               20 Bit    Registers := 1     
	                8 Bit    Registers := 6     
	                4 Bit    Registers := 1     
	                3 Bit    Registers := 2     
	                2 Bit    Registers := 1     
	                1 Bit    Registers := 21    
+---Muxes : 
	   2 Input     32 Bit        Muxes := 4     
	   2 Input     20 Bit        Muxes := 2     
	   2 Input      8 Bit        Muxes := 4     
	   3 Input      8 Bit        Muxes := 1     
	   3 Input      4 Bit        Muxes := 1     
	   2 Input      4 Bit        Muxes := 1     
	   2 Input      3 Bit        Muxes := 8     
	   2 Input      2 Bit        Muxes := 3     
	   5 Input      2 Bit        Muxes := 1     
	   2 Input      1 Bit        Muxes := 20    
	   3 Input      1 Bit        Muxes := 3     
	  10 Input      1 Bit        Muxes := 2     
	   4 Input      1 Bit        Muxes := 1     
---------------------------------------------------------------------------------
Finished RTL Component Statistics 
---------------------------------------------------------------------------------
---------------------------------------------------------------------------------
Start RTL Hierarchical Component Statistics 
---------------------------------------------------------------------------------
Hierarchical RTL Component report 
Module ax_debounce 
Detailed RTL Component Info : 
+---Adders : 
	   2 Input     32 Bit       Adders := 1     
+---XORs : 
	   2 Input      1 Bit         XORs := 1     
+---Registers : 
	               32 Bit    Registers := 1     
	                1 Bit    Registers := 6     
+---Muxes : 
	   2 Input     32 Bit        Muxes := 2     
	   2 Input      1 Bit        Muxes := 3     
Module accross_clock 
Detailed RTL Component Info : 
+---Adders : 
	   2 Input      8 Bit       Adders := 1     
+---Registers : 
	                8 Bit    Registers := 1     
	                1 Bit    Registers := 1     
+---Muxes : 
	   2 Input      8 Bit        Muxes := 1     
	   3 Input      1 Bit        Muxes := 1     
Module i2c_rw_data 
Detailed RTL Component Info : 
+---Adders : 
	   2 Input     20 Bit       Adders := 1     
	   2 Input      8 Bit       Adders := 1     
+---Registers : 
	               20 Bit    Registers := 1     
	                8 Bit    Registers := 2     
	                1 Bit    Registers := 3     
+---Muxes : 
	   2 Input     20 Bit        Muxes := 2     
	   2 Input      1 Bit        Muxes := 3     
Module i2c_ctrl 
Detailed RTL Component Info : 
+---Adders : 
	   2 Input      8 Bit       Adders := 1     
	   2 Input      3 Bit       Adders := 3     
	   2 Input      2 Bit       Adders := 1     
+---Registers : 
	                8 Bit    Registers := 2     
	                4 Bit    Registers := 1     
	                3 Bit    Registers := 2     
	                2 Bit    Registers := 1     
	                1 Bit    Registers := 4     
+---Muxes : 
	   2 Input      8 Bit        Muxes := 2     
	   3 Input      8 Bit        Muxes := 1     
	   3 Input      4 Bit        Muxes := 1     
	   2 Input      4 Bit        Muxes := 1     
	   2 Input      3 Bit        Muxes := 8     
	   2 Input      2 Bit        Muxes := 3     
	   5 Input      2 Bit        Muxes := 1     
	  10 Input      1 Bit        Muxes := 2     
	   2 Input      1 Bit        Muxes := 11    
	   3 Input      1 Bit        Muxes := 1     
	   4 Input      1 Bit        Muxes := 1     
---------------------------------------------------------------------------------
Finished RTL Hierarchical Component Statistics
---------------------------------------------------------------------------------
---------------------------------------------------------------------------------
Start Part Resource Summary
---------------------------------------------------------------------------------
Part Resources:
DSPs: 220 (col length:60)
BRAMs: 280 (col length: RAMB18 60 RAMB36 30)
---------------------------------------------------------------------------------
Finished Part Resource Summary
---------------------------------------------------------------------------------
---------------------------------------------------------------------------------
Start Cross Boundary and Area Optimization
---------------------------------------------------------------------------------
INFO: [Synth 8-5545] ROM "button_out" won't be mapped to RAM because address size (32) is larger than maximum supported(25)
INFO: [Synth 8-5545] ROM "button_out" won't be mapped to RAM because address size (32) is larger than maximum supported(25)
INFO: [Synth 8-5546] ROM "i2c_start" won't be mapped to RAM because it is too sparse
WARNING: [Synth 8-6014] Unused sequential element accross_clock_read/cnt_clk_reg was removed.  [F:/FPGA/EEPROM/EEPROM.srcs/sources_1/new/accross_clock.v:42]
WARNING: [Synth 8-6014] Unused sequential element accross_clock_write/cnt_clk_reg was removed.  [F:/FPGA/EEPROM/EEPROM.srcs/sources_1/new/accross_clock.v:42]
WARNING: [Synth 8-6014] Unused sequential element byte_addr_reg was removed.  [F:/FPGA/EEPROM/EEPROM.srcs/sources_1/new/i2c_rw_data.v:83]
WARNING: [Synth 8-6014] Unused sequential element wr_data_reg was removed.  [F:/FPGA/EEPROM/EEPROM.srcs/sources_1/new/i2c_rw_data.v:73]
INFO: [Synth 8-5546] ROM "i2c_clk" won't be mapped to RAM because it is too sparse
---------------------------------------------------------------------------------
Finished Cross Boundary and Area Optimization : Time (s): cpu = 00:00:15 ; elapsed = 00:00:15 . Memory (MB): peak = 838.191 ; gain = 506.621
---------------------------------------------------------------------------------

Report RTL Partitions: 
+-+--------------+------------+----------+
| |RTL Partition |Replication |Instances |
+-+--------------+------------+----------+
+-+--------------+------------+----------+
---------------------------------------------------------------------------------
Start Applying XDC Timing Constraints
---------------------------------------------------------------------------------
---------------------------------------------------------------------------------
Finished Applying XDC Timing Constraints : Time (s): cpu = 00:00:21 ; elapsed = 00:00:22 . Memory (MB): peak = 838.363 ; gain = 506.793
---------------------------------------------------------------------------------
---------------------------------------------------------------------------------
Start Timing Optimization
---------------------------------------------------------------------------------
---------------------------------------------------------------------------------
Finished Timing Optimization : Time (s): cpu = 00:00:21 ; elapsed = 00:00:22 . Memory (MB): peak = 838.438 ; gain = 506.867
---------------------------------------------------------------------------------

Report RTL Partitions: 
+-+--------------+------------+----------+
| |RTL Partition |Replication |Instances |
+-+--------------+------------+----------+
+-+--------------+------------+----------+
---------------------------------------------------------------------------------
Start Technology Mapping
---------------------------------------------------------------------------------
---------------------------------------------------------------------------------
Finished Technology Mapping : Time (s): cpu = 00:00:21 ; elapsed = 00:00:22 . Memory (MB): peak = 858.660 ; gain = 527.090
---------------------------------------------------------------------------------

Report RTL Partitions: 
+-+--------------+------------+----------+
| |RTL Partition |Replication |Instances |
+-+--------------+------------+----------+
+-+--------------+------------+----------+
---------------------------------------------------------------------------------
Start IO Insertion
---------------------------------------------------------------------------------
---------------------------------------------------------------------------------
Start Flattening Before IO Insertion
---------------------------------------------------------------------------------
---------------------------------------------------------------------------------
Finished Flattening Before IO Insertion
---------------------------------------------------------------------------------
---------------------------------------------------------------------------------
Start Final Netlist Cleanup
---------------------------------------------------------------------------------
---------------------------------------------------------------------------------
Finished Final Netlist Cleanup
---------------------------------------------------------------------------------
WARNING: [Synth 8-5396] Clock pin C has keep related attribute (keep/mark_debug/dont_touch) which could create extra logic on its net [F:/FPGA/EEPROM/EEPROM.srcs/sources_1/new/i2c_ctrl.v:372]
---------------------------------------------------------------------------------
Finished IO Insertion : Time (s): cpu = 00:00:22 ; elapsed = 00:00:23 . Memory (MB): peak = 858.660 ; gain = 527.090
---------------------------------------------------------------------------------

Report Check Netlist: 
+------+------------------+-------+---------+-------+------------------+
|      |Item              |Errors |Warnings |Status |Description       |
+------+------------------+-------+---------+-------+------------------+
|1     |multi_driven_nets |      0|        0|Passed |Multi driven nets |
+------+------------------+-------+---------+-------+------------------+
---------------------------------------------------------------------------------
Start Renaming Generated Instances
---------------------------------------------------------------------------------
---------------------------------------------------------------------------------
Finished Renaming Generated Instances : Time (s): cpu = 00:00:22 ; elapsed = 00:00:23 . Memory (MB): peak = 858.660 ; gain = 527.090
---------------------------------------------------------------------------------

Report RTL Partitions: 
+-+--------------+------------+----------+
| |RTL Partition |Replication |Instances |
+-+--------------+------------+----------+
+-+--------------+------------+----------+
---------------------------------------------------------------------------------
Start Rebuilding User Hierarchy
---------------------------------------------------------------------------------
---------------------------------------------------------------------------------
Finished Rebuilding User Hierarchy : Time (s): cpu = 00:00:22 ; elapsed = 00:00:23 . Memory (MB): peak = 858.660 ; gain = 527.090
---------------------------------------------------------------------------------
---------------------------------------------------------------------------------
Start Renaming Generated Ports
---------------------------------------------------------------------------------
---------------------------------------------------------------------------------
Finished Renaming Generated Ports : Time (s): cpu = 00:00:22 ; elapsed = 00:00:23 . Memory (MB): peak = 858.660 ; gain = 527.090
---------------------------------------------------------------------------------
---------------------------------------------------------------------------------
Start Handling Custom Attributes
---------------------------------------------------------------------------------
---------------------------------------------------------------------------------
Finished Handling Custom Attributes : Time (s): cpu = 00:00:22 ; elapsed = 00:00:23 . Memory (MB): peak = 858.660 ; gain = 527.090
---------------------------------------------------------------------------------
---------------------------------------------------------------------------------
Start Renaming Generated Nets
---------------------------------------------------------------------------------
---------------------------------------------------------------------------------
Finished Renaming Generated Nets : Time (s): cpu = 00:00:22 ; elapsed = 00:00:23 . Memory (MB): peak = 858.660 ; gain = 527.090
---------------------------------------------------------------------------------
---------------------------------------------------------------------------------
Start Writing Synthesis Report
---------------------------------------------------------------------------------

Report BlackBoxes: 
+------+--------------+----------+
|      |BlackBox name |Instances |
+------+--------------+----------+
|1     |ila_0         |         2|
+------+--------------+----------+

Report Cell Usage: 
+------+---------+------+
|      |Cell     |Count |
+------+---------+------+
|1     |ila_0    |     1|
|2     |ila_0__1 |     1|
|3     |BUFG     |     1|
|4     |CARRY4   |    25|
|5     |LUT1     |     8|
|6     |LUT2     |    33|
|7     |LUT3     |    81|
|8     |LUT4     |    22|
|9     |LUT5     |    28|
|10    |LUT6     |    94|
|11    |MUXF7    |     4|
|12    |MUXF8    |     1|
|13    |FDCE     |   173|
|14    |FDPE     |     8|
|15    |IBUF     |     4|
|16    |IOBUF    |     1|
|17    |OBUF     |     5|
+------+---------+------+

Report Instance Areas: 
+------+------------------------+----------------+------+
|      |Instance                |Module          |Cells |
+------+------------------------+----------------+------+
|1     |top                     |                |   488|
|2     |  read_key              |ax_debounce__1  |    95|
|3     |  write_key             |ax_debounce     |    95|
|4     |  i2c_rw_data           |i2c_rw_data     |   156|
|5     |    accross_clock_read  |accross_clock   |    24|
|6     |    accross_clock_write |accross_clock_0 |    25|
|7     |  i2c_ctrl              |i2c_ctrl        |   132|
+------+------------------------+----------------+------+
---------------------------------------------------------------------------------
Finished Writing Synthesis Report : Time (s): cpu = 00:00:22 ; elapsed = 00:00:23 . Memory (MB): peak = 858.660 ; gain = 527.090
---------------------------------------------------------------------------------
Synthesis finished with 0 errors, 0 critical warnings and 8 warnings.
Synthesis Optimization Runtime : Time (s): cpu = 00:00:13 ; elapsed = 00:00:18 . Memory (MB): peak = 858.660 ; gain = 160.785
Synthesis Optimization Complete : Time (s): cpu = 00:00:22 ; elapsed = 00:00:23 . Memory (MB): peak = 858.660 ; gain = 527.090
INFO: [Project 1-571] Translating synthesized netlist
INFO: [Netlist 29-17] Analyzing 35 Unisim elements for replacement
INFO: [Netlist 29-28] Unisim Transformation completed in 0 CPU seconds
INFO: [Project 1-570] Preparing netlist for logic optimization
INFO: [Opt 31-138] Pushed 0 inverter(s) to 0 load pin(s).
INFO: [Project 1-111] Unisim Transformation Summary:
  A total of 1 instances were transformed.
  IOBUF => IOBUF (IBUF, OBUFT): 1 instances

INFO: [Common 17-83] Releasing license: Synthesis
45 Infos, 12 Warnings, 0 Critical Warnings and 0 Errors encountered.
synth_design completed successfully
synth_design: Time (s): cpu = 00:00:24 ; elapsed = 00:00:26 . Memory (MB): peak = 863.371 ; gain = 533.516
INFO: [Common 17-1381] The checkpoint 'F:/FPGA/EEPROM/EEPROM.runs/synth_1/i2c_eerom_top.dcp' has been generated.
INFO: [runtcl-4] Executing : report_utilization -file i2c_eerom_top_utilization_synth.rpt -pb i2c_eerom_top_utilization_synth.pb
report_utilization: Time (s): cpu = 00:00:00 ; elapsed = 00:00:00.024 . Memory (MB): peak = 863.371 ; gain = 0.000
INFO: [Common 17-206] Exiting Vivado at Thu Nov 21 16:53:39 2024...

*** Running vivado
    with args -log i2c_eerom_top.vds -m64 -product Vivado -mode batch -messageDb vivado.pb -notrace -source i2c_eerom_top.tcl


****** Vivado v2017.4 (64-bit)
  **** SW Build 2086221 on Fri Dec 15 20:55:39 MST 2017
  **** IP Build 2085800 on Fri Dec 15 22:25:07 MST 2017
    ** Copyright 1986-2017 Xilinx, Inc. All Rights Reserved.

source i2c_eerom_top.tcl -notrace
Command: synth_design -top i2c_eerom_top -part xc7z020clg400-2
Starting synth_design
Attempting to get a license for feature 'Synthesis' and/or device 'xc7z020'
INFO: [Common 17-349] Got license for feature 'Synthesis' and/or device 'xc7z020'
INFO: Launching helper process for spawning children vivado processes
INFO: Helper process launched with PID 28080 
---------------------------------------------------------------------------------
Starting RTL Elaboration : Time (s): cpu = 00:00:04 ; elapsed = 00:00:04 . Memory (MB): peak = 387.828 ; gain = 97.750
---------------------------------------------------------------------------------
INFO: [Synth 8-638] synthesizing module 'i2c_eerom_top' [F:/FPGA/EEPROM/EEPROM.srcs/sources_1/new/i2c_eerom_top.v:23]
INFO: [Synth 8-638] synthesizing module 'ax_debounce' [F:/FPGA/EEPROM/EEPROM.srcs/sources_1/new/ax_debounce.v:23]
	Parameter N bound to: 32 - type: integer 
	Parameter FREQ bound to: 50 - type: integer 
	Parameter MAX_TIME bound to: 2 - type: integer 
	Parameter TIMER_MAX_VAL bound to: 100 - type: integer 
INFO: [Synth 8-256] done synthesizing module 'ax_debounce' (1#1) [F:/FPGA/EEPROM/EEPROM.srcs/sources_1/new/ax_debounce.v:23]
INFO: [Synth 8-638] synthesizing module 'i2c_rw_data' [F:/FPGA/EEPROM/EEPROM.srcs/sources_1/new/i2c_rw_data.v:23]
	Parameter SYS_CLK_FREQ bound to: 50000000 - type: integer 
	Parameter I2C_SCL_FREQ bound to: 400000 - type: integer 
	Parameter INTERVAL_MS bound to: 5 - type: integer 
	Parameter START_INTERVAL bound to: 2000 - type: integer 
INFO: [Synth 8-638] synthesizing module 'accross_clock' [F:/FPGA/EEPROM/EEPROM.srcs/sources_1/new/accross_clock.v:23]
	Parameter SYS_CLK_FREQ bound to: 50000000 - type: integer 
	Parameter ACROSS_CLK_FREQ bound to: 400000 - type: integer 
	Parameter EXTEND_MULTIPLE bound to: 2 - type: integer 
	Parameter CNT_MAX bound to: 250 - type: integer 
INFO: [Synth 8-256] done synthesizing module 'accross_clock' (2#1) [F:/FPGA/EEPROM/EEPROM.srcs/sources_1/new/accross_clock.v:23]
INFO: [Synth 8-256] done synthesizing module 'i2c_rw_data' (3#1) [F:/FPGA/EEPROM/EEPROM.srcs/sources_1/new/i2c_rw_data.v:23]
INFO: [Synth 8-638] synthesizing module 'i2c_ctrl' [F:/FPGA/EEPROM/EEPROM.srcs/sources_1/new/i2c_ctrl.v:23]
	Parameter SYS_CLK_FREQ bound to: 50000000 - type: integer 
	Parameter I2C_SCL_FREQ bound to: 100000 - type: integer 
	Parameter DEVICE_ADDR bound to: 7'b1010000 
	Parameter CNT_CLK_MAX bound to: 62 - type: integer 
	Parameter IDLE bound to: 0 - type: integer 
	Parameter START bound to: 1 - type: integer 
	Parameter DEV_ADDR bound to: 2 - type: integer 
	Parameter ACK bound to: 3 - type: integer 
	Parameter DEV_DA_ADDR_H bound to: 4 - type: integer 
	Parameter DEV_DA_ADDR_L bound to: 5 - type: integer 
	Parameter DEV_DA_WRITE_READ bound to: 6 - type: integer 
	Parameter STOP bound to: 7 - type: integer 
	Parameter N_ACK bound to: 8 - type: integer 
INFO: [Synth 8-155] case statement is not full and has no default [F:/FPGA/EEPROM/EEPROM.srcs/sources_1/new/i2c_ctrl.v:143]
WARNING: [Synth 8-151] case item 32'b00000000000000000000000000000001 is unreachable [F:/FPGA/EEPROM/EEPROM.srcs/sources_1/new/i2c_ctrl.v:370]
INFO: [Synth 8-256] done synthesizing module 'i2c_ctrl' (4#1) [F:/FPGA/EEPROM/EEPROM.srcs/sources_1/new/i2c_ctrl.v:23]
INFO: [Synth 8-256] done synthesizing module 'i2c_eerom_top' (5#1) [F:/FPGA/EEPROM/EEPROM.srcs/sources_1/new/i2c_eerom_top.v:23]
---------------------------------------------------------------------------------
Finished RTL Elaboration : Time (s): cpu = 00:00:04 ; elapsed = 00:00:05 . Memory (MB): peak = 439.656 ; gain = 149.578
---------------------------------------------------------------------------------

Report Check Netlist: 
+------+------------------+-------+---------+-------+------------------+
|      |Item              |Errors |Warnings |Status |Description       |
+------+------------------+-------+---------+-------+------------------+
|1     |multi_driven_nets |      0|        0|Passed |Multi driven nets |
+------+------------------+-------+---------+-------+------------------+
---------------------------------------------------------------------------------
Finished RTL Optimization Phase 1 : Time (s): cpu = 00:00:04 ; elapsed = 00:00:05 . Memory (MB): peak = 439.656 ; gain = 149.578
---------------------------------------------------------------------------------
INFO: [Device 21-403] Loading part xc7z020clg400-2
INFO: [Project 1-570] Preparing netlist for logic optimization

Processing XDC Constraints
Initializing timing engine
Parsing XDC File [F:/FPGA/EEPROM/EEPROM.srcs/constrs_1/new/i2c_eerom.xdc]
Finished Parsing XDC File [F:/FPGA/EEPROM/EEPROM.srcs/constrs_1/new/i2c_eerom.xdc]
INFO: [Project 1-236] Implementation specific constraints were found while reading constraint file [F:/FPGA/EEPROM/EEPROM.srcs/constrs_1/new/i2c_eerom.xdc]. These constraints will be ignored for synthesis but will be used in implementation. Impacted constraints are listed in the file [.Xil/i2c_eerom_top_propImpl.xdc].
Resolution: To avoid this warning, move constraints listed in [.Xil/i2c_eerom_top_propImpl.xdc] to another XDC file and exclude this new file from synthesis with the used_in_synthesis property (File Properties dialog in GUI) and re-run elaboration/synthesis.
Completed Processing XDC Constraints

INFO: [Project 1-111] Unisim Transformation Summary:
No Unisim elements were transformed.

Constraint Validation Runtime : Time (s): cpu = 00:00:00 ; elapsed = 00:00:00 . Memory (MB): peak = 800.312 ; gain = 0.000
---------------------------------------------------------------------------------
Finished Constraint Validation : Time (s): cpu = 00:00:13 ; elapsed = 00:00:14 . Memory (MB): peak = 800.312 ; gain = 510.234
---------------------------------------------------------------------------------
---------------------------------------------------------------------------------
Start Loading Part and Timing Information
---------------------------------------------------------------------------------
Loading part: xc7z020clg400-2
---------------------------------------------------------------------------------
Finished Loading Part and Timing Information : Time (s): cpu = 00:00:13 ; elapsed = 00:00:14 . Memory (MB): peak = 800.312 ; gain = 510.234
---------------------------------------------------------------------------------
---------------------------------------------------------------------------------
Start Applying 'set_property' XDC Constraints
---------------------------------------------------------------------------------
---------------------------------------------------------------------------------
Finished applying 'set_property' XDC Constraints : Time (s): cpu = 00:00:13 ; elapsed = 00:00:14 . Memory (MB): peak = 800.312 ; gain = 510.234
---------------------------------------------------------------------------------
INFO: [Synth 8-5545] ROM "button_out" won't be mapped to RAM because address size (32) is larger than maximum supported(25)
INFO: [Synth 8-5546] ROM "signal_out" won't be mapped to RAM because it is too sparse
WARNING: [Synth 8-6014] Unused sequential element cnt_clk_reg was removed.  [F:/FPGA/EEPROM/EEPROM.srcs/sources_1/new/accross_clock.v:42]
INFO: [Synth 8-5546] ROM "page" won't be mapped to RAM because it is too sparse
WARNING: [Synth 8-6014] Unused sequential element wr_data_reg was removed.  [F:/FPGA/EEPROM/EEPROM.srcs/sources_1/new/i2c_rw_data.v:148]
WARNING: [Synth 8-6014] Unused sequential element byte_addr_reg was removed.  [F:/FPGA/EEPROM/EEPROM.srcs/sources_1/new/i2c_rw_data.v:158]
INFO: [Synth 8-5544] ROM "i2c_scl" won't be mapped to Block RAM because address size (2) smaller than threshold (5)
INFO: [Synth 8-5546] ROM "i2c_clk" won't be mapped to RAM because it is too sparse
INFO: [Synth 8-5544] ROM "state" won't be mapped to Block RAM because address size (2) smaller than threshold (5)
INFO: [Synth 8-5544] ROM "state" won't be mapped to Block RAM because address size (2) smaller than threshold (5)
INFO: [Synth 8-5544] ROM "cnt_ack" won't be mapped to Block RAM because address size (4) smaller than threshold (5)
INFO: [Synth 8-5544] ROM "cnt_bit" won't be mapped to Block RAM because address size (4) smaller than threshold (5)
INFO: [Synth 8-5544] ROM "sda_out" won't be mapped to Block RAM because address size (2) smaller than threshold (5)
INFO: [Synth 8-5544] ROM "rd_data" won't be mapped to Block RAM because address size (4) smaller than threshold (5)
WARNING: [Synth 8-6014] Unused sequential element cnt_B_reg was removed.  [F:/FPGA/EEPROM/EEPROM.srcs/sources_1/new/i2c_ctrl.v:270]
---------------------------------------------------------------------------------
Finished RTL Optimization Phase 2 : Time (s): cpu = 00:00:13 ; elapsed = 00:00:14 . Memory (MB): peak = 800.312 ; gain = 510.234
---------------------------------------------------------------------------------

Report RTL Partitions: 
+-+--------------+------------+----------+
| |RTL Partition |Replication |Instances |
+-+--------------+------------+----------+
+-+--------------+------------+----------+
---------------------------------------------------------------------------------
Start RTL Component Statistics 
---------------------------------------------------------------------------------
Detailed RTL Component Info : 
+---Adders : 
	   2 Input     32 Bit       Adders := 2     
	   2 Input     11 Bit       Adders := 1     
	   2 Input      8 Bit       Adders := 4     
	   2 Input      7 Bit       Adders := 1     
	   2 Input      4 Bit       Adders := 1     
	   2 Input      3 Bit       Adders := 3     
	   3 Input      3 Bit       Adders := 1     
	   2 Input      2 Bit       Adders := 1     
+---XORs : 
	   2 Input      1 Bit         XORs := 2     
+---Registers : 
	               32 Bit    Registers := 2     
	               20 Bit    Registers := 1     
	                8 Bit    Registers := 6     
	                7 Bit    Registers := 1     
	                4 Bit    Registers := 1     
	                3 Bit    Registers := 2     
	                2 Bit    Registers := 1     
	                1 Bit    Registers := 21    
+---Muxes : 
	   2 Input     32 Bit        Muxes := 4     
	   2 Input     11 Bit        Muxes := 1     
	   2 Input      8 Bit        Muxes := 4     
	   3 Input      8 Bit        Muxes := 1     
	   2 Input      7 Bit        Muxes := 1     
	   3 Input      4 Bit        Muxes := 1     
	   2 Input      4 Bit        Muxes := 1     
	   2 Input      3 Bit        Muxes := 10    
	   2 Input      2 Bit        Muxes := 2     
	   5 Input      2 Bit        Muxes := 1     
	   2 Input      1 Bit        Muxes := 23    
	   3 Input      1 Bit        Muxes := 3     
	  10 Input      1 Bit        Muxes := 2     
	   4 Input      1 Bit        Muxes := 1     
---------------------------------------------------------------------------------
Finished RTL Component Statistics 
---------------------------------------------------------------------------------
---------------------------------------------------------------------------------
Start RTL Hierarchical Component Statistics 
---------------------------------------------------------------------------------
Hierarchical RTL Component report 
Module ax_debounce 
Detailed RTL Component Info : 
+---Adders : 
	   2 Input     32 Bit       Adders := 1     
+---XORs : 
	   2 Input      1 Bit         XORs := 1     
+---Registers : 
	               32 Bit    Registers := 1     
	                1 Bit    Registers := 6     
+---Muxes : 
	   2 Input     32 Bit        Muxes := 2     
	   2 Input      1 Bit        Muxes := 3     
Module accross_clock 
Detailed RTL Component Info : 
+---Adders : 
	   2 Input      8 Bit       Adders := 1     
+---Registers : 
	                8 Bit    Registers := 1     
	                1 Bit    Registers := 1     
+---Muxes : 
	   2 Input      8 Bit        Muxes := 1     
	   3 Input      1 Bit        Muxes := 1     
Module i2c_rw_data 
Detailed RTL Component Info : 
+---Adders : 
	   2 Input     11 Bit       Adders := 1     
	   2 Input      8 Bit       Adders := 1     
+---Registers : 
	               20 Bit    Registers := 1     
	                8 Bit    Registers := 2     
	                1 Bit    Registers := 3     
+---Muxes : 
	   2 Input     11 Bit        Muxes := 1     
	   2 Input      1 Bit        Muxes := 4     
Module i2c_ctrl 
Detailed RTL Component Info : 
+---Adders : 
	   2 Input      8 Bit       Adders := 1     
	   2 Input      7 Bit       Adders := 1     
	   2 Input      4 Bit       Adders := 1     
	   2 Input      3 Bit       Adders := 3     
	   3 Input      3 Bit       Adders := 1     
	   2 Input      2 Bit       Adders := 1     
+---Registers : 
	                8 Bit    Registers := 2     
	                7 Bit    Registers := 1     
	                4 Bit    Registers := 1     
	                3 Bit    Registers := 2     
	                2 Bit    Registers := 1     
	                1 Bit    Registers := 4     
+---Muxes : 
	   2 Input      8 Bit        Muxes := 2     
	   3 Input      8 Bit        Muxes := 1     
	   2 Input      7 Bit        Muxes := 1     
	   3 Input      4 Bit        Muxes := 1     
	   2 Input      4 Bit        Muxes := 1     
	   2 Input      3 Bit        Muxes := 10    
	   2 Input      2 Bit        Muxes := 2     
	   5 Input      2 Bit        Muxes := 1     
	   2 Input      1 Bit        Muxes := 13    
	  10 Input      1 Bit        Muxes := 2     
	   3 Input      1 Bit        Muxes := 1     
	   4 Input      1 Bit        Muxes := 1     
---------------------------------------------------------------------------------
Finished RTL Hierarchical Component Statistics
---------------------------------------------------------------------------------
---------------------------------------------------------------------------------
Start Part Resource Summary
---------------------------------------------------------------------------------
Part Resources:
DSPs: 220 (col length:60)
BRAMs: 280 (col length: RAMB18 60 RAMB36 30)
---------------------------------------------------------------------------------
Finished Part Resource Summary
---------------------------------------------------------------------------------
---------------------------------------------------------------------------------
Start Cross Boundary and Area Optimization
---------------------------------------------------------------------------------
WARNING: [Synth 8-6014] Unused sequential element read_key/button_negedge_reg was removed.  [F:/FPGA/EEPROM/EEPROM.srcs/sources_1/new/ax_debounce.v:100]
WARNING: [Synth 8-6014] Unused sequential element write_key/button_negedge_reg was removed.  [F:/FPGA/EEPROM/EEPROM.srcs/sources_1/new/ax_debounce.v:100]
INFO: [Synth 8-5545] ROM "read_key/button_out" won't be mapped to RAM because address size (32) is larger than maximum supported(25)
INFO: [Synth 8-5545] ROM "write_key/button_out" won't be mapped to RAM because address size (32) is larger than maximum supported(25)
INFO: [Synth 8-5546] ROM "i2c_rw_data/page" won't be mapped to RAM because it is too sparse
INFO: [Synth 8-5546] ROM "i2c_ctrl/i2c_clk" won't be mapped to RAM because it is too sparse
WARNING: [Synth 8-6014] Unused sequential element i2c_rw_data/accross_clock_read/cnt_clk_reg was removed.  [F:/FPGA/EEPROM/EEPROM.srcs/sources_1/new/accross_clock.v:42]
WARNING: [Synth 8-6014] Unused sequential element i2c_rw_data/accross_clock_write/cnt_clk_reg was removed.  [F:/FPGA/EEPROM/EEPROM.srcs/sources_1/new/accross_clock.v:42]
WARNING: [Synth 8-6014] Unused sequential element i2c_rw_data/byte_addr_reg was removed.  [F:/FPGA/EEPROM/EEPROM.srcs/sources_1/new/i2c_rw_data.v:158]
WARNING: [Synth 8-6014] Unused sequential element i2c_rw_data/wr_data_reg was removed.  [F:/FPGA/EEPROM/EEPROM.srcs/sources_1/new/i2c_rw_data.v:148]
WARNING: [Synth 8-6014] Unused sequential element i2c_ctrl/cnt_B_reg was removed.  [F:/FPGA/EEPROM/EEPROM.srcs/sources_1/new/i2c_ctrl.v:270]
INFO: [Synth 8-3886] merging instance 'i2c_rw_data/cnt_start_reg[18]' (FDCE) to 'i2c_rw_data/cnt_start_reg[19]'
INFO: [Synth 8-3886] merging instance 'i2c_rw_data/cnt_start_reg[19]' (FDCE) to 'i2c_rw_data/cnt_start_reg[17]'
INFO: [Synth 8-3886] merging instance 'i2c_rw_data/cnt_start_reg[17]' (FDCE) to 'i2c_rw_data/cnt_start_reg[16]'
INFO: [Synth 8-3886] merging instance 'i2c_rw_data/cnt_start_reg[16]' (FDCE) to 'i2c_rw_data/cnt_start_reg[15]'
INFO: [Synth 8-3886] merging instance 'i2c_rw_data/cnt_start_reg[15]' (FDCE) to 'i2c_rw_data/cnt_start_reg[14]'
INFO: [Synth 8-3886] merging instance 'i2c_rw_data/cnt_start_reg[14]' (FDCE) to 'i2c_rw_data/cnt_start_reg[13]'
INFO: [Synth 8-3886] merging instance 'i2c_rw_data/cnt_start_reg[13]' (FDCE) to 'i2c_rw_data/cnt_start_reg[12]'
INFO: [Synth 8-3886] merging instance 'i2c_rw_data/cnt_start_reg[12]' (FDCE) to 'i2c_rw_data/cnt_start_reg[11]'
INFO: [Synth 8-3333] propagating constant 0 across sequential element (\i2c_rw_data/cnt_start_reg[11] )
WARNING: [Synth 8-3332] Sequential element (i2c_rw_data/cnt_start_reg[11]) is unused and will be removed from module i2c_eerom_top.
WARNING: [Synth 8-3332] Sequential element (i2c_ctrl/rd_data_reg[7]) is unused and will be removed from module i2c_eerom_top.
WARNING: [Synth 8-3332] Sequential element (i2c_ctrl/rd_data_reg[6]) is unused and will be removed from module i2c_eerom_top.
WARNING: [Synth 8-3332] Sequential element (i2c_ctrl/rd_data_reg[5]) is unused and will be removed from module i2c_eerom_top.
WARNING: [Synth 8-3332] Sequential element (i2c_ctrl/rd_data_reg[4]) is unused and will be removed from module i2c_eerom_top.
WARNING: [Synth 8-3332] Sequential element (i2c_rw_data/data_out_reg[7]) is unused and will be removed from module i2c_eerom_top.
WARNING: [Synth 8-3332] Sequential element (i2c_rw_data/data_out_reg[6]) is unused and will be removed from module i2c_eerom_top.
WARNING: [Synth 8-3332] Sequential element (i2c_rw_data/data_out_reg[5]) is unused and will be removed from module i2c_eerom_top.
WARNING: [Synth 8-3332] Sequential element (i2c_rw_data/data_out_reg[4]) is unused and will be removed from module i2c_eerom_top.
---------------------------------------------------------------------------------
Finished Cross Boundary and Area Optimization : Time (s): cpu = 00:00:15 ; elapsed = 00:00:15 . Memory (MB): peak = 800.312 ; gain = 510.234
---------------------------------------------------------------------------------

Report RTL Partitions: 
+-+--------------+------------+----------+
| |RTL Partition |Replication |Instances |
+-+--------------+------------+----------+
+-+--------------+------------+----------+
---------------------------------------------------------------------------------
Start Applying XDC Timing Constraints
---------------------------------------------------------------------------------
---------------------------------------------------------------------------------
Finished Applying XDC Timing Constraints : Time (s): cpu = 00:00:22 ; elapsed = 00:00:22 . Memory (MB): peak = 800.312 ; gain = 510.234
---------------------------------------------------------------------------------
---------------------------------------------------------------------------------
Start Timing Optimization
---------------------------------------------------------------------------------
---------------------------------------------------------------------------------
Finished Timing Optimization : Time (s): cpu = 00:00:22 ; elapsed = 00:00:22 . Memory (MB): peak = 800.312 ; gain = 510.234
---------------------------------------------------------------------------------

Report RTL Partitions: 
+-+--------------+------------+----------+
| |RTL Partition |Replication |Instances |
+-+--------------+------------+----------+
+-+--------------+------------+----------+
---------------------------------------------------------------------------------
Start Technology Mapping
---------------------------------------------------------------------------------
---------------------------------------------------------------------------------
Finished Technology Mapping : Time (s): cpu = 00:00:22 ; elapsed = 00:00:23 . Memory (MB): peak = 822.270 ; gain = 532.191
---------------------------------------------------------------------------------

Report RTL Partitions: 
+-+--------------+------------+----------+
| |RTL Partition |Replication |Instances |
+-+--------------+------------+----------+
+-+--------------+------------+----------+
---------------------------------------------------------------------------------
Start IO Insertion
---------------------------------------------------------------------------------
---------------------------------------------------------------------------------
Start Flattening Before IO Insertion
---------------------------------------------------------------------------------
---------------------------------------------------------------------------------
Finished Flattening Before IO Insertion
---------------------------------------------------------------------------------
---------------------------------------------------------------------------------
Start Final Netlist Cleanup
---------------------------------------------------------------------------------
---------------------------------------------------------------------------------
Finished Final Netlist Cleanup
---------------------------------------------------------------------------------
---------------------------------------------------------------------------------
Finished IO Insertion : Time (s): cpu = 00:00:22 ; elapsed = 00:00:23 . Memory (MB): peak = 822.270 ; gain = 532.191
---------------------------------------------------------------------------------

Report Check Netlist: 
+------+------------------+-------+---------+-------+------------------+
|      |Item              |Errors |Warnings |Status |Description       |
+------+------------------+-------+---------+-------+------------------+
|1     |multi_driven_nets |      0|        0|Passed |Multi driven nets |
+------+------------------+-------+---------+-------+------------------+
---------------------------------------------------------------------------------
Start Renaming Generated Instances
---------------------------------------------------------------------------------
---------------------------------------------------------------------------------
Finished Renaming Generated Instances : Time (s): cpu = 00:00:22 ; elapsed = 00:00:23 . Memory (MB): peak = 822.270 ; gain = 532.191
---------------------------------------------------------------------------------

Report RTL Partitions: 
+-+--------------+------------+----------+
| |RTL Partition |Replication |Instances |
+-+--------------+------------+----------+
+-+--------------+------------+----------+
---------------------------------------------------------------------------------
Start Rebuilding User Hierarchy
---------------------------------------------------------------------------------
---------------------------------------------------------------------------------
Finished Rebuilding User Hierarchy : Time (s): cpu = 00:00:22 ; elapsed = 00:00:23 . Memory (MB): peak = 822.270 ; gain = 532.191
---------------------------------------------------------------------------------
---------------------------------------------------------------------------------
Start Renaming Generated Ports
---------------------------------------------------------------------------------
---------------------------------------------------------------------------------
Finished Renaming Generated Ports : Time (s): cpu = 00:00:22 ; elapsed = 00:00:23 . Memory (MB): peak = 822.270 ; gain = 532.191
---------------------------------------------------------------------------------
---------------------------------------------------------------------------------
Start Handling Custom Attributes
---------------------------------------------------------------------------------
---------------------------------------------------------------------------------
Finished Handling Custom Attributes : Time (s): cpu = 00:00:22 ; elapsed = 00:00:23 . Memory (MB): peak = 822.270 ; gain = 532.191
---------------------------------------------------------------------------------
---------------------------------------------------------------------------------
Start Renaming Generated Nets
---------------------------------------------------------------------------------
---------------------------------------------------------------------------------
Finished Renaming Generated Nets : Time (s): cpu = 00:00:22 ; elapsed = 00:00:23 . Memory (MB): peak = 822.270 ; gain = 532.191
---------------------------------------------------------------------------------
---------------------------------------------------------------------------------
Start Writing Synthesis Report
---------------------------------------------------------------------------------

Report BlackBoxes: 
+-+--------------+----------+
| |BlackBox name |Instances |
+-+--------------+----------+
+-+--------------+----------+

Report Cell Usage: 
+------+-------+------+
|      |Cell   |Count |
+------+-------+------+
|1     |BUFG   |     2|
|2     |CARRY4 |    20|
|3     |LUT1   |     5|
|4     |LUT2   |    20|
|5     |LUT3   |    87|
|6     |LUT4   |    33|
|7     |LUT5   |    30|
|8     |LUT6   |    80|
|9     |MUXF7  |     3|
|10    |MUXF8  |     1|
|11    |FDCE   |   152|
|12    |FDPE   |    17|
|13    |IBUF   |     4|
|14    |IOBUF  |     1|
|15    |OBUF   |     5|
+------+-------+------+

Report Instance Areas: 
+------+------------------------+----------------+------+
|      |Instance                |Module          |Cells |
+------+------------------------+----------------+------+
|1     |top                     |                |   460|
|2     |  i2c_ctrl              |i2c_ctrl        |   128|
|3     |  i2c_rw_data           |i2c_rw_data     |   136|
|4     |    accross_clock_read  |accross_clock   |    25|
|5     |    accross_clock_write |accross_clock_1 |    24|
|6     |  read_key              |ax_debounce     |    92|
|7     |  write_key             |ax_debounce_0   |    92|
+------+------------------------+----------------+------+
---------------------------------------------------------------------------------
Finished Writing Synthesis Report : Time (s): cpu = 00:00:22 ; elapsed = 00:00:23 . Memory (MB): peak = 822.270 ; gain = 532.191
---------------------------------------------------------------------------------
Synthesis finished with 0 errors, 0 critical warnings and 20 warnings.
Synthesis Optimization Runtime : Time (s): cpu = 00:00:13 ; elapsed = 00:00:18 . Memory (MB): peak = 822.270 ; gain = 171.535
Synthesis Optimization Complete : Time (s): cpu = 00:00:22 ; elapsed = 00:00:23 . Memory (MB): peak = 822.270 ; gain = 532.191
INFO: [Project 1-571] Translating synthesized netlist
INFO: [Netlist 29-17] Analyzing 29 Unisim elements for replacement
INFO: [Netlist 29-28] Unisim Transformation completed in 0 CPU seconds
INFO: [Project 1-570] Preparing netlist for logic optimization
INFO: [Opt 31-138] Pushed 0 inverter(s) to 0 load pin(s).
INFO: [Project 1-111] Unisim Transformation Summary:
  A total of 1 instances were transformed.
  IOBUF => IOBUF (IBUF, OBUFT): 1 instances

INFO: [Common 17-83] Releasing license: Synthesis
47 Infos, 21 Warnings, 0 Critical Warnings and 0 Errors encountered.
synth_design completed successfully
synth_design: Time (s): cpu = 00:00:24 ; elapsed = 00:00:26 . Memory (MB): peak = 823.219 ; gain = 545.695
INFO: [Common 17-600] The following parameters have non-default value.
tcl.collectionResultDisplayLimit
INFO: [Common 17-1381] The checkpoint 'F:/FPGA/EEPROM/EEPROM.runs/synth_1/i2c_eerom_top.dcp' has been generated.
INFO: [runtcl-4] Executing : report_utilization -file i2c_eerom_top_utilization_synth.rpt -pb i2c_eerom_top_utilization_synth.pb
report_utilization: Time (s): cpu = 00:00:00 ; elapsed = 00:00:00.026 . Memory (MB): peak = 823.219 ; gain = 0.000
INFO: [Common 17-206] Exiting Vivado at Fri Nov 22 00:24:41 2024...

*** Running vivado
    with args -log i2c_eerom_top.vds -m64 -product Vivado -mode batch -messageDb vivado.pb -notrace -source i2c_eerom_top.tcl


****** Vivado v2017.4 (64-bit)
  **** SW Build 2086221 on Fri Dec 15 20:55:39 MST 2017
  **** IP Build 2085800 on Fri Dec 15 22:25:07 MST 2017
    ** Copyright 1986-2017 Xilinx, Inc. All Rights Reserved.

source i2c_eerom_top.tcl -notrace
Command: synth_design -top i2c_eerom_top -part xc7z020clg400-2
Starting synth_design
Attempting to get a license for feature 'Synthesis' and/or device 'xc7z020'
INFO: [Common 17-349] Got license for feature 'Synthesis' and/or device 'xc7z020'
INFO: Launching helper process for spawning children vivado processes
INFO: Helper process launched with PID 24168 
---------------------------------------------------------------------------------
Starting RTL Elaboration : Time (s): cpu = 00:00:04 ; elapsed = 00:00:04 . Memory (MB): peak = 387.809 ; gain = 98.410
---------------------------------------------------------------------------------
INFO: [Synth 8-638] synthesizing module 'i2c_eerom_top' [F:/FPGA/EEPROM/EEPROM.srcs/sources_1/new/i2c_eerom_top.v:23]
INFO: [Synth 8-638] synthesizing module 'ax_debounce' [F:/FPGA/EEPROM/EEPROM.srcs/sources_1/new/ax_debounce.v:23]
	Parameter N bound to: 32 - type: integer 
	Parameter FREQ bound to: 50 - type: integer 
	Parameter MAX_TIME bound to: 2 - type: integer 
	Parameter TIMER_MAX_VAL bound to: 100 - type: integer 
INFO: [Synth 8-256] done synthesizing module 'ax_debounce' (1#1) [F:/FPGA/EEPROM/EEPROM.srcs/sources_1/new/ax_debounce.v:23]
INFO: [Synth 8-638] synthesizing module 'i2c_rw_data' [F:/FPGA/EEPROM/EEPROM.srcs/sources_1/new/i2c_rw_data.v:23]
	Parameter SYS_CLK_FREQ bound to: 50000000 - type: integer 
	Parameter I2C_SCL_FREQ bound to: 400000 - type: integer 
	Parameter INTERVAL_MS bound to: 5 - type: integer 
	Parameter START_INTERVAL bound to: 2000 - type: integer 
INFO: [Synth 8-638] synthesizing module 'accross_clock' [F:/FPGA/EEPROM/EEPROM.srcs/sources_1/new/accross_clock.v:23]
	Parameter SYS_CLK_FREQ bound to: 50000000 - type: integer 
	Parameter ACROSS_CLK_FREQ bound to: 400000 - type: integer 
	Parameter EXTEND_MULTIPLE bound to: 2 - type: integer 
	Parameter CNT_MAX bound to: 250 - type: integer 
INFO: [Synth 8-256] done synthesizing module 'accross_clock' (2#1) [F:/FPGA/EEPROM/EEPROM.srcs/sources_1/new/accross_clock.v:23]
INFO: [Synth 8-256] done synthesizing module 'i2c_rw_data' (3#1) [F:/FPGA/EEPROM/EEPROM.srcs/sources_1/new/i2c_rw_data.v:23]
INFO: [Synth 8-638] synthesizing module 'i2c_ctrl' [F:/FPGA/EEPROM/EEPROM.srcs/sources_1/new/i2c_ctrl.v:23]
	Parameter SYS_CLK_FREQ bound to: 50000000 - type: integer 
	Parameter I2C_SCL_FREQ bound to: 100000 - type: integer 
	Parameter DEVICE_ADDR bound to: 7'b1010000 
	Parameter CNT_CLK_MAX bound to: 62 - type: integer 
	Parameter IDLE bound to: 0 - type: integer 
	Parameter START bound to: 1 - type: integer 
	Parameter DEV_ADDR bound to: 2 - type: integer 
	Parameter ACK bound to: 3 - type: integer 
	Parameter DEV_DA_ADDR_H bound to: 4 - type: integer 
	Parameter DEV_DA_ADDR_L bound to: 5 - type: integer 
	Parameter DEV_DA_WRITE_READ bound to: 6 - type: integer 
	Parameter STOP bound to: 7 - type: integer 
	Parameter N_ACK bound to: 8 - type: integer 
INFO: [Synth 8-155] case statement is not full and has no default [F:/FPGA/EEPROM/EEPROM.srcs/sources_1/new/i2c_ctrl.v:143]
WARNING: [Synth 8-151] case item 32'b00000000000000000000000000000001 is unreachable [F:/FPGA/EEPROM/EEPROM.srcs/sources_1/new/i2c_ctrl.v:370]
INFO: [Synth 8-256] done synthesizing module 'i2c_ctrl' (4#1) [F:/FPGA/EEPROM/EEPROM.srcs/sources_1/new/i2c_ctrl.v:23]
INFO: [Synth 8-256] done synthesizing module 'i2c_eerom_top' (5#1) [F:/FPGA/EEPROM/EEPROM.srcs/sources_1/new/i2c_eerom_top.v:23]
---------------------------------------------------------------------------------
Finished RTL Elaboration : Time (s): cpu = 00:00:04 ; elapsed = 00:00:05 . Memory (MB): peak = 439.801 ; gain = 150.402
---------------------------------------------------------------------------------

Report Check Netlist: 
+------+------------------+-------+---------+-------+------------------+
|      |Item              |Errors |Warnings |Status |Description       |
+------+------------------+-------+---------+-------+------------------+
|1     |multi_driven_nets |      0|        0|Passed |Multi driven nets |
+------+------------------+-------+---------+-------+------------------+
---------------------------------------------------------------------------------
Finished RTL Optimization Phase 1 : Time (s): cpu = 00:00:05 ; elapsed = 00:00:05 . Memory (MB): peak = 439.801 ; gain = 150.402
---------------------------------------------------------------------------------
INFO: [Device 21-403] Loading part xc7z020clg400-2
INFO: [Project 1-570] Preparing netlist for logic optimization

Processing XDC Constraints
Initializing timing engine
Parsing XDC File [F:/FPGA/EEPROM/EEPROM.srcs/constrs_1/new/i2c_eerom.xdc]
Finished Parsing XDC File [F:/FPGA/EEPROM/EEPROM.srcs/constrs_1/new/i2c_eerom.xdc]
INFO: [Project 1-236] Implementation specific constraints were found while reading constraint file [F:/FPGA/EEPROM/EEPROM.srcs/constrs_1/new/i2c_eerom.xdc]. These constraints will be ignored for synthesis but will be used in implementation. Impacted constraints are listed in the file [.Xil/i2c_eerom_top_propImpl.xdc].
Resolution: To avoid this warning, move constraints listed in [.Xil/i2c_eerom_top_propImpl.xdc] to another XDC file and exclude this new file from synthesis with the used_in_synthesis property (File Properties dialog in GUI) and re-run elaboration/synthesis.
Completed Processing XDC Constraints

INFO: [Project 1-111] Unisim Transformation Summary:
No Unisim elements were transformed.

Constraint Validation Runtime : Time (s): cpu = 00:00:00 ; elapsed = 00:00:00.001 . Memory (MB): peak = 799.992 ; gain = 0.000
---------------------------------------------------------------------------------
Finished Constraint Validation : Time (s): cpu = 00:00:13 ; elapsed = 00:00:14 . Memory (MB): peak = 799.992 ; gain = 510.594
---------------------------------------------------------------------------------
---------------------------------------------------------------------------------
Start Loading Part and Timing Information
---------------------------------------------------------------------------------
Loading part: xc7z020clg400-2
---------------------------------------------------------------------------------
Finished Loading Part and Timing Information : Time (s): cpu = 00:00:13 ; elapsed = 00:00:14 . Memory (MB): peak = 799.992 ; gain = 510.594
---------------------------------------------------------------------------------
---------------------------------------------------------------------------------
Start Applying 'set_property' XDC Constraints
---------------------------------------------------------------------------------
---------------------------------------------------------------------------------
Finished applying 'set_property' XDC Constraints : Time (s): cpu = 00:00:13 ; elapsed = 00:00:14 . Memory (MB): peak = 799.992 ; gain = 510.594
---------------------------------------------------------------------------------
INFO: [Synth 8-5545] ROM "button_out" won't be mapped to RAM because address size (32) is larger than maximum supported(25)
INFO: [Synth 8-5546] ROM "signal_out" won't be mapped to RAM because it is too sparse
WARNING: [Synth 8-6014] Unused sequential element cnt_clk_reg was removed.  [F:/FPGA/EEPROM/EEPROM.srcs/sources_1/new/accross_clock.v:42]
INFO: [Synth 8-5546] ROM "page" won't be mapped to RAM because it is too sparse
WARNING: [Synth 8-6014] Unused sequential element wr_data_reg was removed.  [F:/FPGA/EEPROM/EEPROM.srcs/sources_1/new/i2c_rw_data.v:148]
WARNING: [Synth 8-6014] Unused sequential element byte_addr_reg was removed.  [F:/FPGA/EEPROM/EEPROM.srcs/sources_1/new/i2c_rw_data.v:158]
INFO: [Synth 8-5544] ROM "i2c_scl" won't be mapped to Block RAM because address size (2) smaller than threshold (5)
INFO: [Synth 8-5546] ROM "i2c_clk" won't be mapped to RAM because it is too sparse
INFO: [Synth 8-5544] ROM "state" won't be mapped to Block RAM because address size (2) smaller than threshold (5)
INFO: [Synth 8-5544] ROM "state" won't be mapped to Block RAM because address size (2) smaller than threshold (5)
INFO: [Synth 8-5544] ROM "cnt_ack" won't be mapped to Block RAM because address size (4) smaller than threshold (5)
INFO: [Synth 8-5544] ROM "cnt_bit" won't be mapped to Block RAM because address size (4) smaller than threshold (5)
INFO: [Synth 8-5544] ROM "sda_out" won't be mapped to Block RAM because address size (2) smaller than threshold (5)
INFO: [Synth 8-5544] ROM "rd_data" won't be mapped to Block RAM because address size (4) smaller than threshold (5)
WARNING: [Synth 8-6014] Unused sequential element cnt_B_reg was removed.  [F:/FPGA/EEPROM/EEPROM.srcs/sources_1/new/i2c_ctrl.v:270]
---------------------------------------------------------------------------------
Finished RTL Optimization Phase 2 : Time (s): cpu = 00:00:13 ; elapsed = 00:00:14 . Memory (MB): peak = 799.992 ; gain = 510.594
---------------------------------------------------------------------------------

Report RTL Partitions: 
+-+--------------+------------+----------+
| |RTL Partition |Replication |Instances |
+-+--------------+------------+----------+
+-+--------------+------------+----------+
---------------------------------------------------------------------------------
Start RTL Component Statistics 
---------------------------------------------------------------------------------
Detailed RTL Component Info : 
+---Adders : 
	   2 Input     32 Bit       Adders := 2     
	   2 Input     11 Bit       Adders := 1     
	   2 Input      8 Bit       Adders := 4     
	   2 Input      7 Bit       Adders := 1     
	   2 Input      4 Bit       Adders := 1     
	   2 Input      3 Bit       Adders := 3     
	   3 Input      3 Bit       Adders := 1     
	   2 Input      2 Bit       Adders := 1     
+---XORs : 
	   2 Input      1 Bit         XORs := 2     
+---Registers : 
	               32 Bit    Registers := 2     
	               20 Bit    Registers := 1     
	                8 Bit    Registers := 6     
	                7 Bit    Registers := 1     
	                4 Bit    Registers := 1     
	                3 Bit    Registers := 2     
	                2 Bit    Registers := 1     
	                1 Bit    Registers := 21    
+---Muxes : 
	   2 Input     32 Bit        Muxes := 4     
	   2 Input     11 Bit        Muxes := 1     
	   2 Input      8 Bit        Muxes := 4     
	   3 Input      8 Bit        Muxes := 1     
	   2 Input      7 Bit        Muxes := 1     
	   3 Input      4 Bit        Muxes := 1     
	   2 Input      4 Bit        Muxes := 1     
	   2 Input      3 Bit        Muxes := 10    
	   2 Input      2 Bit        Muxes := 2     
	   5 Input      2 Bit        Muxes := 1     
	   2 Input      1 Bit        Muxes := 23    
	   3 Input      1 Bit        Muxes := 3     
	  10 Input      1 Bit        Muxes := 2     
	   4 Input      1 Bit        Muxes := 1     
---------------------------------------------------------------------------------
Finished RTL Component Statistics 
---------------------------------------------------------------------------------
---------------------------------------------------------------------------------
Start RTL Hierarchical Component Statistics 
---------------------------------------------------------------------------------
Hierarchical RTL Component report 
Module ax_debounce 
Detailed RTL Component Info : 
+---Adders : 
	   2 Input     32 Bit       Adders := 1     
+---XORs : 
	   2 Input      1 Bit         XORs := 1     
+---Registers : 
	               32 Bit    Registers := 1     
	                1 Bit    Registers := 6     
+---Muxes : 
	   2 Input     32 Bit        Muxes := 2     
	   2 Input      1 Bit        Muxes := 3     
Module accross_clock 
Detailed RTL Component Info : 
+---Adders : 
	   2 Input      8 Bit       Adders := 1     
+---Registers : 
	                8 Bit    Registers := 1     
	                1 Bit    Registers := 1     
+---Muxes : 
	   2 Input      8 Bit        Muxes := 1     
	   3 Input      1 Bit        Muxes := 1     
Module i2c_rw_data 
Detailed RTL Component Info : 
+---Adders : 
	   2 Input     11 Bit       Adders := 1     
	   2 Input      8 Bit       Adders := 1     
+---Registers : 
	               20 Bit    Registers := 1     
	                8 Bit    Registers := 2     
	                1 Bit    Registers := 3     
+---Muxes : 
	   2 Input     11 Bit        Muxes := 1     
	   2 Input      1 Bit        Muxes := 4     
Module i2c_ctrl 
Detailed RTL Component Info : 
+---Adders : 
	   2 Input      8 Bit       Adders := 1     
	   2 Input      7 Bit       Adders := 1     
	   2 Input      4 Bit       Adders := 1     
	   2 Input      3 Bit       Adders := 3     
	   3 Input      3 Bit       Adders := 1     
	   2 Input      2 Bit       Adders := 1     
+---Registers : 
	                8 Bit    Registers := 2     
	                7 Bit    Registers := 1     
	                4 Bit    Registers := 1     
	                3 Bit    Registers := 2     
	                2 Bit    Registers := 1     
	                1 Bit    Registers := 4     
+---Muxes : 
	   2 Input      8 Bit        Muxes := 2     
	   3 Input      8 Bit        Muxes := 1     
	   2 Input      7 Bit        Muxes := 1     
	   3 Input      4 Bit        Muxes := 1     
	   2 Input      4 Bit        Muxes := 1     
	   2 Input      3 Bit        Muxes := 10    
	   2 Input      2 Bit        Muxes := 2     
	   5 Input      2 Bit        Muxes := 1     
	   2 Input      1 Bit        Muxes := 13    
	  10 Input      1 Bit        Muxes := 2     
	   3 Input      1 Bit        Muxes := 1     
	   4 Input      1 Bit        Muxes := 1     
---------------------------------------------------------------------------------
Finished RTL Hierarchical Component Statistics
---------------------------------------------------------------------------------
---------------------------------------------------------------------------------
Start Part Resource Summary
---------------------------------------------------------------------------------
Part Resources:
DSPs: 220 (col length:60)
BRAMs: 280 (col length: RAMB18 60 RAMB36 30)
---------------------------------------------------------------------------------
Finished Part Resource Summary
---------------------------------------------------------------------------------
---------------------------------------------------------------------------------
Start Cross Boundary and Area Optimization
---------------------------------------------------------------------------------
WARNING: [Synth 8-6014] Unused sequential element read_key/button_negedge_reg was removed.  [F:/FPGA/EEPROM/EEPROM.srcs/sources_1/new/ax_debounce.v:100]
WARNING: [Synth 8-6014] Unused sequential element write_key/button_negedge_reg was removed.  [F:/FPGA/EEPROM/EEPROM.srcs/sources_1/new/ax_debounce.v:100]
INFO: [Synth 8-5545] ROM "read_key/button_out" won't be mapped to RAM because address size (32) is larger than maximum supported(25)
INFO: [Synth 8-5545] ROM "write_key/button_out" won't be mapped to RAM because address size (32) is larger than maximum supported(25)
INFO: [Synth 8-5546] ROM "i2c_rw_data/page" won't be mapped to RAM because it is too sparse
INFO: [Synth 8-5546] ROM "i2c_ctrl/i2c_clk" won't be mapped to RAM because it is too sparse
WARNING: [Synth 8-6014] Unused sequential element i2c_rw_data/accross_clock_read/cnt_clk_reg was removed.  [F:/FPGA/EEPROM/EEPROM.srcs/sources_1/new/accross_clock.v:42]
WARNING: [Synth 8-6014] Unused sequential element i2c_rw_data/accross_clock_write/cnt_clk_reg was removed.  [F:/FPGA/EEPROM/EEPROM.srcs/sources_1/new/accross_clock.v:42]
WARNING: [Synth 8-6014] Unused sequential element i2c_rw_data/byte_addr_reg was removed.  [F:/FPGA/EEPROM/EEPROM.srcs/sources_1/new/i2c_rw_data.v:158]
WARNING: [Synth 8-6014] Unused sequential element i2c_rw_data/wr_data_reg was removed.  [F:/FPGA/EEPROM/EEPROM.srcs/sources_1/new/i2c_rw_data.v:148]
WARNING: [Synth 8-6014] Unused sequential element i2c_ctrl/cnt_B_reg was removed.  [F:/FPGA/EEPROM/EEPROM.srcs/sources_1/new/i2c_ctrl.v:270]
INFO: [Synth 8-3886] merging instance 'i2c_rw_data/cnt_start_reg[18]' (FDCE) to 'i2c_rw_data/cnt_start_reg[19]'
INFO: [Synth 8-3886] merging instance 'i2c_rw_data/cnt_start_reg[19]' (FDCE) to 'i2c_rw_data/cnt_start_reg[17]'
INFO: [Synth 8-3886] merging instance 'i2c_rw_data/cnt_start_reg[17]' (FDCE) to 'i2c_rw_data/cnt_start_reg[16]'
INFO: [Synth 8-3886] merging instance 'i2c_rw_data/cnt_start_reg[16]' (FDCE) to 'i2c_rw_data/cnt_start_reg[15]'
INFO: [Synth 8-3886] merging instance 'i2c_rw_data/cnt_start_reg[15]' (FDCE) to 'i2c_rw_data/cnt_start_reg[14]'
INFO: [Synth 8-3886] merging instance 'i2c_rw_data/cnt_start_reg[14]' (FDCE) to 'i2c_rw_data/cnt_start_reg[13]'
INFO: [Synth 8-3886] merging instance 'i2c_rw_data/cnt_start_reg[13]' (FDCE) to 'i2c_rw_data/cnt_start_reg[12]'
INFO: [Synth 8-3886] merging instance 'i2c_rw_data/cnt_start_reg[12]' (FDCE) to 'i2c_rw_data/cnt_start_reg[11]'
INFO: [Synth 8-3333] propagating constant 0 across sequential element (\i2c_rw_data/cnt_start_reg[11] )
WARNING: [Synth 8-3332] Sequential element (i2c_rw_data/cnt_start_reg[11]) is unused and will be removed from module i2c_eerom_top.
WARNING: [Synth 8-3332] Sequential element (i2c_ctrl/rd_data_reg[7]) is unused and will be removed from module i2c_eerom_top.
WARNING: [Synth 8-3332] Sequential element (i2c_ctrl/rd_data_reg[6]) is unused and will be removed from module i2c_eerom_top.
WARNING: [Synth 8-3332] Sequential element (i2c_ctrl/rd_data_reg[5]) is unused and will be removed from module i2c_eerom_top.
WARNING: [Synth 8-3332] Sequential element (i2c_ctrl/rd_data_reg[4]) is unused and will be removed from module i2c_eerom_top.
WARNING: [Synth 8-3332] Sequential element (i2c_rw_data/data_out_reg[7]) is unused and will be removed from module i2c_eerom_top.
WARNING: [Synth 8-3332] Sequential element (i2c_rw_data/data_out_reg[6]) is unused and will be removed from module i2c_eerom_top.
WARNING: [Synth 8-3332] Sequential element (i2c_rw_data/data_out_reg[5]) is unused and will be removed from module i2c_eerom_top.
WARNING: [Synth 8-3332] Sequential element (i2c_rw_data/data_out_reg[4]) is unused and will be removed from module i2c_eerom_top.
---------------------------------------------------------------------------------
Finished Cross Boundary and Area Optimization : Time (s): cpu = 00:00:15 ; elapsed = 00:00:15 . Memory (MB): peak = 799.992 ; gain = 510.594
---------------------------------------------------------------------------------

Report RTL Partitions: 
+-+--------------+------------+----------+
| |RTL Partition |Replication |Instances |
+-+--------------+------------+----------+
+-+--------------+------------+----------+
---------------------------------------------------------------------------------
Start Applying XDC Timing Constraints
---------------------------------------------------------------------------------
---------------------------------------------------------------------------------
Finished Applying XDC Timing Constraints : Time (s): cpu = 00:00:21 ; elapsed = 00:00:22 . Memory (MB): peak = 800.051 ; gain = 510.652
---------------------------------------------------------------------------------
---------------------------------------------------------------------------------
Start Timing Optimization
---------------------------------------------------------------------------------
---------------------------------------------------------------------------------
Finished Timing Optimization : Time (s): cpu = 00:00:22 ; elapsed = 00:00:22 . Memory (MB): peak = 800.348 ; gain = 510.949
---------------------------------------------------------------------------------

Report RTL Partitions: 
+-+--------------+------------+----------+
| |RTL Partition |Replication |Instances |
+-+--------------+------------+----------+
+-+--------------+------------+----------+
---------------------------------------------------------------------------------
Start Technology Mapping
---------------------------------------------------------------------------------
---------------------------------------------------------------------------------
Finished Technology Mapping : Time (s): cpu = 00:00:22 ; elapsed = 00:00:22 . Memory (MB): peak = 823.164 ; gain = 533.766
---------------------------------------------------------------------------------

Report RTL Partitions: 
+-+--------------+------------+----------+
| |RTL Partition |Replication |Instances |
+-+--------------+------------+----------+
+-+--------------+------------+----------+
---------------------------------------------------------------------------------
Start IO Insertion
---------------------------------------------------------------------------------
---------------------------------------------------------------------------------
Start Flattening Before IO Insertion
---------------------------------------------------------------------------------
---------------------------------------------------------------------------------
Finished Flattening Before IO Insertion
---------------------------------------------------------------------------------
---------------------------------------------------------------------------------
Start Final Netlist Cleanup
---------------------------------------------------------------------------------
---------------------------------------------------------------------------------
Finished Final Netlist Cleanup
---------------------------------------------------------------------------------
---------------------------------------------------------------------------------
Finished IO Insertion : Time (s): cpu = 00:00:22 ; elapsed = 00:00:23 . Memory (MB): peak = 823.164 ; gain = 533.766
---------------------------------------------------------------------------------

Report Check Netlist: 
+------+------------------+-------+---------+-------+------------------+
|      |Item              |Errors |Warnings |Status |Description       |
+------+------------------+-------+---------+-------+------------------+
|1     |multi_driven_nets |      0|        0|Passed |Multi driven nets |
+------+------------------+-------+---------+-------+------------------+
---------------------------------------------------------------------------------
Start Renaming Generated Instances
---------------------------------------------------------------------------------
---------------------------------------------------------------------------------
Finished Renaming Generated Instances : Time (s): cpu = 00:00:22 ; elapsed = 00:00:23 . Memory (MB): peak = 823.164 ; gain = 533.766
---------------------------------------------------------------------------------

Report RTL Partitions: 
+-+--------------+------------+----------+
| |RTL Partition |Replication |Instances |
+-+--------------+------------+----------+
+-+--------------+------------+----------+
---------------------------------------------------------------------------------
Start Rebuilding User Hierarchy
---------------------------------------------------------------------------------
---------------------------------------------------------------------------------
Finished Rebuilding User Hierarchy : Time (s): cpu = 00:00:22 ; elapsed = 00:00:23 . Memory (MB): peak = 823.164 ; gain = 533.766
---------------------------------------------------------------------------------
---------------------------------------------------------------------------------
Start Renaming Generated Ports
---------------------------------------------------------------------------------
---------------------------------------------------------------------------------
Finished Renaming Generated Ports : Time (s): cpu = 00:00:22 ; elapsed = 00:00:23 . Memory (MB): peak = 823.164 ; gain = 533.766
---------------------------------------------------------------------------------
---------------------------------------------------------------------------------
Start Handling Custom Attributes
---------------------------------------------------------------------------------
---------------------------------------------------------------------------------
Finished Handling Custom Attributes : Time (s): cpu = 00:00:22 ; elapsed = 00:00:23 . Memory (MB): peak = 823.164 ; gain = 533.766
---------------------------------------------------------------------------------
---------------------------------------------------------------------------------
Start Renaming Generated Nets
---------------------------------------------------------------------------------
---------------------------------------------------------------------------------
Finished Renaming Generated Nets : Time (s): cpu = 00:00:22 ; elapsed = 00:00:23 . Memory (MB): peak = 823.164 ; gain = 533.766
---------------------------------------------------------------------------------
---------------------------------------------------------------------------------
Start Writing Synthesis Report
---------------------------------------------------------------------------------

Report BlackBoxes: 
+-+--------------+----------+
| |BlackBox name |Instances |
+-+--------------+----------+
+-+--------------+----------+

Report Cell Usage: 
+------+-------+------+
|      |Cell   |Count |
+------+-------+------+
|1     |BUFG   |     2|
|2     |CARRY4 |    20|
|3     |LUT1   |     5|
|4     |LUT2   |    20|
|5     |LUT3   |    87|
|6     |LUT4   |    33|
|7     |LUT5   |    30|
|8     |LUT6   |    80|
|9     |MUXF7  |     3|
|10    |MUXF8  |     1|
|11    |FDCE   |   152|
|12    |FDPE   |    17|
|13    |IBUF   |     4|
|14    |IOBUF  |     1|
|15    |OBUF   |     5|
+------+-------+------+

Report Instance Areas: 
+------+------------------------+----------------+------+
|      |Instance                |Module          |Cells |
+------+------------------------+----------------+------+
|1     |top                     |                |   460|
|2     |  i2c_ctrl              |i2c_ctrl        |   128|
|3     |  i2c_rw_data           |i2c_rw_data     |   136|
|4     |    accross_clock_read  |accross_clock   |    25|
|5     |    accross_clock_write |accross_clock_1 |    24|
|6     |  read_key              |ax_debounce     |    92|
|7     |  write_key             |ax_debounce_0   |    92|
+------+------------------------+----------------+------+
---------------------------------------------------------------------------------
Finished Writing Synthesis Report : Time (s): cpu = 00:00:22 ; elapsed = 00:00:23 . Memory (MB): peak = 823.164 ; gain = 533.766
---------------------------------------------------------------------------------
Synthesis finished with 0 errors, 0 critical warnings and 20 warnings.
Synthesis Optimization Runtime : Time (s): cpu = 00:00:13 ; elapsed = 00:00:18 . Memory (MB): peak = 823.164 ; gain = 173.574
Synthesis Optimization Complete : Time (s): cpu = 00:00:22 ; elapsed = 00:00:23 . Memory (MB): peak = 823.164 ; gain = 533.766
INFO: [Project 1-571] Translating synthesized netlist
INFO: [Netlist 29-17] Analyzing 29 Unisim elements for replacement
INFO: [Netlist 29-28] Unisim Transformation completed in 1 CPU seconds
INFO: [Project 1-570] Preparing netlist for logic optimization
INFO: [Opt 31-138] Pushed 0 inverter(s) to 0 load pin(s).
INFO: [Project 1-111] Unisim Transformation Summary:
  A total of 1 instances were transformed.
  IOBUF => IOBUF (IBUF, OBUFT): 1 instances

INFO: [Common 17-83] Releasing license: Synthesis
47 Infos, 21 Warnings, 0 Critical Warnings and 0 Errors encountered.
synth_design completed successfully
synth_design: Time (s): cpu = 00:00:24 ; elapsed = 00:00:26 . Memory (MB): peak = 824.430 ; gain = 547.613
INFO: [Common 17-600] The following parameters have non-default value.
tcl.collectionResultDisplayLimit
INFO: [Common 17-1381] The checkpoint 'F:/FPGA/EEPROM/EEPROM.runs/synth_1/i2c_eerom_top.dcp' has been generated.
INFO: [runtcl-4] Executing : report_utilization -file i2c_eerom_top_utilization_synth.rpt -pb i2c_eerom_top_utilization_synth.pb
report_utilization: Time (s): cpu = 00:00:00 ; elapsed = 00:00:00.025 . Memory (MB): peak = 824.430 ; gain = 0.000
INFO: [Common 17-206] Exiting Vivado at Fri Nov 22 01:04:26 2024...
